# Blender 4.3.2
# www.blender.org
o Cube.006
v -1.095835 2.512452 -0.578946
v -1.095835 3.134127 -0.578946
v -1.095835 2.512452 -0.957560
v -1.095835 3.134127 -0.957560
v 1.999995 2.508915 -0.608275
v 1.999995 3.011111 -0.608275
v 2.082765 2.494293 -1.022236
v 2.011775 3.075016 -0.971359
v 1.398588 2.530081 -0.885403
v 0.869127 2.609488 -0.883888
v 0.070357 2.570668 -0.883888
v -0.459007 2.534870 -0.895495
v -0.476669 2.896440 -0.926218
v 0.025641 2.812046 -0.874839
v 0.851465 2.874750 -0.914611
v -1.095835 2.512452 -0.578946
v -0.463480 2.528750 -0.679608
v 0.065883 2.564547 -0.691215
v 0.864653 2.603368 -0.691215
v 1.394114 2.523961 -0.673963
v 1.380926 2.845702 -0.652048
v 0.851465 2.874750 -0.669300
v -1.095835 2.738784 -0.578946
v -0.476669 2.896440 -0.657693
v 0.111598 2.823555 -0.669300
v 0.052695 2.860633 -0.740280
v -0.186018 2.849998 -0.681737
v 0.052695 2.763601 -0.669300
v -1.095835 2.738784 -0.957560
v 2.082765 2.745330 -1.022236
v 0.052695 2.659008 -0.669300
v 1.380926 2.665157 -0.652048
v 0.851465 2.719391 -0.669300
v -0.476669 2.692915 -0.657693
v -0.476669 2.692915 -0.926218
v 0.052695 2.692919 -0.914611
v 0.851465 2.719391 -0.914611
v 1.380926 2.665157 -0.916126
v 1.999995 2.759953 -0.641402
v 1.999995 2.805239 -0.608275
v 1.655523 2.714810 -0.657570
v 1.999995 2.714666 -0.608275
v 1.380926 2.718630 -0.916126
v 1.324902 2.852680 -0.919045
v 1.380926 2.845702 -0.762497
v 1.433819 2.862983 -0.923695
v -1.095835 3.134127 -0.578946
v -1.095835 2.738784 -0.578946
vn -1.0000 -0.0000 -0.0000
vn 0.0525 0.9986 0.0079
vn -0.1145 0.5865 0.8018
vn 0.1262 -0.0000 0.9920
vn -0.0389 -0.9992 0.0082
vn 0.3584 0.9336 -0.0000
vn -0.0056 -0.0094 -0.9999
vn -0.9100 0.3196 -0.2643
vn 0.0219 -0.1649 0.9861
vn -0.5151 0.5061 0.6918
vn 0.0302 -0.9995 -0.0101
vn 0.0674 -0.9973 -0.0284
vn 0.0485 -0.9984 -0.0306
vn -0.1478 -0.9885 -0.0332
vn -0.0912 0.0056 0.9958
vn -0.0326 -0.0000 0.9995
vn -0.0484 0.9986 -0.0221
vn 0.1193 0.9912 -0.0565
vn 0.0506 -0.0000 -0.9987
vn 0.0709 0.1279 -0.9893
vn -0.0319 0.1402 -0.9896
vn -0.1362 0.0758 -0.9878
vn 0.1692 0.5819 0.7955
vn 0.0126 -0.2023 0.9792
vn -0.0340 -0.2478 -0.9682
vn 0.0104 -0.2544 -0.9670
vn 0.0285 -0.2106 -0.9772
vn 0.0725 -0.0762 -0.9945
vn -0.0539 -0.1731 0.9834
vn 0.9869 0.0984 0.1281
vn 0.1405 -0.0507 0.9888
vn -0.0564 -0.0623 0.9965
vn -0.1693 -0.0859 -0.9818
vn 0.0395 -0.5899 0.8065
vn 0.9803 0.0130 0.1970
vn -0.0000 -0.0000 1.0000
vn 0.0351 0.0527 0.9980
vn 0.8826 0.3623 -0.2997
vn -0.2994 0.9499 0.0896
vt 0.499970 0.000000
vt 0.625000 0.000000
vt 0.625000 0.250000
vt 0.499970 0.250000
vt 0.675000 0.645439
vt 0.678810 0.500000
vt 0.725000 0.500000
vt 0.725000 0.750000
vt 0.675000 0.750000
vt 0.477426 0.750000
vt 0.499970 0.727456
vt 0.499971 0.777817
vt 0.499971 0.950000
vt 0.625000 0.950000
vt 0.625000 1.000000
vt 0.499970 1.000000
vt 0.325000 0.500000
vt 0.375000 0.500000
vt 0.375000 0.750000
vt 0.325000 0.750000
vt 0.825000 0.500000
vt 0.875000 0.500000
vt 0.875000 0.750000
vt 0.825000 0.750000
vt 0.499970 0.400000
vt 0.625000 0.400000
vt 0.625000 0.446190
vt 0.537002 0.450000
vt 0.499971 0.450000
vt 0.671924 0.500000
vt 0.375000 0.900000
vt 0.474689 0.900000
vt 0.375000 0.950000
vt 0.596582 0.896313
vt 0.775000 0.677663
vt 0.552663 0.900000
vt 0.125000 0.500000
vt 0.175000 0.500000
vt 0.175000 0.750000
vt 0.125000 0.750000
vt 0.225000 0.500000
vt 0.225000 0.750000
vt 0.275000 0.500000
vt 0.275000 0.750000
vt 0.499971 0.800000
vt 0.375000 0.800000
vt 0.625000 0.800000
vt 0.625000 0.850000
vt 0.499970 0.850000
vt 0.775000 0.500000
vt 0.771355 0.750000
vt 0.797547 0.750000
vt 0.625000 0.300000
vt 0.499971 0.300000
vt 0.625000 0.350000
vt 0.499970 0.350000
vt 0.625000 0.453076
vt 0.625000 0.500000
vt 0.499970 0.500000
vt 0.375000 0.850000
vt 0.375000 0.400000
vt 0.375000 0.450000
vt 0.375000 0.350000
vt 0.375000 0.300000
vt 0.375000 0.250000
vt 0.625000 0.750000
vt 0.522514 0.750000
vt 0.499970 0.727456
vt 0.375000 1.000000
vt 0.522514 0.750000
vt 0.375000 0.000000
vt 0.477426 0.750000
vt 0.625000 0.922547
s 0
f 23/1/1 2/2/1 4/3/1 29/4/1
f 45/5/2 44/6/2 15/7/2 22/8/2 21/9/2
f 42/10/3 39/11/3 41/12/3
f 34/13/4 24/14/4 2/15/4 23/16/4
f 9/17/5 7/18/5 5/19/5 20/20/5
f 13/21/6 4/22/6 2/23/6 24/24/6
f 37/25/7 15/26/7 44/27/7 43/28/7 38/29/7
f 46/30/8 43/28/8 45/5/8
f 18/31/9 31/32/9 34/13/9 17/33/9
f 25/34/10 26/35/10 28/36/10
f 3/37/11 12/38/11 17/39/11 1/40/11
f 12/38/12 11/41/12 18/42/12 17/39/12
f 11/41/13 10/43/13 19/44/13 18/42/13
f 10/43/14 9/17/14 20/20/14 19/44/14
f 5/19/15 42/10/15 41/12/15 32/45/15 20/46/15
f 32/45/16 21/47/16 22/48/16 33/49/16
f 15/7/17 14/50/17 26/35/17 25/51/17 22/8/17
f 14/50/18 13/21/18 24/24/18 27/52/18 26/35/18
f 29/4/19 4/3/19 13/53/19 35/54/19
f 35/54/20 13/53/20 14/55/20 36/56/20
f 36/56/21 14/55/21 15/26/21 37/25/21
f 38/29/22 43/28/22 46/57/22 8/58/22 30/59/22
f 26/35/23 27/52/23 28/36/23
f 19/60/24 33/49/24 31/32/24 18/31/24
f 10/61/25 37/25/25 38/29/25 9/62/25
f 11/63/26 36/56/26 37/25/26 10/61/26
f 12/64/27 35/54/27 36/56/27 11/63/27
f 3/65/28 29/4/28 35/54/28 12/64/28
f 20/46/29 32/45/29 33/49/29 19/60/29
f 30/59/30 8/58/30 6/66/30 40/67/30 39/68/30
f 17/33/31 34/13/31 23/16/31 1/69/31
f 41/12/32 40/70/32 6/66/32 21/47/32 32/45/32
f 9/62/33 38/29/33 30/59/33 7/18/33
f 1/71/1 23/1/1 29/4/1 3/65/1
f 39/11/34 40/67/34 41/12/34
f 7/18/35 30/59/35 39/11/35 42/72/35 5/19/35
f 31/32/36 33/49/36 22/48/36 25/34/36 28/36/36
f 34/13/37 31/32/37 28/36/37 27/73/37 24/14/37
f 43/28/38 44/27/38 45/5/38
f 8/58/39 46/30/39 45/5/39 21/9/39 6/66/39
l 16 48
l 48 47
o Cube.004
v 1.717558 2.518834 -0.929170
v 1.717558 0.015566 -0.929170
v 1.717558 2.518834 -0.675208
v 1.717558 0.015566 -0.675208
v 1.463596 2.518834 -0.929170
v 1.463596 0.015566 -0.929170
v 1.463596 2.518834 -0.675208
v 1.463596 0.015566 -0.675208
v 1.701375 1.682665 -0.948567
v 1.733551 0.849757 -0.909954
v 1.701375 1.694426 -0.694878
v 1.479778 0.851735 -0.655811
v 1.447602 1.684643 -0.694424
v 1.479778 0.839975 -0.909501
v 1.729789 0.662537 -0.660721
v 1.673169 0.857815 -0.685832
v 1.730076 0.951488 -0.660436
v 1.723593 0.860830 -0.723498
v 1.590577 0.015566 -0.929170
v 1.574488 1.677774 -0.948340
v 1.606665 0.844866 -0.909728
v 1.574488 1.689535 -0.694651
v 1.595272 0.855366 -0.673740
v 1.592672 0.390271 -0.674553
v 1.621438 0.015566 -0.675208
v 1.590577 0.015566 -0.757181
v 1.546036 0.015566 -0.675208
v 1.620182 2.518834 -0.675208
v 1.585450 2.254554 -0.681404
v 1.560971 2.518834 -0.675208
v 1.590577 2.518834 -0.704813
v 1.451391 1.873317 -0.943625
v 1.461830 1.675912 -0.894617
v 1.453899 1.509890 -0.940557
v 1.493843 1.675662 -0.926677
v 1.640444 2.518834 -0.929170
v 1.636835 2.235770 -0.935622
v 1.696481 2.518834 -0.929170
v 1.659274 2.518834 -0.902701
vn 0.5669 0.2647 0.7801
vn 0.9995 0.0326 0.0006
vn -0.9998 0.0195 -0.0005
vn -0.0013 0.0233 -0.9997
vn 0.0014 -0.0233 0.9997
vn -0.0000 -1.0000 -0.0000
vn -0.0000 1.0000 -0.0000
vn -0.0000 -0.0463 -0.9989
vn -0.0177 -0.0336 -0.9993
vn -0.6930 -0.2080 -0.6903
vn -0.7051 0.0761 0.7051
vn 0.9999 -0.0130 0.0050
vn 0.9998 -0.0195 0.0005
vn -0.0551 0.0197 0.9983
vn 0.5348 -0.5080 0.6753
vn 0.8734 -0.1095 0.4746
vn 0.8148 0.0028 -0.5797
vn -0.9995 -0.0301 -0.0042
vn -0.9999 0.0105 -0.0069
vn -0.0446 0.0034 0.9990
vn 0.0014 -0.0237 0.9997
vn -0.0013 0.0237 -0.9997
vn 0.0733 0.0379 0.9966
vn -0.9334 -0.0723 0.3514
vn 0.0805 -0.0144 0.9967
vn 0.7063 0.0489 0.7063
vn -0.0020 0.0231 -0.9997
vn -0.6888 0.2237 -0.6896
vn -0.5740 0.1393 -0.8069
vn -0.0170 0.0126 -0.9998
vt 0.561268 0.250000
vt 0.541667 0.280242
vt 0.541667 0.161272
vt 0.458333 0.000000
vt 0.541667 0.000000
vt 0.532665 0.250000
vt 0.458333 0.250000
vt 0.541667 0.500000
vt 0.625000 0.500000
vt 0.625000 0.750000
vt 0.541667 0.750000
vt 0.541667 0.875000
vt 0.625000 0.875000
vt 0.625000 1.000000
vt 0.541667 1.000000
vt 0.375000 0.404143
vt 0.401557 0.375000
vt 0.458333 0.375000
vt 0.458333 0.500000
vt 0.375000 0.500000
vt 0.669306 0.500000
vt 0.750000 0.580694
vt 0.750000 0.750000
vt 0.250000 0.529143
vt 0.279143 0.500000
vt 0.375000 0.750000
vt 0.200910 0.750000
vt 0.182374 0.723944
vt 0.458333 0.875000
vt 0.458333 1.000000
vt 0.458333 0.774348
vt 0.474641 0.750000
vt 0.438589 0.750000
vt 0.458333 0.711273
vt 0.220857 0.500000
vt 0.625000 0.000000
vt 0.625000 0.250000
vt 0.541667 0.161272
vt 0.375000 0.000000
vt 0.375000 0.250000
vt 0.541667 0.368759
vt 0.587818 0.372215
vt 0.750000 0.580694
vt 0.403046 0.925867
vt 0.625000 0.294306
vt 0.375000 0.345857
vt 0.830694 0.500000
vt 0.875000 0.500000
vt 0.875000 0.750000
vt 0.625000 0.455694
vt 0.375000 0.979252
vt 0.375000 1.000000
vt 0.125000 0.500000
vt 0.145748 0.750000
vt 0.125000 0.750000
vt 0.375000 0.924090
s 0
f 63/74/40 66/76/40 64/75/40
f 57/77/41 59/80/41 65/79/41 66/76/41 58/78/41
f 60/81/42 62/84/42 54/83/42 56/82/42
f 69/85/43 58/88/43 50/87/43 67/86/43
f 78/89/44 55/93/44 61/92/44 70/91/44 77/90/44
f 56/82/45 54/83/45 67/96/45 74/95/45 75/94/45
f 79/97/46 87/101/46 84/100/46 53/99/46 55/93/46 78/98/46
f 68/102/47 57/103/47 58/88/47 69/85/47
f 83/104/48 68/102/48 69/85/48 62/84/48 82/105/48
f 80/106/49 83/104/49 81/107/49
f 76/108/50 79/97/50 77/90/50
f 58/78/51 66/111/51 63/74/51 52/110/51 50/109/51
f 49/112/52 51/113/52 59/80/52 57/77/52
f 59/80/53 70/91/53 71/114/53 64/75/53 65/79/53
f 64/75/54 66/76/54 65/79/54
f 75/94/55 74/116/55 72/115/55
f 84/100/56 87/101/56 85/117/56
f 61/92/57 81/107/57 82/105/57 62/84/57 60/81/57
f 55/93/58 53/99/58 80/106/58 81/107/58 61/92/58
f 64/75/59 71/114/59 72/115/59 73/118/59 52/110/59 63/74/59
f 51/113/60 76/119/60 77/90/60 70/91/60 59/80/60
f 62/84/61 69/85/61 67/86/61 54/83/61
f 74/116/45 67/96/45 50/122/45 52/121/45 73/120/45
f 70/91/62 61/92/62 60/81/62 71/114/62
f 72/115/63 74/116/63 73/118/63
f 71/114/64 60/81/64 56/82/64 75/123/64 72/115/64
f 77/90/65 79/97/65 78/89/65
f 86/124/66 49/125/66 57/103/66 68/102/66 85/117/66
f 81/107/67 83/104/67 82/105/67
f 51/126/46 49/128/46 86/127/46 87/101/46 79/97/46 76/108/46
f 85/117/68 87/101/68 86/124/68
f 53/99/69 84/129/69 85/117/69 68/102/69 83/104/69 80/106/69
o Cube.005
v -0.870486 0.011033 -0.640284
v -0.828367 2.520834 -0.675208
v -0.531789 0.011033 -0.640284
v -0.574405 2.520834 -0.675208
v -0.870486 0.011033 -0.978980
v -0.828367 2.520834 -0.929170
v -0.531789 0.011033 -0.978980
v -0.574405 2.520834 -0.929170
v -0.858210 0.980745 -0.686825
v -0.904239 1.626744 -0.660756
v -0.604521 0.968984 -0.686825
v -0.650096 1.624765 -0.914529
v -0.604067 0.978767 -0.940598
v -0.903786 1.636526 -0.914529
v -0.655006 1.813964 -0.664518
v -0.680116 1.618686 -0.721139
v -0.654721 1.525013 -0.664232
v -0.717783 1.615671 -0.670714
v -0.828367 2.520834 -0.802189
v -0.857983 0.985636 -0.813712
v -0.904012 1.631635 -0.787643
v -0.604294 0.973876 -0.813712
v -0.668024 1.621135 -0.799035
v -0.573750 2.146129 -0.800094
v -0.574405 2.520834 -0.771328
v -0.656377 2.520834 -0.802189
v -0.574405 2.520834 -0.846730
v -0.531789 0.011033 -0.770150
v -0.563112 0.313167 -0.811220
v -0.531789 0.011033 -0.849115
v -0.571272 0.011033 -0.809632
v -0.894059 0.769670 -0.938946
v -0.804261 0.987498 -0.926370
v -0.850201 1.153520 -0.934302
v -0.836320 0.987748 -0.894357
v -0.870486 0.011033 -0.743126
v -0.853742 0.334641 -0.752474
v -0.870486 0.011033 -0.668393
v -0.835186 0.011033 -0.718014
vn 0.7801 -0.2647 0.5669
vn 0.0010 -0.0327 0.9995
vn -0.0004 -0.0164 -0.9999
vn -0.9964 0.0847 0.0007
vn 0.9968 0.0736 0.0321
vn -0.0000 1.0000 -0.0000
vn -0.0000 -1.0000 -0.0000
vn -0.9975 -0.0709 -0.0045
vn -0.9904 -0.0891 -0.1057
vn -0.6694 0.3148 -0.6729
vn 0.7069 -0.0228 -0.7069
vn 0.0060 0.0100 0.9999
vn 0.0010 0.0483 0.9988
vn 0.9943 0.1064 -0.0055
vn 0.6753 0.5080 0.5348
vn 0.4746 0.1095 0.8734
vn -0.5788 0.0535 0.8137
vn -0.0056 0.0291 -0.9996
vn -0.0211 0.0474 -0.9987
vn 0.9728 -0.1149 0.2010
vn 0.9969 0.0741 -0.0281
vn -0.9964 0.0849 0.0007
vn 0.9936 0.0819 0.0773
vn 0.3514 0.0723 -0.9334
vn 0.9901 -0.1011 -0.0976
vn 0.7070 -0.0154 0.7070
vn -0.9977 0.0028 -0.0670
vn -0.6896 -0.2237 -0.6888
vn -0.8101 -0.1078 -0.5763
vn -0.9933 0.0150 0.1147
vt 0.561268 0.250000
vt 0.541667 0.280242
vt 0.541667 0.161272
vt 0.458333 0.000000
vt 0.541667 0.000000
vt 0.532665 0.250000
vt 0.458333 0.250000
vt 0.541667 0.500000
vt 0.625000 0.500000
vt 0.625000 0.750000
vt 0.541667 0.750000
vt 0.541667 0.875000
vt 0.625000 0.875000
vt 0.625000 1.000000
vt 0.541667 1.000000
vt 0.375000 0.404143
vt 0.401557 0.375000
vt 0.458333 0.375000
vt 0.458333 0.500000
vt 0.375000 0.500000
vt 0.669306 0.500000
vt 0.750000 0.580694
vt 0.750000 0.750000
vt 0.250000 0.529143
vt 0.279143 0.500000
vt 0.375000 0.750000
vt 0.200910 0.750000
vt 0.182374 0.723944
vt 0.458333 0.875000
vt 0.458333 1.000000
vt 0.458333 0.774348
vt 0.474641 0.750000
vt 0.438589 0.750000
vt 0.458333 0.711273
vt 0.220857 0.500000
vt 0.625000 0.000000
vt 0.625000 0.250000
vt 0.541667 0.161272
vt 0.375000 0.000000
vt 0.375000 0.250000
vt 0.541667 0.368759
vt 0.587818 0.372215
vt 0.750000 0.580694
vt 0.403046 0.925867
vt 0.625000 0.294306
vt 0.375000 0.345857
vt 0.830694 0.500000
vt 0.875000 0.500000
vt 0.875000 0.750000
vt 0.625000 0.455694
vt 0.375000 0.979252
vt 0.375000 1.000000
vt 0.125000 0.500000
vt 0.145748 0.750000
vt 0.125000 0.750000
vt 0.375000 0.924090
s 0
f 102/130/70 105/132/70 103/131/70
f 96/133/71 98/136/71 104/135/71 105/132/71 97/134/71
f 99/137/72 101/140/72 93/139/72 95/138/72
f 108/141/73 97/144/73 89/143/73 106/142/73
f 117/145/74 94/149/74 100/148/74 109/147/74 116/146/74
f 95/138/75 93/139/75 106/152/75 113/151/75 114/150/75
f 118/153/76 126/157/76 123/156/76 92/155/76 94/149/76 117/154/76
f 107/158/77 96/159/77 97/144/77 108/141/77
f 122/160/78 107/158/78 108/141/78 101/140/78 121/161/78
f 119/162/79 122/160/79 120/163/79
f 115/164/80 118/153/80 116/146/80
f 97/134/81 105/167/81 102/130/81 91/166/81 89/165/81
f 88/168/82 90/169/82 98/136/82 96/133/82
f 98/136/83 109/147/83 110/170/83 103/131/83 104/135/83
f 103/131/84 105/132/84 104/135/84
f 114/150/85 113/172/85 111/171/85
f 123/156/86 126/157/86 124/173/86
f 100/148/87 120/163/87 121/161/87 101/140/87 99/137/87
f 94/149/88 92/155/88 119/162/88 120/163/88 100/148/88
f 103/131/89 110/170/89 111/171/89 112/174/89 91/166/89 102/130/89
f 90/169/90 115/175/90 116/146/90 109/147/90 98/136/90
f 101/140/91 108/141/91 106/142/91 93/139/91
f 113/172/75 106/152/75 89/178/75 91/177/75 112/176/75
f 109/147/92 100/148/92 99/137/92 110/170/92
f 111/171/93 113/172/93 112/174/93
f 110/170/94 99/137/94 95/138/94 114/179/94 111/171/94
f 116/146/95 118/153/95 117/145/95
f 125/180/96 88/181/96 96/159/96 107/158/96 124/173/96
f 120/163/97 122/160/97 121/161/97
f 90/182/76 88/184/76 125/183/76 126/157/76 118/153/76 115/164/76
f 124/173/98 126/157/98 125/180/98
f 92/155/99 123/185/99 124/173/99 107/158/99 122/160/99 119/162/99
o Cube.007
v -0.873784 2.058310 -1.609547
v 1.750459 2.052449 -1.606213
v -0.873887 2.247385 -1.721131
v 1.750339 2.271154 -1.735293
v -0.866231 2.169281 -1.420531
v 1.759196 2.182070 -1.387560
v -0.866335 2.358357 -1.532115
v 1.759075 2.400774 -1.516640
v 0.328654 1.877803 -1.623760
v 0.893746 1.844013 -1.639718
v 0.313862 2.096842 -1.752263
v 0.899888 2.192567 -1.550326
v 0.334795 2.225553 -1.534368
v 0.914680 1.975522 -1.421823
v 0.962649 2.067401 -1.765214
v 0.885666 2.066982 -1.701344
v 0.766841 2.049916 -1.759756
v 0.880188 2.008379 -1.725501
v 1.754827 2.117261 -1.496887
v 0.339120 1.942183 -1.514813
v 0.904213 1.909760 -1.530771
v 0.324328 2.161184 -1.643315
v 0.891394 2.117563 -1.640515
v 1.287218 2.262643 -1.593351
v 1.753646 2.320214 -1.652536
v 1.754746 2.265373 -1.584302
v 1.756240 2.358699 -1.587618
v -0.870992 2.289936 -1.648657
v -0.531941 2.249270 -1.625621
v -0.869230 2.315809 -1.604589
v -0.870099 2.280831 -1.613615
v 0.074032 1.992620 -1.380605
v 0.345293 2.045560 -1.445192
v 0.552696 2.008827 -1.421201
v 0.344517 2.001689 -1.456469
v -0.871489 2.092006 -1.552154
v -0.515085 2.057343 -1.560414
v -0.873157 2.067520 -1.593861
v -0.872061 2.103484 -1.577798
v -0.873783 2.058309 0.052099
v 1.750459 2.052449 0.048765
v -0.873888 2.247385 0.163683
v 1.750339 2.271154 0.177844
v -0.866230 2.169281 -0.136918
v 1.759196 2.182070 -0.169888
v -0.866334 2.358357 -0.025334
v 1.759075 2.400774 -0.040809
v 0.328653 1.877802 0.066311
v 0.893746 1.844013 0.082270
v 0.313862 2.096843 0.194814
v 0.899888 2.192567 -0.007123
v 0.334795 2.225553 -0.023081
v 0.914680 1.975522 -0.135625
v 0.962650 2.067401 0.207765
v 0.885666 2.066982 0.143895
v 0.766840 2.049916 0.202307
v 0.880188 2.008380 0.168053
v 1.754828 2.117261 -0.060562
v 0.339120 1.942183 -0.042636
v 0.904213 1.909761 -0.026678
v 0.324328 2.161184 0.085867
v 0.891394 2.117563 0.083066
v 1.287218 2.262643 0.035902
v 1.753646 2.320215 0.095088
v 1.754746 2.265373 0.026854
v 1.756239 2.358699 0.030169
v -0.870991 2.289936 0.091209
v -0.531941 2.249270 0.068172
v -0.869230 2.315809 0.047140
v -0.870098 2.280831 0.056167
v 0.074033 1.992620 -0.176844
v 0.345293 2.045559 -0.112257
v 0.552695 2.008827 -0.136248
v 0.344518 2.001689 -0.100980
v -0.871490 2.092006 -0.005294
v -0.515084 2.057343 0.002966
v -0.873156 2.067520 0.036412
v -0.872060 2.103484 0.020350
vn -0.5987 0.3525 -0.7193
vn -0.0485 -0.5146 -0.8561
vn -0.1554 0.4987 0.8527
vn 0.1872 -0.8486 0.4948
vn 0.0879 0.8219 -0.5629
vn 0.9994 -0.0171 -0.0298
vn -0.9994 0.0171 0.0299
vn -0.0356 -0.8565 0.5149
vn -0.0536 -0.7978 0.6006
vn 0.2695 -0.2442 0.9315
vn 0.0987 0.9637 0.2479
vn 0.1514 -0.5101 -0.8467
vn -0.0866 -0.5075 -0.8573
vn 0.0810 0.8387 -0.5385
vn 0.3800 0.3219 -0.8671
vn 0.0195 -0.0358 -0.9992
vn -0.0978 -0.9092 -0.4048
vn 0.0397 0.4974 0.8666
vn 0.0638 0.5004 0.8634
vn -0.2061 0.8205 -0.5333
vn 0.0977 0.8854 -0.4545
vn 0.1874 -0.8485 0.4949
vn 0.0485 0.8161 -0.5758
vn -0.0167 0.7792 0.6265
vn -0.1966 0.8495 -0.4896
vn -0.0110 0.2501 -0.9682
vn -0.1210 -0.7910 0.5997
vn -0.1539 -0.2434 0.9576
vn -0.0965 -0.4034 0.9099
vn -0.1298 -0.9506 0.2821
vn -0.5987 0.3525 0.7193
vn -0.0485 -0.5146 0.8561
vn -0.1554 0.4987 -0.8527
vn 0.1872 -0.8486 -0.4948
vn 0.0879 0.8219 0.5629
vn 0.9994 -0.0171 0.0298
vn -0.9994 0.0171 -0.0299
vn -0.0356 -0.8565 -0.5149
vn -0.0536 -0.7978 -0.6006
vn 0.2695 -0.2442 -0.9315
vn 0.0987 0.9637 -0.2479
vn 0.1514 -0.5101 0.8467
vn -0.0866 -0.5075 0.8573
vn 0.0810 0.8388 0.5385
vn 0.3800 0.3219 0.8671
vn 0.0195 -0.0358 0.9992
vn -0.0978 -0.9092 0.4048
vn 0.0397 0.4974 -0.8666
vn 0.0638 0.5004 -0.8634
vn -0.2061 0.8205 0.5333
vn 0.0977 0.8854 0.4545
vn 0.1874 -0.8485 -0.4949
vn 0.0485 0.8161 0.5758
vn -0.0167 0.7792 -0.6265
vn -0.1966 0.8495 0.4896
vn -0.0110 0.2501 0.9682
vn -0.1210 -0.7910 -0.5997
vn -0.1539 -0.2434 -0.9576
vn -0.0965 -0.4034 -0.9099
vn -0.1298 -0.9506 -0.2821
vt 0.561268 0.250000
vt 0.541667 0.280242
vt 0.541667 0.161272
vt 0.458333 0.000000
vt 0.541667 0.000000
vt 0.532665 0.250000
vt 0.458333 0.250000
vt 0.541667 0.500000
vt 0.625000 0.500000
vt 0.625000 0.750000
vt 0.541667 0.750000
vt 0.541667 0.875000
vt 0.625000 0.875000
vt 0.625000 1.000000
vt 0.541667 1.000000
vt 0.375000 0.404143
vt 0.401557 0.375000
vt 0.458333 0.375000
vt 0.458333 0.500000
vt 0.375000 0.500000
vt 0.669306 0.500000
vt 0.750000 0.580694
vt 0.750000 0.750000
vt 0.250000 0.529143
vt 0.279143 0.500000
vt 0.375000 0.750000
vt 0.200910 0.750000
vt 0.182374 0.723944
vt 0.458333 0.875000
vt 0.458333 1.000000
vt 0.458333 0.774348
vt 0.474641 0.750000
vt 0.438589 0.750000
vt 0.458333 0.711273
vt 0.220857 0.500000
vt 0.625000 0.000000
vt 0.625000 0.250000
vt 0.541667 0.161272
vt 0.375000 0.000000
vt 0.375000 0.250000
vt 0.541667 0.368759
vt 0.587818 0.372215
vt 0.750000 0.580694
vt 0.403046 0.925867
vt 0.625000 0.294306
vt 0.375000 0.345857
vt 0.830694 0.500000
vt 0.875000 0.500000
vt 0.875000 0.750000
vt 0.625000 0.455694
vt 0.375000 0.979252
vt 0.375000 1.000000
vt 0.125000 0.500000
vt 0.145748 0.750000
vt 0.125000 0.750000
vt 0.375000 0.924090
s 0
f 141/186/100 144/188/100 142/187/100
f 135/189/101 137/192/101 143/191/101 144/188/101 136/190/101
f 138/193/102 140/196/102 132/195/102 134/194/102
f 147/197/103 136/200/103 128/199/103 145/198/103
f 156/201/104 133/205/104 139/204/104 148/203/104 155/202/104
f 134/194/105 132/195/105 145/208/105 152/207/105 153/206/105
f 157/209/106 165/213/106 162/212/106 131/211/106 133/205/106 156/210/106
f 146/214/107 135/215/107 136/200/107 147/197/107
f 161/216/108 146/214/108 147/197/108 140/196/108 160/217/108
f 158/218/109 161/216/109 159/219/109
f 154/220/110 157/209/110 155/202/110
f 136/190/111 144/223/111 141/186/111 130/222/111 128/221/111
f 127/224/112 129/225/112 137/192/112 135/189/112
f 137/192/113 148/203/113 149/226/113 142/187/113 143/191/113
f 142/187/114 144/188/114 143/191/114
f 153/206/115 152/228/115 150/227/115
f 162/212/116 165/213/116 163/229/116
f 139/204/117 159/219/117 160/217/117 140/196/117 138/193/117
f 133/205/118 131/211/118 158/218/118 159/219/118 139/204/118
f 142/187/119 149/226/119 150/227/119 151/230/119 130/222/119 141/186/119
f 129/225/120 154/231/120 155/202/120 148/203/120 137/192/120
f 140/196/121 147/197/121 145/198/121 132/195/121
f 152/228/105 145/208/105 128/234/105 130/233/105 151/232/105
f 148/203/122 139/204/122 138/193/122 149/226/122
f 150/227/123 152/228/123 151/230/123
f 149/226/124 138/193/124 134/194/124 153/235/124 150/227/124
f 155/202/125 157/209/125 156/201/125
f 164/236/126 127/237/126 135/215/126 146/214/126 163/229/126
f 159/219/127 161/216/127 160/217/127
f 129/238/106 127/240/106 164/239/106 165/213/106 157/209/106 154/220/106
f 163/229/128 165/213/128 164/236/128
f 131/211/129 162/241/129 163/229/129 146/214/129 161/216/129 158/218/129
f 180/186/130 181/187/130 183/188/130
f 174/189/131 175/190/131 183/188/131 182/191/131 176/192/131
f 177/193/132 173/194/132 171/195/132 179/196/132
f 186/197/133 184/198/133 167/199/133 175/200/133
f 195/201/134 194/202/134 187/203/134 178/204/134 172/205/134
f 173/194/135 192/206/135 191/207/135 184/208/135 171/195/135
f 196/209/136 195/210/136 172/205/136 170/211/136 201/212/136 204/213/136
f 185/214/137 186/197/137 175/200/137 174/215/137
f 200/216/138 199/217/138 179/196/138 186/197/138 185/214/138
f 197/218/139 198/219/139 200/216/139
f 193/220/140 194/202/140 196/209/140
f 175/190/141 167/221/141 169/222/141 180/186/141 183/223/141
f 166/224/142 174/189/142 176/192/142 168/225/142
f 176/192/143 182/191/143 181/187/143 188/226/143 187/203/143
f 181/187/144 182/191/144 183/188/144
f 192/206/145 189/227/145 191/228/145
f 201/212/146 202/229/146 204/213/146
f 178/204/147 177/193/147 179/196/147 199/217/147 198/219/147
f 172/205/148 178/204/148 198/219/148 197/218/148 170/211/148
f 181/187/149 180/186/149 169/222/149 190/230/149 189/227/149 188/226/149
f 168/225/150 176/192/150 187/203/150 194/202/150 193/231/150
f 179/196/151 171/195/151 184/198/151 186/197/151
f 191/228/135 190/232/135 169/233/135 167/234/135 184/208/135
f 187/203/152 188/226/152 177/193/152 178/204/152
f 189/227/153 190/230/153 191/228/153
f 188/226/154 189/227/154 192/235/154 173/194/154 177/193/154
f 194/202/155 195/201/155 196/209/155
f 203/236/156 202/229/156 185/214/156 174/215/156 166/237/156
f 198/219/157 199/217/157 200/216/157
f 168/238/136 193/220/136 196/209/136 204/213/136 203/239/136 166/240/136
f 202/229/158 203/236/158 204/213/158
f 170/211/159 197/218/159 200/216/159 185/214/159 202/229/159 201/241/159
o Cube.008
v -0.557005 2.718559 -0.744013
v -0.660816 2.186439 -1.654882
v -0.667647 2.660730 -0.691534
v -0.788805 2.117909 -1.594175
v -0.644173 2.824063 -0.799961
v -0.761651 2.307248 -1.719603
v -0.754815 2.765167 -0.747482
v -0.889641 2.236983 -1.658895
v -0.566766 2.543130 -1.026920
v -0.615545 2.349389 -1.249745
v -0.694197 2.480103 -0.959935
v -0.844315 2.401822 -1.252599
v -0.795536 2.596910 -1.029774
v -0.716883 2.467155 -1.319584
v -0.744620 2.265612 -1.220908
v -0.752183 2.321036 -1.207212
v -0.739037 2.319416 -1.136123
v -0.713071 2.308319 -1.201740
v -0.711234 2.246998 -1.687242
v -0.617435 2.602413 -1.061840
v -0.666214 2.408417 -1.284664
v -0.744867 2.538671 -0.994855
v -0.789293 2.353718 -1.225494
v -0.815819 2.273036 -1.414411
v -0.826970 2.163152 -1.618670
v -0.797911 2.200266 -1.646129
v -0.856908 2.198495 -1.637886
v -0.701069 2.700882 -0.712986
v -0.712903 2.665508 -0.802468
v -0.721392 2.725233 -0.726030
v -0.698333 2.719936 -0.725626
v -0.641255 2.746211 -0.985912
v -0.689308 2.641399 -1.078712
v -0.675242 2.600364 -1.181247
v -0.660449 2.634581 -1.078352
v -0.583473 2.750673 -0.761001
v -0.598497 2.693769 -0.847196
v -0.564239 2.727343 -0.748656
v -0.588541 2.736845 -0.751384
v 1.498578 2.733047 -0.744013
v 1.602389 2.199349 -1.654882
v 1.609219 2.673527 -0.691533
v 1.730378 2.128484 -1.594175
v 1.585746 2.837245 -0.799961
v 1.703224 2.318354 -1.719602
v 1.696387 2.776404 -0.747482
v 1.831213 2.245412 -1.658895
v 1.508339 2.557483 -1.026920
v 1.557118 2.363022 -1.249745
v 1.635770 2.492447 -0.959935
v 1.785888 2.411249 -1.252599
v 1.737109 2.607349 -1.029774
v 1.658457 2.479096 -1.319584
v 1.686193 2.277041 -1.220908
v 1.693756 2.332324 -1.207212
v 1.680609 2.330951 -1.136123
v 1.654644 2.320328 -1.201740
v 1.652806 2.259040 -1.687242
v 1.559008 2.616017 -1.061840
v 1.607787 2.421238 -1.284664
v 1.686439 2.550097 -0.994855
v 1.730866 2.364283 -1.225494
v 1.757392 2.283062 -1.414412
v 1.768543 2.172945 -1.618670
v 1.739484 2.210658 -1.646130
v 1.798481 2.207650 -1.637885
v 1.642642 2.713105 -0.712986
v 1.654476 2.677521 -0.802468
v 1.662965 2.737092 -0.726029
v 1.639905 2.732207 -0.725625
v 1.582828 2.759441 -0.985911
v 1.630881 2.653827 -1.078712
v 1.616815 2.613033 -1.181247
v 1.602022 2.647499 -1.078351
v 1.525046 2.764786 -0.761002
v 1.540070 2.707661 -0.847196
v 1.505812 2.741730 -0.748656
v 1.530114 2.750885 -0.751383
v -0.557005 2.718559 -0.813435
v -0.660816 2.186439 0.097434
v -0.667647 2.660730 -0.865915
v -0.788806 2.117909 0.036726
v -0.644173 2.824063 -0.757487
v -0.761651 2.307248 0.162154
v -0.754815 2.765167 -0.809967
v -0.889641 2.236983 0.101446
v -0.566766 2.543130 -0.530528
v -0.615545 2.349388 -0.307704
v -0.694198 2.480103 -0.597513
v -0.844315 2.401822 -0.304849
v -0.795536 2.596910 -0.527674
v -0.716884 2.467155 -0.237864
v -0.744620 2.265612 -0.336540
v -0.752183 2.321036 -0.350236
v -0.739037 2.319416 -0.421325
v -0.713071 2.308319 -0.355708
v -0.711234 2.246998 0.129794
v -0.617436 2.602412 -0.495609
v -0.666214 2.408417 -0.272784
v -0.744867 2.538671 -0.562594
v -0.789293 2.353718 -0.331954
v -0.815819 2.273036 -0.143037
v -0.826970 2.163151 0.061222
v -0.797911 2.200266 0.088681
v -0.856908 2.198495 0.080437
v -0.701069 2.700882 -0.844462
v -0.712903 2.665508 -0.754980
v -0.721392 2.725233 -0.831419
v -0.698333 2.719936 -0.831823
v -0.641255 2.746210 -0.571537
v -0.689308 2.641399 -0.478737
v -0.675242 2.600364 -0.376201
v -0.660449 2.634581 -0.479097
v -0.583473 2.750673 -0.796447
v -0.598497 2.693769 -0.710252
v -0.564240 2.727342 -0.808792
v -0.588542 2.736845 -0.806065
v 1.498578 2.733047 -0.813435
v 1.602389 2.199350 0.097434
v 1.609219 2.673527 -0.865915
v 1.730378 2.128483 0.036726
v 1.585746 2.837246 -0.757487
v 1.703224 2.318354 0.162154
v 1.696387 2.776404 -0.809967
v 1.831214 2.245412 0.101447
v 1.508339 2.557483 -0.530528
v 1.557117 2.363022 -0.307703
v 1.635770 2.492446 -0.597513
v 1.785888 2.411248 -0.304849
v 1.737109 2.607349 -0.527674
v 1.658456 2.479096 -0.237864
v 1.686193 2.277041 -0.336540
v 1.693756 2.332324 -0.350236
v 1.680610 2.330950 -0.421325
v 1.654645 2.320328 -0.355709
v 1.652807 2.259040 0.129794
v 1.559008 2.616018 -0.495609
v 1.607787 2.421238 -0.272784
v 1.686440 2.550096 -0.562594
v 1.730866 2.364283 -0.331954
v 1.757392 2.283062 -0.143037
v 1.768543 2.172945 0.061222
v 1.739484 2.210658 0.088682
v 1.798481 2.207650 0.080438
v 1.642642 2.713106 -0.844463
v 1.654476 2.677520 -0.754980
v 1.662965 2.737092 -0.831419
v 1.639906 2.732208 -0.831823
v 1.582828 2.759441 -0.571537
v 1.630880 2.653828 -0.478737
v 1.616815 2.613034 -0.376200
v 1.602021 2.647499 -0.479097
v 1.525046 2.764787 -0.796447
v 1.540070 2.707661 -0.710252
v 1.505812 2.741730 -0.808792
v 1.530115 2.750885 -0.806065
vn -0.2168 -0.2620 0.9404
vn 0.5756 -0.6813 0.4523
vn -0.5505 0.7939 -0.2582
vn 0.8051 0.5138 -0.2963
vn -0.7619 -0.4989 0.4130
vn -0.1023 -0.5395 -0.8357
vn 0.1115 0.5385 0.8352
vn 0.7817 0.3756 -0.4979
vn 0.8160 0.3481 -0.4614
vn 0.1547 0.6142 -0.7738
vn -0.9819 0.1800 0.0587
vn 0.5572 -0.7874 0.2637
vn 0.5694 -0.7072 0.4192
vn -0.8360 -0.3406 0.4302
vn -0.3136 -0.9489 0.0364
vn 0.0710 -0.9501 0.3039
vn 0.9475 -0.3167 0.0439
vn -0.5776 0.6825 -0.4479
vn -0.5780 0.7281 -0.3686
vn -0.8292 -0.4634 0.3127
vn -0.8327 -0.4141 0.3675
vn 0.8040 0.5155 -0.2963
vn -0.1069 -0.5381 -0.8360
vn -0.7390 -0.4338 0.5155
vn -0.8405 0.4950 -0.2204
vn -0.7583 -0.5642 0.3264
vn -0.1904 -0.7837 0.5912
vn 0.7423 0.5695 -0.3531
vn 0.2205 0.9156 -0.3362
vn 0.1137 0.5382 0.8351
vn 0.3715 0.8317 -0.4125
vn 0.8914 0.3577 -0.2782
vn 0.2121 -0.2622 0.9414
vn -0.5830 -0.6770 0.4493
vn 0.5616 0.7868 -0.2559
vn -0.8021 0.5174 -0.2984
vn 0.7579 -0.5026 0.4160
vn 0.0914 -0.5402 -0.8366
vn -0.1025 0.5390 0.8360
vn -0.7794 0.3773 -0.5002
vn -0.8141 0.3498 -0.4636
vn -0.1446 0.6152 -0.7750
vn 0.9820 0.1794 0.0585
vn -0.5666 -0.7813 0.2617
vn -0.5767 -0.7027 0.4166
vn 0.8341 -0.3424 0.4325
vn 0.2977 -0.9540 0.0366
vn -0.0908 -0.9485 0.3034
vn -0.9480 -0.3153 0.0438
vn 0.5862 0.6773 -0.4446
vn 0.5866 0.7226 -0.3658
vn 0.8262 -0.4669 0.3151
vn 0.8305 -0.4166 0.3698
vn -0.8007 0.5194 -0.2986
vn 0.0970 -0.5386 -0.8370
vn 0.7350 -0.4366 0.5188
vn 0.8434 0.4908 -0.2185
vn 0.7532 -0.5694 0.3294
vn 0.1768 -0.7858 0.5927
vn -0.7385 0.5730 -0.3553
vn -0.2057 0.9187 -0.3373
vn -0.1053 0.5387 0.8359
vn -0.3612 0.8354 -0.4144
vn -0.8903 0.3595 -0.2796
vn -0.2168 -0.2620 -0.9404
vn 0.5756 -0.6813 -0.4523
vn -0.5505 0.7939 0.2582
vn 0.8051 0.5138 0.2963
vn -0.7619 -0.4989 -0.4130
vn -0.1023 -0.5395 0.8357
vn 0.1115 0.5385 -0.8352
vn 0.7817 0.3756 0.4979
vn 0.8160 0.3481 0.4614
vn 0.1547 0.6142 0.7738
vn -0.9819 0.1800 -0.0587
vn 0.5572 -0.7874 -0.2637
vn 0.5694 -0.7072 -0.4192
vn -0.8360 -0.3406 -0.4302
vn -0.3136 -0.9489 -0.0364
vn 0.0710 -0.9501 -0.3038
vn 0.9475 -0.3167 -0.0440
vn -0.5776 0.6825 0.4479
vn -0.5780 0.7281 0.3686
vn -0.8292 -0.4634 -0.3127
vn -0.8327 -0.4141 -0.3675
vn 0.8040 0.5155 0.2963
vn -0.1069 -0.5381 0.8360
vn -0.7390 -0.4338 -0.5155
vn -0.8405 0.4950 0.2204
vn -0.7583 -0.5642 -0.3264
vn -0.1904 -0.7837 -0.5912
vn 0.7423 0.5695 0.3531
vn 0.2205 0.9156 0.3362
vn 0.1137 0.5382 -0.8351
vn 0.3715 0.8317 0.4125
vn 0.8914 0.3577 0.2782
vn 0.2122 -0.2622 -0.9414
vn -0.5830 -0.6769 -0.4493
vn 0.5616 0.7868 0.2559
vn -0.8021 0.5174 0.2984
vn 0.7579 -0.5025 -0.4160
vn 0.0914 -0.5402 0.8366
vn -0.1025 0.5390 -0.8360
vn -0.7794 0.3773 0.5002
vn -0.8141 0.3498 0.4636
vn -0.1446 0.6152 0.7750
vn 0.9820 0.1794 -0.0585
vn -0.5666 -0.7813 -0.2617
vn -0.5767 -0.7027 -0.4166
vn 0.8341 -0.3424 -0.4325
vn 0.2977 -0.9540 -0.0366
vn -0.0907 -0.9485 -0.3034
vn -0.9480 -0.3154 -0.0438
vn 0.5862 0.6773 0.4446
vn 0.5866 0.7226 0.3658
vn 0.8262 -0.4669 -0.3151
vn 0.8305 -0.4166 -0.3698
vn -0.8007 0.5194 0.2986
vn 0.0970 -0.5386 0.8370
vn 0.7350 -0.4366 -0.5188
vn 0.8434 0.4908 0.2185
vn 0.7531 -0.5694 -0.3294
vn 0.1768 -0.7858 -0.5927
vn -0.7385 0.5730 0.3553
vn -0.2057 0.9187 0.3373
vn -0.1053 0.5387 -0.8359
vn -0.3612 0.8354 0.4144
vn -0.8903 0.3595 0.2796
vt 0.561268 0.250000
vt 0.541667 0.280242
vt 0.541667 0.161272
vt 0.458333 0.000000
vt 0.541667 0.000000
vt 0.532665 0.250000
vt 0.458333 0.250000
vt 0.541667 0.500000
vt 0.625000 0.500000
vt 0.625000 0.750000
vt 0.541667 0.750000
vt 0.541667 0.875000
vt 0.625000 0.875000
vt 0.625000 1.000000
vt 0.541667 1.000000
vt 0.375000 0.404143
vt 0.401557 0.375000
vt 0.458333 0.375000
vt 0.458333 0.500000
vt 0.375000 0.500000
vt 0.669306 0.500000
vt 0.750000 0.580694
vt 0.750000 0.750000
vt 0.250000 0.529143
vt 0.279143 0.500000
vt 0.375000 0.750000
vt 0.200910 0.750000
vt 0.182374 0.723944
vt 0.458333 0.875000
vt 0.458333 1.000000
vt 0.458333 0.774348
vt 0.474641 0.750000
vt 0.438589 0.750000
vt 0.458333 0.711273
vt 0.220857 0.500000
vt 0.625000 0.000000
vt 0.625000 0.250000
vt 0.541667 0.161272
vt 0.375000 0.000000
vt 0.375000 0.250000
vt 0.541667 0.368759
vt 0.587818 0.372215
vt 0.750000 0.580694
vt 0.403046 0.925867
vt 0.625000 0.294306
vt 0.375000 0.345857
vt 0.830694 0.500000
vt 0.875000 0.500000
vt 0.875000 0.750000
vt 0.625000 0.455694
vt 0.375000 0.979252
vt 0.375000 1.000000
vt 0.125000 0.500000
vt 0.145748 0.750000
vt 0.125000 0.750000
vt 0.375000 0.924090
s 0
f 219/242/160 222/244/160 220/243/160
f 213/245/161 215/248/161 221/247/161 222/244/161 214/246/161
f 216/249/162 218/252/162 210/251/162 212/250/162
f 225/253/163 214/256/163 206/255/163 223/254/163
f 234/257/164 211/261/164 217/260/164 226/259/164 233/258/164
f 212/250/165 210/251/165 223/264/165 230/263/165 231/262/165
f 235/265/166 243/269/166 240/268/166 209/267/166 211/261/166 234/266/166
f 224/270/167 213/271/167 214/256/167 225/253/167
f 239/272/168 224/270/168 225/253/168 218/252/168 238/273/168
f 236/274/169 239/272/169 237/275/169
f 232/276/170 235/265/170 233/258/170
f 214/246/171 222/279/171 219/242/171 208/278/171 206/277/171
f 205/280/172 207/281/172 215/248/172 213/245/172
f 215/248/173 226/259/173 227/282/173 220/243/173 221/247/173
f 220/243/174 222/244/174 221/247/174
f 231/262/175 230/284/175 228/283/175
f 240/268/176 243/269/176 241/285/176
f 217/260/177 237/275/177 238/273/177 218/252/177 216/249/177
f 211/261/178 209/267/178 236/274/178 237/275/178 217/260/178
f 220/243/179 227/282/179 228/283/179 229/286/179 208/278/179 219/242/179
f 207/281/180 232/287/180 233/258/180 226/259/180 215/248/180
f 218/252/181 225/253/181 223/254/181 210/251/181
f 230/284/182 223/264/182 206/290/182 208/289/182 229/288/182
f 226/259/183 217/260/183 216/249/183 227/282/183
f 228/283/184 230/284/184 229/286/184
f 227/282/185 216/249/185 212/250/185 231/291/185 228/283/185
f 233/258/186 235/265/186 234/257/186
f 242/292/187 205/293/187 213/271/187 224/270/187 241/285/187
f 237/275/188 239/272/188 238/273/188
f 207/294/189 205/296/189 242/295/189 243/269/189 235/265/189 232/276/189
f 241/285/190 243/269/190 242/292/190
f 209/267/191 240/297/191 241/285/191 224/270/191 239/272/191 236/274/191
f 258/242/192 259/243/192 261/244/192
f 252/245/193 253/246/193 261/244/193 260/247/193 254/248/193
f 255/249/194 251/250/194 249/251/194 257/252/194
f 264/253/195 262/254/195 245/255/195 253/256/195
f 273/257/196 272/258/196 265/259/196 256/260/196 250/261/196
f 251/250/197 270/262/197 269/263/197 262/264/197 249/251/197
f 274/265/198 273/266/198 250/261/198 248/267/198 279/268/198 282/269/198
f 263/270/199 264/253/199 253/256/199 252/271/199
f 278/272/200 277/273/200 257/252/200 264/253/200 263/270/200
f 275/274/201 276/275/201 278/272/201
f 271/276/202 272/258/202 274/265/202
f 253/246/203 245/277/203 247/278/203 258/242/203 261/279/203
f 244/280/204 252/245/204 254/248/204 246/281/204
f 254/248/205 260/247/205 259/243/205 266/282/205 265/259/205
f 259/243/206 260/247/206 261/244/206
f 270/262/207 267/283/207 269/284/207
f 279/268/208 280/285/208 282/269/208
f 256/260/209 255/249/209 257/252/209 277/273/209 276/275/209
f 250/261/210 256/260/210 276/275/210 275/274/210 248/267/210
f 259/243/211 258/242/211 247/278/211 268/286/211 267/283/211 266/282/211
f 246/281/212 254/248/212 265/259/212 272/258/212 271/287/212
f 257/252/213 249/251/213 262/254/213 264/253/213
f 269/284/214 268/288/214 247/289/214 245/290/214 262/264/214
f 265/259/215 266/282/215 255/249/215 256/260/215
f 267/283/216 268/286/216 269/284/216
f 266/282/217 267/283/217 270/291/217 251/250/217 255/249/217
f 272/258/218 273/257/218 274/265/218
f 281/292/219 280/285/219 263/270/219 252/271/219 244/293/219
f 276/275/220 277/273/220 278/272/220
f 246/294/221 271/276/221 274/265/221 282/269/221 281/295/221 244/296/221
f 280/285/222 281/292/222 282/269/222
f 248/267/223 275/274/223 278/272/223 263/270/223 280/285/223 279/297/223
f 297/242/224 298/243/224 300/244/224
f 291/245/225 292/246/225 300/244/225 299/247/225 293/248/225
f 294/249/226 290/250/226 288/251/226 296/252/226
f 303/253/227 301/254/227 284/255/227 292/256/227
f 312/257/228 311/258/228 304/259/228 295/260/228 289/261/228
f 290/250/229 309/262/229 308/263/229 301/264/229 288/251/229
f 313/265/230 312/266/230 289/261/230 287/267/230 318/268/230 321/269/230
f 302/270/231 303/253/231 292/256/231 291/271/231
f 317/272/232 316/273/232 296/252/232 303/253/232 302/270/232
f 314/274/233 315/275/233 317/272/233
f 310/276/234 311/258/234 313/265/234
f 292/246/235 284/277/235 286/278/235 297/242/235 300/279/235
f 283/280/236 291/245/236 293/248/236 285/281/236
f 293/248/237 299/247/237 298/243/237 305/282/237 304/259/237
f 298/243/238 299/247/238 300/244/238
f 309/262/239 306/283/239 308/284/239
f 318/268/240 319/285/240 321/269/240
f 295/260/241 294/249/241 296/252/241 316/273/241 315/275/241
f 289/261/242 295/260/242 315/275/242 314/274/242 287/267/242
f 298/243/243 297/242/243 286/278/243 307/286/243 306/283/243 305/282/243
f 285/281/244 293/248/244 304/259/244 311/258/244 310/287/244
f 296/252/245 288/251/245 301/254/245 303/253/245
f 308/284/246 307/288/246 286/289/246 284/290/246 301/264/246
f 304/259/247 305/282/247 294/249/247 295/260/247
f 306/283/248 307/286/248 308/284/248
f 305/282/249 306/283/249 309/291/249 290/250/249 294/249/249
f 311/258/250 312/257/250 313/265/250
f 320/292/251 319/285/251 302/270/251 291/271/251 283/293/251
f 315/275/252 316/273/252 317/272/252
f 285/294/253 310/276/253 313/265/253 321/269/253 320/295/253 283/296/253
f 319/285/254 320/292/254 321/269/254
f 287/267/255 314/274/255 317/272/255 302/270/255 319/285/255 318/297/255
f 336/242/256 339/244/256 337/243/256
f 330/245/257 332/248/257 338/247/257 339/244/257 331/246/257
f 333/249/258 335/252/258 327/251/258 329/250/258
f 342/253/259 331/256/259 323/255/259 340/254/259
f 351/257/260 328/261/260 334/260/260 343/259/260 350/258/260
f 329/250/261 327/251/261 340/264/261 347/263/261 348/262/261
f 352/265/262 360/269/262 357/268/262 326/267/262 328/261/262 351/266/262
f 341/270/263 330/271/263 331/256/263 342/253/263
f 356/272/264 341/270/264 342/253/264 335/252/264 355/273/264
f 353/274/265 356/272/265 354/275/265
f 349/276/266 352/265/266 350/258/266
f 331/246/267 339/279/267 336/242/267 325/278/267 323/277/267
f 322/280/268 324/281/268 332/248/268 330/245/268
f 332/248/269 343/259/269 344/282/269 337/243/269 338/247/269
f 337/243/270 339/244/270 338/247/270
f 348/262/271 347/284/271 345/283/271
f 357/268/272 360/269/272 358/285/272
f 334/260/273 354/275/273 355/273/273 335/252/273 333/249/273
f 328/261/274 326/267/274 353/274/274 354/275/274 334/260/274
f 337/243/275 344/282/275 345/283/275 346/286/275 325/278/275 336/242/275
f 324/281/276 349/287/276 350/258/276 343/259/276 332/248/276
f 335/252/277 342/253/277 340/254/277 327/251/277
f 347/284/278 340/264/278 323/290/278 325/289/278 346/288/278
f 343/259/279 334/260/279 333/249/279 344/282/279
f 345/283/280 347/284/280 346/286/280
f 344/282/281 333/249/281 329/250/281 348/291/281 345/283/281
f 350/258/282 352/265/282 351/257/282
f 359/292/283 322/293/283 330/271/283 341/270/283 358/285/283
f 354/275/284 356/272/284 355/273/284
f 324/294/285 322/296/285 359/295/285 360/269/285 352/265/285 349/276/285
f 358/285/286 360/269/286 359/292/286
f 326/267/287 357/297/287 358/285/287 341/270/287 356/272/287 353/274/287
o Cube.009
v 1.546587 0.359352 -0.750480
v 1.546587 0.495567 -0.912806
v 1.546587 -0.004783 -1.071086
v 1.546587 0.008611 -1.348385
v 1.706741 0.359352 -0.750480
v 1.706741 0.495567 -0.912806
v 1.706741 -0.004783 -1.071086
v 1.706741 0.008611 -1.348385
v 1.532661 0.164838 -0.949714
v 1.562646 0.299682 -1.110407
v 1.690682 0.145563 -0.926744
v 1.720667 0.280407 -1.087437
v 1.546587 0.418493 -0.820958
v 1.710706 0.016842 -1.179550
v 1.703701 0.204109 -0.996513
v 1.545680 0.223384 -1.019483
v 1.705853 0.324950 -0.893795
v 1.705302 0.429107 -0.834404
v 1.667779 0.418493 -0.820958
v 1.690377 0.403967 -0.803648
v 1.551653 0.117632 -1.113109
v 1.551634 0.009366 -1.221049
v 1.643386 0.018200 -1.180884
v 1.549599 0.007284 -1.144396
vn -0.3762 0.2592 -0.8895
vn 0.0075 -0.9811 -0.1934
vn 0.6932 0.5968 -0.4041
vn -0.0000 0.7660 0.6428
vn -0.0938 -0.6702 0.7362
vn 0.0937 0.6720 -0.7346
vn 0.0938 0.6576 -0.7475
vn -0.0938 -0.6412 0.7616
vn 0.9980 -0.0505 0.0367
vn -0.9973 0.0298 -0.0676
vn -0.9969 0.0713 -0.0327
vn 0.9960 -0.0167 0.0874
vn 0.9970 -0.0288 0.0714
vn 0.0016 0.7657 0.6432
vn -0.9987 0.0421 -0.0271
vn 0.0172 -0.9989 0.0426
vn 0.4113 -0.4499 0.7927
vn 0.9993 -0.0282 0.0255
vn -0.2352 -0.6862 0.6883
vn -0.9941 0.0247 -0.1055
vt 0.435862 0.250000
vt 0.483544 0.209105
vt 0.483544 0.359490
vt 0.375000 0.250000
vt 0.483544 0.500000
vt 0.375000 0.500000
vt 0.456884 0.769306
vt 0.483544 0.701751
vt 0.483544 0.795966
vt 0.375000 0.750000
vt 0.483544 1.000000
vt 0.375000 1.000000
vt 0.125000 0.584688
vt 0.375000 0.584688
vt 0.125000 0.750000
vt 0.625000 0.584688
vt 0.875000 0.584688
vt 0.875000 0.750000
vt 0.625000 0.750000
vt 0.625000 0.500000
vt 0.875000 0.500000
vt 0.125000 0.500000
vt 0.483544 0.584688
vt 0.483544 0.000000
vt 0.625000 0.000000
vt 0.625000 0.165312
vt 0.483544 0.165312
vt 0.375000 0.000000
vt 0.375000 0.165312
vt 0.529510 0.750000
vt 0.625000 1.000000
vt 0.625000 0.250000
vt 0.531226 0.250000
s 0
f 384/298/288 381/299/288 383/300/288
f 363/301/289 384/298/289 383/300/289 374/302/289 367/303/289
f 380/304/290 377/305/290 379/306/290
f 365/307/291 380/304/291 379/306/291 373/308/291 361/309/291
f 369/310/292 371/311/292 365/307/292 361/312/292
f 372/313/293 370/314/293 362/315/293 366/316/293
f 368/317/294 364/318/294 370/314/294 372/313/294
f 363/319/295 367/303/295 371/311/295 369/310/295
f 374/302/296 368/317/296 372/313/296 375/320/296
f 373/321/297 362/322/297 370/323/297 376/324/297
f 361/325/298 373/321/298 376/324/298 369/326/298
f 367/303/299 374/302/299 375/320/299 371/311/299
f 375/320/300 372/313/300 366/316/300 378/327/300 377/305/300
f 379/306/301 378/327/301 366/316/301 362/328/301 373/308/301
f 376/324/302 370/323/302 364/329/302 382/330/302 381/299/302
f 383/300/303 382/330/303 364/329/303 368/317/303 374/302/303
f 377/305/304 378/327/304 379/306/304
f 371/311/305 375/320/305 377/305/305 380/304/305 365/307/305
f 381/299/306 382/330/306 383/300/306
f 369/326/307 376/324/307 381/299/307 384/298/307 363/301/307
o Cube.020
v -0.798459 0.359352 -0.832527
v -0.798459 0.495567 -0.670201
v -0.798459 -0.004783 -0.511921
v -0.798459 0.008611 -0.234622
v -0.638306 0.359352 -0.832527
v -0.638306 0.495567 -0.670201
v -0.638306 -0.004783 -0.511921
v -0.638306 0.008611 -0.234622
v -0.812386 0.164838 -0.633293
v -0.782400 0.299682 -0.472600
v -0.654365 0.145563 -0.656263
v -0.624379 0.280407 -0.495570
v -0.798459 0.418493 -0.762049
v -0.634340 0.016842 -0.403457
v -0.641346 0.204109 -0.586494
v -0.799367 0.223384 -0.563524
v -0.639193 0.324950 -0.689212
v -0.639744 0.429107 -0.748603
v -0.677268 0.418493 -0.762049
v -0.654670 0.403967 -0.779359
v -0.793393 0.117632 -0.469898
v -0.793412 0.009366 -0.361958
v -0.701660 0.018200 -0.402123
v -0.795447 0.007284 -0.438611
vn -0.3762 0.2592 0.8895
vn 0.0075 -0.9811 0.1934
vn 0.6932 0.5968 0.4041
vn -0.0000 0.7660 -0.6428
vn -0.0938 -0.6702 -0.7362
vn 0.0937 0.6720 0.7346
vn 0.0938 0.6576 0.7475
vn -0.0938 -0.6412 -0.7616
vn 0.9980 -0.0505 -0.0367
vn -0.9973 0.0298 0.0676
vn -0.9969 0.0713 0.0327
vn 0.9960 -0.0167 -0.0874
vn 0.9970 -0.0288 -0.0714
vn 0.0016 0.7657 -0.6432
vn -0.9987 0.0421 0.0271
vn 0.0172 -0.9989 -0.0426
vn 0.4113 -0.4499 -0.7927
vn 0.9993 -0.0282 -0.0255
vn -0.2352 -0.6862 -0.6883
vn -0.9941 0.0247 0.1055
vt 0.435862 0.250000
vt 0.483544 0.209105
vt 0.483544 0.359490
vt 0.375000 0.250000
vt 0.483544 0.500000
vt 0.375000 0.500000
vt 0.456884 0.769306
vt 0.483544 0.701751
vt 0.483544 0.795966
vt 0.375000 0.750000
vt 0.483544 1.000000
vt 0.375000 1.000000
vt 0.125000 0.584688
vt 0.375000 0.584688
vt 0.125000 0.750000
vt 0.625000 0.584688
vt 0.875000 0.584688
vt 0.875000 0.750000
vt 0.625000 0.750000
vt 0.625000 0.500000
vt 0.875000 0.500000
vt 0.125000 0.500000
vt 0.483544 0.584688
vt 0.483544 0.000000
vt 0.625000 0.000000
vt 0.625000 0.165312
vt 0.483544 0.165312
vt 0.375000 0.000000
vt 0.375000 0.165312
vt 0.529510 0.750000
vt 0.625000 1.000000
vt 0.625000 0.250000
vt 0.531226 0.250000
s 0
f 408/331/308 407/333/308 405/332/308
f 387/334/309 391/336/309 398/335/309 407/333/309 408/331/309
f 404/337/310 403/339/310 401/338/310
f 389/340/311 385/342/311 397/341/311 403/339/311 404/337/311
f 393/343/312 385/345/312 389/340/312 395/344/312
f 396/346/313 390/349/313 386/348/313 394/347/313
f 392/350/314 396/346/314 394/347/314 388/351/314
f 387/352/315 393/343/315 395/344/315 391/336/315
f 398/335/316 399/353/316 396/346/316 392/350/316
f 397/354/317 400/357/317 394/356/317 386/355/317
f 385/358/318 393/359/318 400/357/318 397/354/318
f 391/336/319 395/344/319 399/353/319 398/335/319
f 399/353/320 401/338/320 402/360/320 390/349/320 396/346/320
f 403/339/321 397/341/321 386/361/321 390/349/321 402/360/321
f 400/357/322 405/332/322 406/363/322 388/362/322 394/356/322
f 407/333/323 398/335/323 392/350/323 388/362/323 406/363/323
f 401/338/324 403/339/324 402/360/324
f 395/344/325 389/340/325 404/337/325 401/338/325 399/353/325
f 405/332/326 407/333/326 406/363/326
f 393/359/327 387/334/327 408/331/327 405/332/327 400/357/327
o Cube.021
v -0.789171 2.285172 -0.796515
v -0.789171 2.126939 -0.872642
v -0.789171 2.450809 -1.162829
v -0.789171 2.346113 -1.367672
v -0.656463 2.285172 -0.796515
v -0.656463 2.126939 -0.872642
v -0.656463 2.450809 -1.162829
v -0.656463 2.346113 -1.367672
v -0.800711 2.364111 -1.013317
v -0.775864 2.207470 -1.088678
v -0.669770 2.386502 -1.002545
v -0.644923 2.229861 -1.077905
v -0.789171 2.216471 -0.829567
v -0.653177 2.397483 -1.237363
v -0.658982 2.318492 -1.035265
v -0.789923 2.296101 -1.046037
v -0.657198 2.262270 -0.916478
v -0.657655 2.203869 -0.836101
v -0.688748 2.216471 -0.829567
v -0.670022 2.233345 -0.821449
v -0.784973 2.344030 -1.152811
v -0.784989 2.388975 -1.271253
v -0.708960 2.396003 -1.237907
v -0.786675 2.416691 -1.214075
v 1.730744 2.285172 -0.796515
v 1.730744 2.126939 -0.872641
v 1.730744 2.450809 -1.162829
v 1.730744 2.346113 -1.367672
v 1.598036 2.285172 -0.796515
v 1.598036 2.126939 -0.872641
v 1.598036 2.450809 -1.162829
v 1.598036 2.346113 -1.367672
v 1.742284 2.364111 -1.013317
v 1.717437 2.207470 -1.088678
v 1.611342 2.386502 -1.002545
v 1.586495 2.229861 -1.077905
v 1.730744 2.216471 -0.829567
v 1.594750 2.397483 -1.237363
v 1.600554 2.318492 -1.035265
v 1.731496 2.296101 -1.046037
v 1.598771 2.262270 -0.916478
v 1.599228 2.203869 -0.836101
v 1.630321 2.216471 -0.829567
v 1.611595 2.233345 -0.821449
v 1.726546 2.344030 -1.152811
v 1.726562 2.388975 -1.271253
v 1.650533 2.396003 -1.237907
v 1.728248 2.416691 -1.214075
v -0.789171 2.285172 -0.760933
v -0.789171 2.126939 -0.684807
v -0.789171 2.450809 -0.394620
v -0.789171 2.346113 -0.189777
v -0.656463 2.285172 -0.760933
v -0.656463 2.126939 -0.684807
v -0.656463 2.450809 -0.394620
v -0.656463 2.346113 -0.189777
v -0.800711 2.364111 -0.544131
v -0.775864 2.207470 -0.468771
v -0.669770 2.386502 -0.554903
v -0.644923 2.229861 -0.479543
v -0.789171 2.216471 -0.727881
v -0.653177 2.397483 -0.320085
v -0.658982 2.318492 -0.522184
v -0.789923 2.296101 -0.511412
v -0.657198 2.262270 -0.640970
v -0.657655 2.203869 -0.721347
v -0.688748 2.216471 -0.727881
v -0.670022 2.233345 -0.735999
v -0.784973 2.344030 -0.404637
v -0.784989 2.388975 -0.286196
v -0.708960 2.396003 -0.319541
v -0.786675 2.416691 -0.343373
v 1.730744 2.285172 -0.760933
v 1.730744 2.126939 -0.684807
v 1.730744 2.450809 -0.394620
v 1.730744 2.346113 -0.189777
v 1.598036 2.285172 -0.760933
v 1.598036 2.126939 -0.684807
v 1.598036 2.450809 -0.394620
v 1.598036 2.346113 -0.189777
v 1.742284 2.364111 -0.544131
v 1.717437 2.207470 -0.468771
v 1.611343 2.386502 -0.554904
v 1.586496 2.229861 -0.479543
v 1.730744 2.216471 -0.727881
v 1.594750 2.397483 -0.320085
v 1.600555 2.318492 -0.522184
v 1.731496 2.296102 -0.511412
v 1.598771 2.262270 -0.640970
v 1.599228 2.203869 -0.721347
v 1.630321 2.216471 -0.727881
v 1.611596 2.233345 -0.735999
v 1.726546 2.344030 -0.404637
v 1.726562 2.388975 -0.286196
v 1.650533 2.396003 -0.319541
v 1.728249 2.416691 -0.343373
vn -0.3762 -0.6024 -0.7040
vn 0.0075 0.8145 -0.5801
vn 0.6932 -0.7102 -0.1226
vn -0.0000 -0.4335 0.9011
vn -0.0938 0.9138 0.3951
vn 0.0937 -0.9148 -0.3928
vn 0.0938 -0.9070 -0.4106
vn -0.0938 0.8979 0.4301
vn 0.9980 0.0612 0.0126
vn -0.9973 -0.0550 -0.0493
vn -0.9969 -0.0785 -0.0004
vn 0.9960 0.0512 0.0728
vn 0.9970 0.0556 0.0532
vn 0.0016 -0.4331 0.9014
vn -0.9987 -0.0495 -0.0074
vn 0.0172 0.9279 -0.3723
vn 0.4113 0.7363 0.5373
vn 0.9993 0.0362 0.0117
vn -0.2352 0.9087 0.3449
vn -0.9941 -0.0660 -0.0860
vn 0.3762 -0.6024 -0.7040
vn -0.0075 0.8145 -0.5801
vn -0.6932 -0.7102 -0.1226
vn 0.0938 0.9138 0.3951
vn -0.0937 -0.9148 -0.3928
vn -0.0938 -0.9070 -0.4106
vn 0.0938 0.8979 0.4301
vn -0.9980 0.0612 0.0126
vn 0.9973 -0.0550 -0.0493
vn 0.9969 -0.0785 -0.0004
vn -0.9960 0.0512 0.0728
vn -0.9970 0.0556 0.0532
vn -0.0016 -0.4331 0.9014
vn 0.9987 -0.0495 -0.0074
vn -0.0172 0.9279 -0.3723
vn -0.4113 0.7363 0.5373
vn -0.9993 0.0362 0.0117
vn 0.2352 0.9087 0.3449
vn 0.9941 -0.0660 -0.0860
vn -0.3762 -0.6024 0.7040
vn 0.0075 0.8145 0.5801
vn 0.6932 -0.7102 0.1226
vn -0.0000 -0.4335 -0.9011
vn -0.0938 0.9138 -0.3951
vn 0.0937 -0.9148 0.3928
vn 0.0938 -0.9070 0.4106
vn -0.0938 0.8979 -0.4301
vn 0.9980 0.0612 -0.0126
vn -0.9973 -0.0550 0.0493
vn -0.9969 -0.0785 0.0004
vn 0.9960 0.0512 -0.0728
vn 0.9970 0.0556 -0.0532
vn 0.0016 -0.4331 -0.9014
vn -0.9987 -0.0495 0.0074
vn 0.0172 0.9279 0.3723
vn 0.4113 0.7363 -0.5373
vn 0.9993 0.0362 -0.0117
vn -0.2352 0.9087 -0.3449
vn -0.9941 -0.0660 0.0860
vn 0.3762 -0.6024 0.7040
vn -0.0075 0.8145 0.5801
vn -0.6932 -0.7102 0.1226
vn 0.0938 0.9138 -0.3951
vn -0.0937 -0.9148 0.3928
vn -0.0938 -0.9070 0.4106
vn 0.0938 0.8979 -0.4301
vn -0.9980 0.0612 -0.0126
vn 0.9973 -0.0550 0.0493
vn 0.9969 -0.0785 0.0004
vn -0.9960 0.0512 -0.0728
vn -0.9970 0.0556 -0.0532
vn -0.0016 -0.4331 -0.9014
vn 0.9987 -0.0495 0.0074
vn -0.0172 0.9279 0.3723
vn -0.4113 0.7363 -0.5373
vn -0.9993 0.0362 -0.0117
vn 0.2352 0.9087 -0.3449
vn 0.9941 -0.0660 0.0860
vt 0.435862 0.250000
vt 0.483544 0.209105
vt 0.483544 0.359490
vt 0.375000 0.250000
vt 0.483544 0.500000
vt 0.375000 0.500000
vt 0.456884 0.769306
vt 0.483544 0.701751
vt 0.483544 0.795966
vt 0.375000 0.750000
vt 0.483544 1.000000
vt 0.375000 1.000000
vt 0.125000 0.584688
vt 0.375000 0.584688
vt 0.125000 0.750000
vt 0.625000 0.584688
vt 0.875000 0.584688
vt 0.875000 0.750000
vt 0.625000 0.750000
vt 0.625000 0.500000
vt 0.875000 0.500000
vt 0.125000 0.500000
vt 0.483544 0.584688
vt 0.483544 0.000000
vt 0.625000 0.000000
vt 0.625000 0.165312
vt 0.483544 0.165312
vt 0.375000 0.000000
vt 0.375000 0.165312
vt 0.529510 0.750000
vt 0.625000 1.000000
vt 0.625000 0.250000
vt 0.531226 0.250000
s 0
f 432/364/328 431/366/328 429/365/328
f 411/367/329 415/369/329 422/368/329 431/366/329 432/364/329
f 428/370/330 427/372/330 425/371/330
f 413/373/331 409/375/331 421/374/331 427/372/331 428/370/331
f 417/376/332 409/378/332 413/373/332 419/377/332
f 420/379/333 414/382/333 410/381/333 418/380/333
f 416/383/334 420/379/334 418/380/334 412/384/334
f 411/385/335 417/376/335 419/377/335 415/369/335
f 422/368/336 423/386/336 420/379/336 416/383/336
f 421/387/337 424/390/337 418/389/337 410/388/337
f 409/391/338 417/392/338 424/390/338 421/387/338
f 415/369/339 419/377/339 423/386/339 422/368/339
f 423/386/340 425/371/340 426/393/340 414/382/340 420/379/340
f 427/372/341 421/374/341 410/394/341 414/382/341 426/393/341
f 424/390/342 429/365/342 430/396/342 412/395/342 418/389/342
f 431/366/343 422/368/343 416/383/343 412/395/343 430/396/343
f 425/371/344 427/372/344 426/393/344
f 419/377/345 413/373/345 428/370/345 425/371/345 423/386/345
f 429/365/346 431/366/346 430/396/346
f 417/392/347 411/367/347 432/364/347 429/365/347 424/390/347
f 456/364/348 453/365/348 455/366/348
f 435/367/349 456/364/349 455/366/349 446/368/349 439/369/349
f 452/370/350 449/371/350 451/372/350
f 437/373/331 452/370/331 451/372/331 445/374/331 433/375/331
f 441/376/351 443/377/351 437/373/351 433/378/351
f 444/379/352 442/380/352 434/381/352 438/382/352
f 440/383/353 436/384/353 442/380/353 444/379/353
f 435/385/354 439/369/354 443/377/354 441/376/354
f 446/368/355 440/383/355 444/379/355 447/386/355
f 445/387/356 434/388/356 442/389/356 448/390/356
f 433/391/357 445/387/357 448/390/357 441/392/357
f 439/369/358 446/368/358 447/386/358 443/377/358
f 447/386/359 444/379/359 438/382/359 450/393/359 449/371/359
f 451/372/360 450/393/360 438/382/360 434/394/360 445/374/360
f 448/390/361 442/389/361 436/395/361 454/396/361 453/365/361
f 455/366/362 454/396/362 436/395/362 440/383/362 446/368/362
f 449/371/363 450/393/363 451/372/363
f 443/377/364 447/386/364 449/371/364 452/370/364 437/373/364
f 453/365/365 454/396/365 455/366/365
f 441/392/366 448/390/366 453/365/366 456/364/366 435/367/366
f 480/364/367 477/365/367 479/366/367
f 459/367/368 480/364/368 479/366/368 470/368/368 463/369/368
f 476/370/369 473/371/369 475/372/369
f 461/373/370 476/370/370 475/372/370 469/374/370 457/375/370
f 465/376/371 467/377/371 461/373/371 457/378/371
f 468/379/372 466/380/372 458/381/372 462/382/372
f 464/383/373 460/384/373 466/380/373 468/379/373
f 459/385/374 463/369/374 467/377/374 465/376/374
f 470/368/375 464/383/375 468/379/375 471/386/375
f 469/387/376 458/388/376 466/389/376 472/390/376
f 457/391/377 469/387/377 472/390/377 465/392/377
f 463/369/378 470/368/378 471/386/378 467/377/378
f 471/386/379 468/379/379 462/382/379 474/393/379 473/371/379
f 475/372/380 474/393/380 462/382/380 458/394/380 469/374/380
f 472/390/381 466/389/381 460/395/381 478/396/381 477/365/381
f 479/366/382 478/396/382 460/395/382 464/383/382 470/368/382
f 473/371/383 474/393/383 475/372/383
f 467/377/384 471/386/384 473/371/384 476/370/384 461/373/384
f 477/365/385 478/396/385 479/366/385
f 465/392/386 472/390/386 477/365/386 480/364/386 459/367/386
f 504/364/387 503/366/387 501/365/387
f 483/367/388 487/369/388 494/368/388 503/366/388 504/364/388
f 500/370/389 499/372/389 497/371/389
f 485/373/370 481/375/370 493/374/370 499/372/370 500/370/370
f 489/376/390 481/378/390 485/373/390 491/377/390
f 492/379/391 486/382/391 482/381/391 490/380/391
f 488/383/392 492/379/392 490/380/392 484/384/392
f 483/385/393 489/376/393 491/377/393 487/369/393
f 494/368/394 495/386/394 492/379/394 488/383/394
f 493/387/395 496/390/395 490/389/395 482/388/395
f 481/391/396 489/392/396 496/390/396 493/387/396
f 487/369/397 491/377/397 495/386/397 494/368/397
f 495/386/398 497/371/398 498/393/398 486/382/398 492/379/398
f 499/372/399 493/374/399 482/394/399 486/382/399 498/393/399
f 496/390/400 501/365/400 502/396/400 484/395/400 490/389/400
f 503/366/401 494/368/401 488/383/401 484/395/401 502/396/401
f 497/371/402 499/372/402 498/393/402
f 491/377/403 485/373/403 500/370/403 497/371/403 495/386/403
f 501/365/404 503/366/404 502/396/404
f 489/392/405 483/367/405 504/364/405 501/365/405 496/390/405
o tile1
v -0.654008 2.740274 -0.705841
v -0.662158 2.706033 -0.720605
v -0.706008 2.579474 -0.281773
v -0.714208 2.544973 -0.296628
v -0.953805 2.844859 -0.727318
v -0.961955 2.810274 -0.742082
v -0.977814 2.667963 -0.289641
v -0.986014 2.633131 -0.304496
v -0.894296 2.617971 -0.230186
v -0.902496 2.583254 -0.245041
v -0.744058 2.771358 -0.708448
v -0.834108 2.801401 -0.711055
v -0.842258 2.766970 -0.725819
v -0.752208 2.737028 -0.723212
v -0.671421 2.629413 -0.421729
v -0.652808 2.682701 -0.562981
v -0.662060 2.643830 -0.579742
v -0.680614 2.590768 -0.438384
v -0.959492 2.784075 -0.571859
v -0.976172 2.729385 -0.430551
v -0.985366 2.690334 -0.447206
v -0.968744 2.744802 -0.588620
v -0.883782 2.658686 -0.444266
v -0.866516 2.712669 -0.585661
v -0.782198 2.625427 -0.441325
v -0.764288 2.678940 -0.582701
v -0.773005 2.664190 -0.424670
v -0.755036 2.717926 -0.565940
v -0.874588 2.697583 -0.427610
v -0.857264 2.751788 -0.568900
v -0.778344 2.586294 -0.241632
v -0.794970 2.614275 -0.305069
v -0.829037 2.596880 -0.228297
v -0.786562 2.630779 -0.337600
v -0.790017 2.552023 -0.254559
v -0.795759 2.592786 -0.350494
v -0.833765 2.561109 -0.243052
v -0.801746 2.585689 -0.317343
v -0.794970 2.614275 -0.305069
v -0.801746 2.585689 -0.317343
v -0.654008 2.740274 -0.851607
v -0.662158 2.706033 -0.836843
v -0.706008 2.579474 -1.275675
v -0.714208 2.544973 -1.260820
v -0.953805 2.844859 -0.830130
v -0.961955 2.810274 -0.815366
v -0.977814 2.667963 -1.267807
v -0.986014 2.633131 -1.252952
v -0.894296 2.617971 -1.327262
v -0.902496 2.583254 -1.312407
v -0.744058 2.771358 -0.849001
v -0.834108 2.801401 -0.846394
v -0.842258 2.766971 -0.831630
v -0.752208 2.737028 -0.834236
v -0.671421 2.629413 -1.135720
v -0.652808 2.682701 -0.994467
v -0.662060 2.643830 -0.977707
v -0.680614 2.590768 -1.119064
v -0.959492 2.784075 -0.985590
v -0.976172 2.729385 -1.126898
v -0.985366 2.690334 -1.110242
v -0.968744 2.744802 -0.968829
v -0.883782 2.658686 -1.113183
v -0.866516 2.712669 -0.971788
v -0.782198 2.625427 -1.116124
v -0.764288 2.678940 -0.974747
v -0.773005 2.664190 -1.132779
v -0.755036 2.717926 -0.991508
v -0.874588 2.697583 -1.129838
v -0.857264 2.751788 -0.988549
v -0.778344 2.586294 -1.315816
v -0.794970 2.614275 -1.252380
v -0.829037 2.596880 -1.329151
v -0.786562 2.630779 -1.219849
v -0.790017 2.552023 -1.302889
v -0.795759 2.592786 -1.206954
v -0.833765 2.561109 -1.314397
v -0.801746 2.585689 -1.240105
v -0.794970 2.614275 -1.252380
v -0.801746 2.585689 -1.240105
vn 0.9497 -0.2834 0.1336
vn -0.6372 -0.1708 0.7516
vn -0.9765 0.2102 0.0465
vn 0.1509 0.3605 -0.9205
vn 0.2737 0.8928 0.3577
vn -0.2898 -0.8755 -0.3866
vn -0.2663 -0.8823 -0.3881
vn -0.2796 -0.8783 -0.3879
vn 0.2956 0.8869 0.3551
vn 0.2854 0.8897 0.3563
vn 0.2442 0.3321 -0.9111
vn 0.1468 0.3607 -0.9210
vn 0.2769 0.8816 0.3821
vn -0.1143 0.8976 0.4258
vn -0.2790 -0.8895 -0.3620
vn 0.2810 0.8843 0.3729
vn -0.6348 -0.7241 -0.2697
vn 0.2919 0.8813 0.3716
vn -0.9434 0.1605 0.2903
vn -0.2802 -0.8852 -0.3714
vn -0.2711 -0.8921 -0.3614
vn -0.2673 -0.8886 -0.3728
vn 0.9032 -0.2932 0.3136
vn -0.2913 -0.8822 -0.3701
vn 0.2612 0.8850 0.3854
vn 0.2683 0.8876 0.3743
vn -0.9773 0.1981 0.0750
vn -0.9710 0.2382 -0.0224
vn 0.9769 -0.1951 -0.0868
vn 0.9687 -0.2456 0.0350
vn 0.7480 0.4935 0.4437
vn 0.2915 0.8766 0.3829
vn 0.4197 -0.9001 -0.1169
vn -0.2873 -0.8881 -0.3587
vn 0.4037 -0.4406 0.8018
vn -0.1431 -0.3609 0.9216
vn 0.9497 -0.2834 -0.1336
vn -0.6372 -0.1708 -0.7516
vn -0.9765 0.2102 -0.0465
vn 0.1509 0.3605 0.9205
vn 0.2737 0.8928 -0.3577
vn -0.2898 -0.8755 0.3866
vn -0.2663 -0.8823 0.3881
vn -0.2796 -0.8783 0.3879
vn 0.2956 0.8869 -0.3551
vn 0.2854 0.8897 -0.3563
vn 0.2442 0.3321 0.9111
vn 0.1468 0.3607 0.9210
vn 0.2769 0.8816 -0.3821
vn -0.1143 0.8976 -0.4258
vn -0.2790 -0.8895 0.3620
vn 0.2810 0.8843 -0.3729
vn -0.6348 -0.7241 0.2697
vn 0.2919 0.8813 -0.3716
vn -0.9434 0.1605 -0.2903
vn -0.2802 -0.8852 0.3714
vn -0.2711 -0.8921 0.3614
vn -0.2673 -0.8886 0.3728
vn 0.9032 -0.2932 -0.3136
vn -0.2913 -0.8822 0.3701
vn 0.2612 0.8850 -0.3854
vn 0.2683 0.8876 -0.3743
vn -0.9773 0.1981 -0.0750
vn -0.9710 0.2382 0.0224
vn 0.9769 -0.1951 0.0868
vn 0.9687 -0.2456 -0.0350
vn 0.7480 0.4935 -0.4437
vn 0.2915 0.8766 -0.3829
vn 0.4197 -0.9001 0.1169
vn -0.2873 -0.8881 0.3587
vn 0.4037 -0.4406 -0.8018
vn -0.1431 -0.3609 -0.9216
vt 0.375000 0.166667
vt 0.625000 0.166667
vt 0.625000 0.250000
vt 0.375000 0.250000
vt 0.375000 0.416667
vt 0.625000 0.416667
vt 0.625000 0.500000
vt 0.375000 0.500000
vt 0.375000 0.666667
vt 0.625000 0.666667
vt 0.625000 0.750000
vt 0.375000 0.750000
vt 0.375000 0.916667
vt 0.625000 0.916667
vt 0.625000 1.000000
vt 0.375000 1.000000
vt 0.291667 0.666667
vt 0.291667 0.750000
vt 0.791667 0.666667
vt 0.875000 0.666667
vt 0.875000 0.750000
vt 0.791667 0.750000
vt 0.708333 0.666667
vt 0.708333 0.750000
vt 0.125000 0.666667
vt 0.208333 0.666667
vt 0.208333 0.750000
vt 0.125000 0.750000
vt 0.625000 0.833333
vt 0.375000 0.833333
vt 0.208333 0.546522
vt 0.231642 0.500000
vt 0.291667 0.500000
vt 0.291667 0.583333
vt 0.208333 0.583333
vt 0.186707 0.500000
vt 0.398309 0.333333
vt 0.708333 0.500000
vt 0.771551 0.500000
vt 0.791667 0.545279
vt 0.791667 0.583333
vt 0.708333 0.583333
vt 0.625000 0.314670
vt 0.604884 0.333333
vt 0.125000 0.583333
vt 0.375000 0.311707
vt 0.625000 0.583333
vt 0.375000 0.356642
vt 0.625000 0.353449
vt 0.875000 0.583333
vt 0.375000 0.583333
vt 0.375000 0.000000
vt 0.625000 0.000000
vt 0.625000 0.083333
vt 0.375000 0.083333
vt 0.125000 0.500000
vt 0.810330 0.500000
vt 0.875000 0.500000
s 0
f 519/397/406 507/400/406 508/399/406 522/398/406
f 513/401/407 511/404/407 512/403/407 514/402/407
f 523/405/408 509/408/408 510/407/408 526/406/408
f 515/409/409 505/412/409 506/411/409 518/410/409
f 534/413/410 516/414/410 509/408/410 523/405/410
f 530/415/411 518/418/411 506/417/411 521/416/411
f 526/406/412 510/407/412 517/420/412 528/419/412
f 528/419/413 517/420/413 518/418/413 530/415/413
f 520/421/414 505/424/414 515/423/414 532/422/414
f 532/422/415 515/423/415 516/414/415 534/413/415
f 509/408/416 516/426/416 517/425/416 510/407/416
f 516/426/417 515/409/417 518/410/417 517/425/417
f 538/427/418 531/431/418 533/430/418 513/429/418 537/428/418
f 535/432/419 538/427/419 536/433/419
f 514/434/420 527/438/420 529/437/420 540/436/420 541/435/420
f 531/431/421 532/422/421 534/413/421 533/430/421
f 539/439/422 542/440/422 540/436/422
f 519/441/423 520/421/423 532/422/423 531/431/423
f 535/442/424 536/433/424 542/440/424 539/439/424
f 527/438/425 528/419/425 530/415/425 529/437/425
f 512/403/426 525/443/426 527/438/426 514/434/426
f 525/443/427 526/406/427 528/419/427 527/438/427
f 537/444/428 541/445/428 542/440/428 536/433/428
f 529/437/429 530/415/429 521/416/429 522/446/429
f 513/429/430 533/430/430 524/447/430 511/404/430
f 533/430/431 534/413/431 523/405/431 524/447/431
f 511/404/432 524/447/432 525/443/432 512/403/432
f 524/447/433 523/405/433 526/406/433 525/443/433
f 505/448/434 520/451/434 521/450/434 506/449/434
f 520/451/435 519/397/435 522/398/435 521/450/435
f 536/433/436 538/427/436 537/444/436
f 507/452/437 519/441/437 531/431/437 538/427/437 535/432/437
f 540/436/438 542/440/438 541/435/438
f 540/436/439 529/437/439 522/446/439 508/454/439 539/453/439
f 507/400/440 535/442/440 539/439/440 508/399/440
f 513/401/441 514/402/441 541/445/441 537/444/441
f 559/397/442 562/398/442 548/399/442 547/400/442
f 553/401/443 554/402/443 552/403/443 551/404/443
f 563/405/444 566/406/444 550/407/444 549/408/444
f 555/409/445 558/410/445 546/411/445 545/412/445
f 574/413/446 563/405/446 549/408/446 556/414/446
f 570/415/447 561/416/447 546/417/447 558/418/447
f 566/406/448 568/419/448 557/420/448 550/407/448
f 568/419/449 570/415/449 558/418/449 557/420/449
f 560/421/450 572/422/450 555/423/450 545/424/450
f 572/422/451 574/413/451 556/414/451 555/423/451
f 549/408/452 550/407/452 557/425/452 556/426/452
f 556/426/453 557/425/453 558/410/453 555/409/453
f 578/427/454 577/428/454 553/429/454 573/430/454 571/431/454
f 575/432/455 576/433/455 578/427/455
f 554/434/456 581/435/456 580/436/456 569/437/456 567/438/456
f 571/431/457 573/430/457 574/413/457 572/422/457
f 579/439/458 580/436/458 582/440/458
f 559/441/459 571/431/459 572/422/459 560/421/459
f 575/442/460 579/439/460 582/440/460 576/433/460
f 567/438/461 569/437/461 570/415/461 568/419/461
f 552/403/462 554/434/462 567/438/462 565/443/462
f 565/443/463 567/438/463 568/419/463 566/406/463
f 577/444/464 576/433/464 582/440/464 581/445/464
f 569/437/465 562/446/465 561/416/465 570/415/465
f 553/429/466 551/404/466 564/447/466 573/430/466
f 573/430/467 564/447/467 563/405/467 574/413/467
f 551/404/468 552/403/468 565/443/468 564/447/468
f 564/447/469 565/443/469 566/406/469 563/405/469
f 545/448/470 546/449/470 561/450/470 560/451/470
f 560/451/471 561/450/471 562/398/471 559/397/471
f 576/433/472 577/444/472 578/427/472
f 547/452/473 575/432/473 578/427/473 571/431/473 559/441/473
f 580/436/474 581/435/474 582/440/474
f 580/436/475 579/453/475 548/454/475 562/446/475 569/437/475
f 547/400/476 548/399/476 579/439/476 575/442/476
f 553/401/477 577/444/477 581/445/477 554/402/477
l 543 544
l 583 584
o tile1.002
v -0.417488 2.712546 -0.705841
v -0.425638 2.678472 -0.720605
v -0.469488 2.552873 -0.281773
v -0.477688 2.518563 -0.296628
v -0.717286 2.825396 -0.727318
v -0.725435 2.791094 -0.742082
v -0.741294 2.649344 -0.289641
v -0.749494 2.614807 -0.304496
v -0.657777 2.596529 -0.230186
v -0.665976 2.562075 -0.245041
v -0.507538 2.745665 -0.708448
v -0.597588 2.778129 -0.711055
v -0.605738 2.743936 -0.725819
v -0.515688 2.711539 -0.723212
v -0.434901 2.602047 -0.421729
v -0.416288 2.654948 -0.562981
v -0.425540 2.616267 -0.579742
v -0.444095 2.563599 -0.438384
v -0.722972 2.764809 -0.571859
v -0.739653 2.710708 -0.430551
v -0.748846 2.671987 -0.447206
v -0.732224 2.725861 -0.588620
v -0.647262 2.636912 -0.444266
v -0.629996 2.690361 -0.585661
v -0.545678 2.600713 -0.441325
v -0.527768 2.653758 -0.582701
v -0.536485 2.639233 -0.424670
v -0.518516 2.692508 -0.565940
v -0.638069 2.675524 -0.427610
v -0.620744 2.729200 -0.568900
v -0.541824 2.561478 -0.241632
v -0.558451 2.589904 -0.305069
v -0.592517 2.573462 -0.228297
v -0.550042 2.606182 -0.337600
v -0.553497 2.527518 -0.254559
v -0.559239 2.568437 -0.350494
v -0.597245 2.537827 -0.243052
v -0.565226 2.561503 -0.317343
v -0.558451 2.589904 -0.305069
v -0.565226 2.561503 -0.317343
v -0.417488 2.712546 -0.851607
v -0.425638 2.678472 -0.836843
v -0.469489 2.552873 -1.275675
v -0.477688 2.518562 -1.260821
v -0.717286 2.825396 -0.830130
v -0.725435 2.791094 -0.815366
v -0.741294 2.649344 -1.267807
v -0.749494 2.614807 -1.252952
v -0.657777 2.596530 -1.327262
v -0.665976 2.562075 -1.312407
v -0.507538 2.745665 -0.849000
v -0.597588 2.778129 -0.846394
v -0.605738 2.743937 -0.831630
v -0.515688 2.711539 -0.834236
v -0.434901 2.602047 -1.135720
v -0.416288 2.654948 -0.994467
v -0.425540 2.616267 -0.977706
v -0.444094 2.563599 -1.119064
v -0.722972 2.764809 -0.985590
v -0.739653 2.710708 -1.126898
v -0.748846 2.671987 -1.110242
v -0.732224 2.725861 -0.968829
v -0.647262 2.636912 -1.113183
v -0.629996 2.690361 -0.971788
v -0.545678 2.600713 -1.116123
v -0.527768 2.653759 -0.974747
v -0.536485 2.639234 -1.132779
v -0.518516 2.692508 -0.991508
v -0.638069 2.675524 -1.129838
v -0.620744 2.729200 -0.988549
v -0.541824 2.561478 -1.315816
v -0.558451 2.589904 -1.252380
v -0.592517 2.573462 -1.329151
v -0.550042 2.606182 -1.219849
v -0.553497 2.527518 -1.302889
v -0.559239 2.568437 -1.206954
v -0.597245 2.537827 -1.314397
v -0.565226 2.561503 -1.240105
v -0.558451 2.589904 -1.252380
v -0.565226 2.561503 -1.240105
vn 0.9490 -0.2851 0.1344
vn -0.6406 -0.1702 0.7488
vn -0.9762 0.2118 0.0468
vn 0.1589 0.3600 -0.9193
vn 0.2999 0.8855 0.3549
vn -0.3082 -0.8703 -0.3842
vn -0.2926 -0.8753 -0.3851
vn -0.3018 -0.8721 -0.3851
vn 0.3138 0.8815 0.3529
vn 0.3075 0.8834 0.3537
vn 0.2541 0.3313 -0.9087
vn 0.1563 0.3602 -0.9197
vn 0.3004 0.8751 0.3794
vn -0.0904 0.8998 0.4269
vn -0.3029 -0.8827 -0.3594
vn 0.3037 0.8779 0.3702
vn -0.6464 -0.7150 -0.2663
vn 0.3105 0.8759 0.3694
vn -0.9429 0.1611 0.2915
vn -0.3032 -0.8787 -0.3687
vn -0.2988 -0.8845 -0.3584
vn -0.2945 -0.8813 -0.3697
vn 0.9016 -0.2953 0.3160
vn -0.3102 -0.8766 -0.3678
vn 0.2884 0.8778 0.3824
vn 0.2951 0.8804 0.3713
vn -0.9770 0.1995 0.0755
vn -0.9705 0.2402 -0.0226
vn 0.9768 -0.1959 -0.0872
vn 0.9684 -0.2468 0.0352
vn 0.7542 0.4881 0.4392
vn 0.3108 0.8710 0.3806
vn 0.3979 -0.9097 -0.1184
vn -0.3073 -0.8823 -0.3565
vn 0.3944 -0.4425 0.8053
vn -0.1539 -0.3603 0.9201
vn 0.9490 -0.2851 -0.1344
vn -0.6406 -0.1702 -0.7488
vn -0.9762 0.2118 -0.0468
vn 0.1589 0.3600 0.9193
vn 0.2999 0.8855 -0.3549
vn -0.3082 -0.8703 0.3842
vn -0.2926 -0.8753 0.3851
vn -0.3018 -0.8721 0.3851
vn 0.3138 0.8815 -0.3529
vn 0.3075 0.8834 -0.3537
vn 0.2541 0.3313 0.9087
vn 0.1563 0.3602 0.9197
vn 0.3004 0.8751 -0.3794
vn -0.0904 0.8998 -0.4269
vn -0.3029 -0.8827 0.3594
vn 0.3037 0.8779 -0.3702
vn -0.6464 -0.7150 0.2663
vn 0.3105 0.8759 -0.3694
vn -0.9429 0.1611 -0.2915
vn -0.3032 -0.8787 0.3687
vn -0.2988 -0.8845 0.3584
vn -0.2945 -0.8813 0.3697
vn 0.9016 -0.2953 -0.3160
vn -0.3102 -0.8766 0.3678
vn 0.2884 0.8778 -0.3824
vn 0.2951 0.8804 -0.3713
vn -0.9770 0.1995 -0.0755
vn -0.9705 0.2402 0.0226
vn 0.9768 -0.1959 0.0872
vn 0.9684 -0.2468 -0.0352
vn 0.7542 0.4881 -0.4392
vn 0.3108 0.8710 -0.3806
vn 0.3979 -0.9097 0.1184
vn -0.3073 -0.8823 0.3565
vn 0.3944 -0.4425 -0.8053
vn -0.1539 -0.3603 -0.9201
vt 0.375000 0.166667
vt 0.625000 0.166667
vt 0.625000 0.250000
vt 0.375000 0.250000
vt 0.375000 0.416667
vt 0.625000 0.416667
vt 0.625000 0.500000
vt 0.375000 0.500000
vt 0.375000 0.666667
vt 0.625000 0.666667
vt 0.625000 0.750000
vt 0.375000 0.750000
vt 0.375000 0.916667
vt 0.625000 0.916667
vt 0.625000 1.000000
vt 0.375000 1.000000
vt 0.291667 0.666667
vt 0.291667 0.750000
vt 0.791667 0.666667
vt 0.875000 0.666667
vt 0.875000 0.750000
vt 0.791667 0.750000
vt 0.708333 0.666667
vt 0.708333 0.750000
vt 0.125000 0.666667
vt 0.208333 0.666667
vt 0.208333 0.750000
vt 0.125000 0.750000
vt 0.625000 0.833333
vt 0.375000 0.833333
vt 0.208333 0.546522
vt 0.231642 0.500000
vt 0.291667 0.500000
vt 0.291667 0.583333
vt 0.208333 0.583333
vt 0.186707 0.500000
vt 0.398309 0.333333
vt 0.708333 0.500000
vt 0.771551 0.500000
vt 0.791667 0.545279
vt 0.791667 0.583333
vt 0.708333 0.583333
vt 0.625000 0.314670
vt 0.604884 0.333333
vt 0.125000 0.583333
vt 0.375000 0.311707
vt 0.625000 0.583333
vt 0.375000 0.356642
vt 0.625000 0.353449
vt 0.875000 0.583333
vt 0.375000 0.583333
vt 0.375000 0.000000
vt 0.625000 0.000000
vt 0.625000 0.083333
vt 0.375000 0.083333
vt 0.125000 0.500000
vt 0.810330 0.500000
vt 0.875000 0.500000
s 0
f 599/455/478 587/458/478 588/457/478 602/456/478
f 593/459/479 591/462/479 592/461/479 594/460/479
f 603/463/480 589/466/480 590/465/480 606/464/480
f 595/467/481 585/470/481 586/469/481 598/468/481
f 614/471/482 596/472/482 589/466/482 603/463/482
f 610/473/483 598/476/483 586/475/483 601/474/483
f 606/464/484 590/465/484 597/478/484 608/477/484
f 608/477/485 597/478/485 598/476/485 610/473/485
f 600/479/486 585/482/486 595/481/486 612/480/486
f 612/480/487 595/481/487 596/472/487 614/471/487
f 589/466/488 596/484/488 597/483/488 590/465/488
f 596/484/489 595/467/489 598/468/489 597/483/489
f 618/485/490 611/489/490 613/488/490 593/487/490 617/486/490
f 615/490/491 618/485/491 616/491/491
f 594/492/492 607/496/492 609/495/492 620/494/492 621/493/492
f 611/489/493 612/480/493 614/471/493 613/488/493
f 619/497/494 622/498/494 620/494/494
f 599/499/495 600/479/495 612/480/495 611/489/495
f 615/500/496 616/491/496 622/498/496 619/497/496
f 607/496/497 608/477/497 610/473/497 609/495/497
f 592/461/498 605/501/498 607/496/498 594/492/498
f 605/501/499 606/464/499 608/477/499 607/496/499
f 617/502/500 621/503/500 622/498/500 616/491/500
f 609/495/501 610/473/501 601/474/501 602/504/501
f 593/487/502 613/488/502 604/505/502 591/462/502
f 613/488/503 614/471/503 603/463/503 604/505/503
f 591/462/504 604/505/504 605/501/504 592/461/504
f 604/505/505 603/463/505 606/464/505 605/501/505
f 585/506/506 600/509/506 601/508/506 586/507/506
f 600/509/507 599/455/507 602/456/507 601/508/507
f 616/491/508 618/485/508 617/502/508
f 587/510/509 599/499/509 611/489/509 618/485/509 615/490/509
f 620/494/510 622/498/510 621/493/510
f 620/494/511 609/495/511 602/504/511 588/512/511 619/511/511
f 587/458/512 615/500/512 619/497/512 588/457/512
f 593/459/513 594/460/513 621/503/513 617/502/513
f 639/455/514 642/456/514 628/457/514 627/458/514
f 633/459/515 634/460/515 632/461/515 631/462/515
f 643/463/516 646/464/516 630/465/516 629/466/516
f 635/467/517 638/468/517 626/469/517 625/470/517
f 654/471/518 643/463/518 629/466/518 636/472/518
f 650/473/519 641/474/519 626/475/519 638/476/519
f 646/464/520 648/477/520 637/478/520 630/465/520
f 648/477/521 650/473/521 638/476/521 637/478/521
f 640/479/522 652/480/522 635/481/522 625/482/522
f 652/480/523 654/471/523 636/472/523 635/481/523
f 629/466/524 630/465/524 637/483/524 636/484/524
f 636/484/525 637/483/525 638/468/525 635/467/525
f 658/485/526 657/486/526 633/487/526 653/488/526 651/489/526
f 655/490/527 656/491/527 658/485/527
f 634/492/528 661/493/528 660/494/528 649/495/528 647/496/528
f 651/489/529 653/488/529 654/471/529 652/480/529
f 659/497/530 660/494/530 662/498/530
f 639/499/531 651/489/531 652/480/531 640/479/531
f 655/500/532 659/497/532 662/498/532 656/491/532
f 647/496/533 649/495/533 650/473/533 648/477/533
f 632/461/534 634/492/534 647/496/534 645/501/534
f 645/501/535 647/496/535 648/477/535 646/464/535
f 657/502/536 656/491/536 662/498/536 661/503/536
f 649/495/537 642/504/537 641/474/537 650/473/537
f 633/487/538 631/462/538 644/505/538 653/488/538
f 653/488/539 644/505/539 643/463/539 654/471/539
f 631/462/540 632/461/540 645/501/540 644/505/540
f 644/505/541 645/501/541 646/464/541 643/463/541
f 625/506/542 626/507/542 641/508/542 640/509/542
f 640/509/543 641/508/543 642/456/543 639/455/543
f 656/491/544 657/502/544 658/485/544
f 627/510/545 655/490/545 658/485/545 651/489/545 639/499/545
f 660/494/546 661/493/546 662/498/546
f 660/494/547 659/511/547 628/512/547 642/504/547 649/495/547
f 627/458/548 628/457/548 659/497/548 655/500/548
f 633/459/549 657/502/549 661/503/549 634/460/549
l 623 624
l 663 664
o tile1.003
v 0.123348 2.598406 -0.705841
v 0.115198 2.563893 -0.720605
v 0.071348 2.436275 -0.281773
v 0.063148 2.401652 -0.296628
v -0.176449 2.707302 -0.727318
v -0.184599 2.673199 -0.742082
v -0.200458 2.531875 -0.289641
v -0.208658 2.497578 -0.304496
v -0.116940 2.477417 -0.230186
v -0.125140 2.443056 -0.245041
v 0.033298 2.627782 -0.708448
v -0.056752 2.658815 -0.711055
v -0.064902 2.624598 -0.725819
v 0.025148 2.593436 -0.723212
v 0.105936 2.486992 -0.421729
v 0.124548 2.540875 -0.562981
v 0.115296 2.501693 -0.579742
v 0.096742 2.448098 -0.438384
v -0.182135 2.646852 -0.571859
v -0.198816 2.593193 -0.430551
v -0.208010 2.554738 -0.447206
v -0.191387 2.608142 -0.588620
v -0.106426 2.517702 -0.444265
v -0.089159 2.571047 -0.585661
v -0.004842 2.481957 -0.441325
v 0.013068 2.535362 -0.582701
v 0.004352 2.520651 -0.424670
v 0.022321 2.574332 -0.565940
v -0.097232 2.556249 -0.427610
v -0.079907 2.609860 -0.568900
v -0.000987 2.442792 -0.241632
v -0.017614 2.470944 -0.305069
v -0.051680 2.454172 -0.228297
v -0.009205 2.487351 -0.337600
v -0.012660 2.408633 -0.254559
v -0.018403 2.449467 -0.350494
v -0.056408 2.418514 -0.243052
v -0.024390 2.442454 -0.317343
v -0.017614 2.470944 -0.305069
v -0.024390 2.442454 -0.317343
v 0.123348 2.598406 -0.851607
v 0.115198 2.563893 -0.836843
v 0.071348 2.436275 -1.275675
v 0.063148 2.401652 -1.260821
v -0.176449 2.707302 -0.830130
v -0.184599 2.673199 -0.815366
v -0.200458 2.531875 -1.267807
v -0.208658 2.497578 -1.252952
v -0.116940 2.477417 -1.327262
v -0.125140 2.443056 -1.312407
v 0.033298 2.627782 -0.849001
v -0.056752 2.658815 -0.846394
v -0.064902 2.624598 -0.831630
v 0.025148 2.593436 -0.834236
v 0.105936 2.486992 -1.135720
v 0.124548 2.540875 -0.994467
v 0.115296 2.501693 -0.977707
v 0.096742 2.448099 -1.119064
v -0.182135 2.646852 -0.985590
v -0.198816 2.593193 -1.126898
v -0.208010 2.554738 -1.110242
v -0.191387 2.608142 -0.968829
v -0.106426 2.517702 -1.113183
v -0.089159 2.571047 -0.971788
v -0.004842 2.481957 -1.116124
v 0.013069 2.535362 -0.974747
v 0.004352 2.520651 -1.132779
v 0.022321 2.574332 -0.991508
v -0.097232 2.556249 -1.129838
v -0.079907 2.609860 -0.988549
v -0.000987 2.442792 -1.315817
v -0.017614 2.470944 -1.252380
v -0.051680 2.454172 -1.329151
v -0.009205 2.487351 -1.219849
v -0.012660 2.408633 -1.302889
v -0.018403 2.449467 -1.206954
v -0.056408 2.418514 -1.314397
v -0.024390 2.442454 -1.240105
v -0.017614 2.470944 -1.252380
v -0.024390 2.442454 -1.240105
vn 0.9503 -0.2817 0.1328
vn -0.6426 -0.1698 0.7471
vn -0.9759 0.2129 0.0471
vn 0.1447 0.3608 -0.9213
vn 0.3092 0.8825 0.3544
vn -0.2778 -0.8790 -0.3876
vn -0.3034 -0.8719 -0.3843
vn -0.2930 -0.8748 -0.3858
vn 0.2809 0.8912 0.3562
vn 0.2967 0.8867 0.3546
vn 0.2576 0.3309 -0.9078
vn 0.1511 0.3605 -0.9204
vn 0.2977 0.8756 0.3804
vn -0.1045 0.8986 0.4262
vn -0.3019 -0.8827 -0.3601
vn 0.2964 0.8800 0.3712
vn -0.6407 -0.7196 -0.2679
vn 0.2804 0.8844 0.3730
vn -0.9432 0.1608 0.2908
vn -0.2978 -0.8803 -0.3694
vn -0.3148 -0.8795 -0.3569
vn -0.3084 -0.8772 -0.3681
vn 0.9021 -0.2946 0.3153
vn -0.2823 -0.8846 -0.3712
vn 0.3029 0.8736 0.3810
vn 0.3074 0.8768 0.3698
vn -0.9767 0.2006 0.0759
vn -0.9701 0.2417 -0.0227
vn 0.9772 -0.1938 -0.0863
vn 0.9692 -0.2438 0.0347
vn 0.7532 0.4881 0.4409
vn 0.2859 0.8777 0.3845
vn 0.4014 -0.9081 -0.1196
vn -0.2842 -0.8887 -0.3599
vn 0.4046 -0.4406 0.8014
vn -0.1551 -0.3603 0.9198
vn 0.9503 -0.2817 -0.1328
vn -0.6426 -0.1698 -0.7471
vn -0.9759 0.2129 -0.0471
vn 0.1447 0.3608 0.9213
vn 0.3092 0.8825 -0.3544
vn -0.2778 -0.8790 0.3876
vn -0.3034 -0.8719 0.3843
vn -0.2930 -0.8748 0.3858
vn 0.2809 0.8912 -0.3562
vn 0.2967 0.8867 -0.3546
vn 0.2576 0.3309 0.9078
vn 0.1511 0.3605 0.9204
vn 0.2977 0.8756 -0.3804
vn -0.1045 0.8986 -0.4262
vn -0.3019 -0.8827 0.3601
vn 0.2964 0.8800 -0.3712
vn -0.6407 -0.7196 0.2679
vn 0.2804 0.8844 -0.3730
vn -0.9432 0.1608 -0.2908
vn -0.2978 -0.8803 0.3694
vn -0.3148 -0.8795 0.3569
vn -0.3084 -0.8772 0.3681
vn 0.9021 -0.2946 -0.3153
vn -0.2823 -0.8846 0.3712
vn 0.3029 0.8736 -0.3810
vn 0.3074 0.8768 -0.3698
vn -0.9767 0.2006 -0.0759
vn -0.9701 0.2417 0.0227
vn 0.9772 -0.1938 0.0863
vn 0.9692 -0.2438 -0.0347
vn 0.7532 0.4881 -0.4409
vn 0.2859 0.8777 -0.3845
vn 0.4014 -0.9081 0.1196
vn -0.2842 -0.8887 0.3599
vn 0.4046 -0.4406 -0.8014
vn -0.1551 -0.3603 -0.9198
vt 0.375000 0.166667
vt 0.625000 0.166667
vt 0.625000 0.250000
vt 0.375000 0.250000
vt 0.375000 0.416667
vt 0.625000 0.416667
vt 0.625000 0.500000
vt 0.375000 0.500000
vt 0.375000 0.666667
vt 0.625000 0.666667
vt 0.625000 0.750000
vt 0.375000 0.750000
vt 0.375000 0.916667
vt 0.625000 0.916667
vt 0.625000 1.000000
vt 0.375000 1.000000
vt 0.291667 0.666667
vt 0.291667 0.750000
vt 0.791667 0.666667
vt 0.875000 0.666667
vt 0.875000 0.750000
vt 0.791667 0.750000
vt 0.708333 0.666667
vt 0.708333 0.750000
vt 0.125000 0.666667
vt 0.208333 0.666667
vt 0.208333 0.750000
vt 0.125000 0.750000
vt 0.625000 0.833333
vt 0.375000 0.833333
vt 0.208333 0.546522
vt 0.231642 0.500000
vt 0.291667 0.500000
vt 0.291667 0.583333
vt 0.208333 0.583333
vt 0.186707 0.500000
vt 0.398309 0.333333
vt 0.708333 0.500000
vt 0.771551 0.500000
vt 0.791667 0.545279
vt 0.791667 0.583333
vt 0.708333 0.583333
vt 0.625000 0.314670
vt 0.604884 0.333333
vt 0.125000 0.583333
vt 0.375000 0.311707
vt 0.625000 0.583333
vt 0.375000 0.356642
vt 0.625000 0.353449
vt 0.875000 0.583333
vt 0.375000 0.583333
vt 0.375000 0.000000
vt 0.625000 0.000000
vt 0.625000 0.083333
vt 0.375000 0.083333
vt 0.125000 0.500000
vt 0.810330 0.500000
vt 0.875000 0.500000
s 0
f 679/513/550 667/516/550 668/515/550 682/514/550
f 673/517/551 671/520/551 672/519/551 674/518/551
f 683/521/552 669/524/552 670/523/552 686/522/552
f 675/525/553 665/528/553 666/527/553 678/526/553
f 694/529/554 676/530/554 669/524/554 683/521/554
f 690/531/555 678/534/555 666/533/555 681/532/555
f 686/522/556 670/523/556 677/536/556 688/535/556
f 688/535/557 677/536/557 678/534/557 690/531/557
f 680/537/558 665/540/558 675/539/558 692/538/558
f 692/538/559 675/539/559 676/530/559 694/529/559
f 669/524/560 676/542/560 677/541/560 670/523/560
f 676/542/561 675/525/561 678/526/561 677/541/561
f 698/543/562 691/547/562 693/546/562 673/545/562 697/544/562
f 695/548/563 698/543/563 696/549/563
f 674/550/564 687/554/564 689/553/564 700/552/564 701/551/564
f 691/547/565 692/538/565 694/529/565 693/546/565
f 699/555/566 702/556/566 700/552/566
f 679/557/567 680/537/567 692/538/567 691/547/567
f 695/558/568 696/549/568 702/556/568 699/555/568
f 687/554/569 688/535/569 690/531/569 689/553/569
f 672/519/570 685/559/570 687/554/570 674/550/570
f 685/559/571 686/522/571 688/535/571 687/554/571
f 697/560/572 701/561/572 702/556/572 696/549/572
f 689/553/573 690/531/573 681/532/573 682/562/573
f 673/545/574 693/546/574 684/563/574 671/520/574
f 693/546/575 694/529/575 683/521/575 684/563/575
f 671/520/576 684/563/576 685/559/576 672/519/576
f 684/563/577 683/521/577 686/522/577 685/559/577
f 665/564/578 680/567/578 681/566/578 666/565/578
f 680/567/579 679/513/579 682/514/579 681/566/579
f 696/549/580 698/543/580 697/560/580
f 667/568/581 679/557/581 691/547/581 698/543/581 695/548/581
f 700/552/582 702/556/582 701/551/582
f 700/552/583 689/553/583 682/562/583 668/570/583 699/569/583
f 667/516/584 695/558/584 699/555/584 668/515/584
f 673/517/585 674/518/585 701/561/585 697/560/585
f 719/513/586 722/514/586 708/515/586 707/516/586
f 713/517/587 714/518/587 712/519/587 711/520/587
f 723/521/588 726/522/588 710/523/588 709/524/588
f 715/525/589 718/526/589 706/527/589 705/528/589
f 734/529/590 723/521/590 709/524/590 716/530/590
f 730/531/591 721/532/591 706/533/591 718/534/591
f 726/522/592 728/535/592 717/536/592 710/523/592
f 728/535/593 730/531/593 718/534/593 717/536/593
f 720/537/594 732/538/594 715/539/594 705/540/594
f 732/538/595 734/529/595 716/530/595 715/539/595
f 709/524/596 710/523/596 717/541/596 716/542/596
f 716/542/597 717/541/597 718/526/597 715/525/597
f 738/543/598 737/544/598 713/545/598 733/546/598 731/547/598
f 735/548/599 736/549/599 738/543/599
f 714/550/600 741/551/600 740/552/600 729/553/600 727/554/600
f 731/547/601 733/546/601 734/529/601 732/538/601
f 739/555/602 740/552/602 742/556/602
f 719/557/603 731/547/603 732/538/603 720/537/603
f 735/558/604 739/555/604 742/556/604 736/549/604
f 727/554/605 729/553/605 730/531/605 728/535/605
f 712/519/606 714/550/606 727/554/606 725/559/606
f 725/559/607 727/554/607 728/535/607 726/522/607
f 737/560/608 736/549/608 742/556/608 741/561/608
f 729/553/609 722/562/609 721/532/609 730/531/609
f 713/545/610 711/520/610 724/563/610 733/546/610
f 733/546/611 724/563/611 723/521/611 734/529/611
f 711/520/612 712/519/612 725/559/612 724/563/612
f 724/563/613 725/559/613 726/522/613 723/521/613
f 705/564/614 706/565/614 721/566/614 720/567/614
f 720/567/615 721/566/615 722/514/615 719/513/615
f 736/549/616 737/560/616 738/543/616
f 707/568/617 735/548/617 738/543/617 731/547/617 719/557/617
f 740/552/618 741/551/618 742/556/618
f 740/552/619 739/569/619 708/570/619 722/562/619 729/553/619
f 707/516/620 708/515/620 739/555/620 735/558/620
f 713/517/621 737/560/621 741/561/621 714/518/621
l 703 704
l 743 744
o tile2.002
v -0.217028 2.506763 -0.319394
v -0.224850 2.473100 -0.331987
v -0.163544 2.660202 -0.759992
v -0.171366 2.626508 -0.772585
v -0.489481 2.601948 -0.317030
v -0.497303 2.568253 -0.329624
v -0.459880 2.748056 -0.747328
v -0.467701 2.714378 -0.759921
v -0.369062 2.716365 -0.748116
v -0.278245 2.684479 -0.748904
v -0.286066 2.650838 -0.761497
v -0.376884 2.682723 -0.760709
v -0.312623 2.514991 -0.249168
v -0.403440 2.546853 -0.248380
v -0.411262 2.513201 -0.260974
v -0.320444 2.481354 -0.261762
v -0.181283 2.598261 -0.605488
v -0.191150 2.549562 -0.462055
v -0.198971 2.515886 -0.474649
v -0.189104 2.564579 -0.618081
v -0.499430 2.658261 -0.462447
v -0.489563 2.706979 -0.605880
v -0.497384 2.673283 -0.618473
v -0.507251 2.624559 -0.475041
v -0.386751 2.634072 -0.617277
v -0.396618 2.585418 -0.473844
v -0.295933 2.602191 -0.618065
v -0.305800 2.553546 -0.474632
v -0.288112 2.635831 -0.605471
v -0.297979 2.587185 -0.462038
v -0.378929 2.667716 -0.604683
v -0.388796 2.619064 -0.461251
v -0.217028 2.506763 -1.238055
v -0.224850 2.473101 -1.225461
v -0.163544 2.660202 -0.797457
v -0.171366 2.626508 -0.784863
v -0.489481 2.601948 -1.240418
v -0.497303 2.568253 -1.227825
v -0.459880 2.748056 -0.810121
v -0.467701 2.714378 -0.797527
v -0.369062 2.716365 -0.809333
v -0.278245 2.684479 -0.808545
v -0.286066 2.650838 -0.795951
v -0.376884 2.682723 -0.796739
v -0.312623 2.514991 -1.308280
v -0.403440 2.546853 -1.309068
v -0.411262 2.513201 -1.296475
v -0.320444 2.481354 -1.295687
v -0.181283 2.598260 -0.951961
v -0.191150 2.549562 -1.095393
v -0.198971 2.515886 -1.082800
v -0.189104 2.564579 -0.939367
v -0.499430 2.658261 -1.095001
v -0.489563 2.706979 -0.951569
v -0.497384 2.673283 -0.938975
v -0.507251 2.624559 -1.082408
v -0.386751 2.634072 -0.940172
v -0.396618 2.585418 -1.083604
v -0.295933 2.602191 -0.939384
v -0.305800 2.553546 -1.082817
v -0.288112 2.635831 -0.951977
v -0.297979 2.587185 -1.095410
v -0.378929 2.667716 -0.952765
v -0.388796 2.619064 -1.096198
vn 0.9724 -0.2326 0.0184
vn 0.1058 0.3268 -0.9392
vn -0.9751 0.1759 0.1348
vn 0.5191 -0.4028 0.7539
vn 0.3128 0.8927 0.3243
vn -0.3149 -0.8920 -0.3244
vn -0.3124 -0.8928 -0.3244
vn -0.3157 -0.8918 -0.3242
vn 0.3146 0.8921 0.3244
vn 0.3158 0.8917 0.3242
vn -0.6653 -0.1210 0.7367
vn -0.1065 -0.3268 0.9391
vn -0.0155 0.3535 -0.9353
vn 0.1066 0.3268 -0.9391
vn 0.3159 0.8917 0.3242
vn 0.2677 0.8949 0.3570
vn 0.3141 0.8923 0.3244
vn -0.3159 -0.8917 -0.3242
vn -0.3158 -0.8917 -0.3242
vn -0.3133 -0.8924 -0.3246
vn -0.3126 -0.8927 -0.3245
vn -0.2681 -0.8948 -0.3569
vn -0.3144 -0.8922 -0.3244
vn 0.3136 0.8923 0.3246
vn 0.3130 0.8926 0.3245
vn -0.9556 0.2678 -0.1228
vn -0.9748 0.2230 0.0087
vn 0.9610 -0.2593 0.0965
vn 0.9748 -0.2231 -0.0087
vn 0.9724 -0.2326 -0.0184
vn 0.1058 0.3268 0.9392
vn -0.9751 0.1759 -0.1348
vn 0.5191 -0.4028 -0.7539
vn 0.3128 0.8927 -0.3243
vn -0.3149 -0.8920 0.3244
vn -0.3124 -0.8928 0.3244
vn -0.3157 -0.8918 0.3242
vn 0.3146 0.8921 -0.3244
vn 0.3158 0.8917 -0.3242
vn -0.6653 -0.1210 -0.7367
vn -0.1065 -0.3268 -0.9391
vn -0.0155 0.3535 0.9353
vn 0.1066 0.3268 0.9391
vn 0.3159 0.8917 -0.3242
vn 0.2677 0.8949 -0.3570
vn 0.3141 0.8923 -0.3244
vn -0.3159 -0.8917 0.3242
vn -0.3158 -0.8917 0.3242
vn -0.3133 -0.8924 0.3246
vn -0.3126 -0.8927 0.3245
vn -0.2681 -0.8948 0.3569
vn -0.3144 -0.8922 0.3244
vn 0.3136 0.8923 -0.3246
vn 0.3130 0.8926 -0.3245
vn -0.9556 0.2678 0.1228
vn -0.9748 0.2230 -0.0087
vn 0.9610 -0.2593 -0.0965
vn 0.9748 -0.2231 0.0087
vt 0.375000 0.166667
vt 0.625000 0.166667
vt 0.625000 0.250000
vt 0.375000 0.250000
vt 0.375000 0.416667
vt 0.625000 0.416667
vt 0.625000 0.500000
vt 0.375000 0.500000
vt 0.375000 0.666667
vt 0.625000 0.666667
vt 0.625000 0.750000
vt 0.375000 0.750000
vt 0.375000 0.916667
vt 0.625000 0.916667
vt 0.625000 1.000000
vt 0.375000 1.000000
vt 0.291667 0.666667
vt 0.291667 0.750000
vt 0.791667 0.666667
vt 0.875000 0.666667
vt 0.875000 0.750000
vt 0.791667 0.750000
vt 0.708333 0.666667
vt 0.708333 0.750000
vt 0.125000 0.666667
vt 0.208333 0.666667
vt 0.208333 0.750000
vt 0.125000 0.750000
vt 0.625000 0.833333
vt 0.375000 0.833333
vt 0.625000 0.333333
vt 0.375000 0.333333
vt 0.208333 0.500000
vt 0.291667 0.500000
vt 0.291667 0.583333
vt 0.208333 0.583333
vt 0.125000 0.500000
vt 0.125000 0.583333
vt 0.708333 0.500000
vt 0.791667 0.500000
vt 0.791667 0.583333
vt 0.708333 0.583333
vt 0.625000 0.583333
vt 0.875000 0.500000
vt 0.875000 0.583333
vt 0.375000 0.583333
vt 0.375000 0.000000
vt 0.625000 0.000000
vt 0.625000 0.083333
vt 0.375000 0.083333
s 0
f 761/571/622 764/572/622 748/573/622 747/574/622
f 753/575/623 756/576/623 752/577/623 751/578/623
f 765/579/624 768/580/624 750/581/624 749/582/624
f 757/583/625 760/584/625 746/585/625 745/586/625
f 776/587/626 765/579/626 749/582/626 758/588/626
f 772/589/627 763/590/627 746/591/627 760/592/627
f 768/580/628 770/593/628 759/594/628 750/581/628
f 770/593/629 772/589/629 760/592/629 759/594/629
f 762/595/630 774/596/630 757/597/630 745/598/630
f 774/596/631 776/587/631 758/588/631 757/597/631
f 749/582/632 750/581/632 759/599/632 758/600/632
f 758/600/633 759/599/633 760/584/633 757/583/633
f 747/574/634 748/573/634 755/601/634 754/602/634
f 754/602/635 755/601/635 756/576/635 753/575/635
f 754/603/636 753/604/636 775/605/636 773/606/636
f 773/606/636 775/605/636 776/587/636 774/596/636
f 747/607/637 754/603/637 773/606/637 761/608/637
f 761/608/638 773/606/638 774/596/638 762/595/638
f 756/609/639 755/610/639 771/611/639 769/612/639
f 769/612/640 771/611/640 772/589/640 770/593/640
f 752/577/641 756/609/641 769/612/641 767/613/641
f 767/613/642 769/612/642 770/593/642 768/580/642
f 755/610/643 748/614/643 764/615/643 771/611/643
f 771/611/644 764/615/644 763/590/644 772/589/644
f 753/604/645 751/578/645 766/616/645 775/605/645
f 775/605/646 766/616/646 765/579/646 776/587/646
f 751/578/647 752/577/647 767/613/647 766/616/647
f 766/616/648 767/613/648 768/580/648 765/579/648
f 745/617/649 746/618/649 763/619/649 762/620/649
f 762/620/650 763/619/650 764/572/650 761/571/650
f 793/571/651 779/574/651 780/573/651 796/572/651
f 785/575/652 783/578/652 784/577/652 788/576/652
f 797/579/653 781/582/653 782/581/653 800/580/653
f 789/583/654 777/586/654 778/585/654 792/584/654
f 808/587/655 790/588/655 781/582/655 797/579/655
f 804/589/656 792/592/656 778/591/656 795/590/656
f 800/580/657 782/581/657 791/594/657 802/593/657
f 802/593/658 791/594/658 792/592/658 804/589/658
f 794/595/659 777/598/659 789/597/659 806/596/659
f 806/596/660 789/597/660 790/588/660 808/587/660
f 781/582/661 790/600/661 791/599/661 782/581/661
f 790/600/662 789/583/662 792/584/662 791/599/662
f 779/574/663 786/602/663 787/601/663 780/573/663
f 786/602/664 785/575/664 788/576/664 787/601/664
f 786/603/665 805/606/665 807/605/665 785/604/665
f 805/606/665 806/596/665 808/587/665 807/605/665
f 779/607/666 793/608/666 805/606/666 786/603/666
f 793/608/667 794/595/667 806/596/667 805/606/667
f 788/609/668 801/612/668 803/611/668 787/610/668
f 801/612/669 802/593/669 804/589/669 803/611/669
f 784/577/670 799/613/670 801/612/670 788/609/670
f 799/613/671 800/580/671 802/593/671 801/612/671
f 787/610/672 803/611/672 796/615/672 780/614/672
f 803/611/673 804/589/673 795/590/673 796/615/673
f 785/604/674 807/605/674 798/616/674 783/578/674
f 807/605/675 808/587/675 797/579/675 798/616/675
f 783/578/676 798/616/676 799/613/676 784/577/676
f 798/616/677 797/579/677 800/580/677 799/613/677
f 777/617/678 794/620/678 795/619/678 778/618/678
f 794/620/679 793/571/679 796/572/679 795/619/679
o tile2.003
v 0.346423 2.425655 -0.319394
v 0.338601 2.391134 -0.331987
v 0.399907 2.585264 -0.759992
v 0.392085 2.550637 -0.772585
v 0.073970 2.499693 -0.317030
v 0.066149 2.465706 -0.329624
v 0.103572 2.647074 -0.747328
v 0.095750 2.613033 -0.759921
v 0.194389 2.620985 -0.748116
v 0.285207 2.596983 -0.748904
v 0.277385 2.562583 -0.761497
v 0.186568 2.586765 -0.760709
v 0.250829 2.424269 -0.249168
v 0.160011 2.449061 -0.248380
v 0.152189 2.414909 -0.260974
v 0.243007 2.389937 -0.261761
v 0.382169 2.521221 -0.605488
v 0.372302 2.471377 -0.462055
v 0.364480 2.436804 -0.474649
v 0.374347 2.486629 -0.618081
v 0.064021 2.555639 -0.462447
v 0.073889 2.604721 -0.605880
v 0.066067 2.570734 -0.618473
v 0.056200 2.521669 -0.475041
v 0.176700 2.537409 -0.617277
v 0.166833 2.488078 -0.473844
v 0.267518 2.513000 -0.618065
v 0.257651 2.463442 -0.474632
v 0.275340 2.547381 -0.605471
v 0.265472 2.497803 -0.462038
v 0.184522 2.571609 -0.604683
v 0.174655 2.522259 -0.461250
v 0.346423 2.425655 -1.238055
v 0.338601 2.391134 -1.225461
v 0.399907 2.585264 -0.797457
v 0.392085 2.550637 -0.784863
v 0.073970 2.499693 -1.240418
v 0.066149 2.465706 -1.227825
v 0.103572 2.647074 -0.810121
v 0.095750 2.613033 -0.797527
v 0.194389 2.620985 -0.809333
v 0.285207 2.596983 -0.808545
v 0.277385 2.562583 -0.795951
v 0.186568 2.586765 -0.796739
v 0.250829 2.424269 -1.308281
v 0.160011 2.449061 -1.309068
v 0.152189 2.414909 -1.296475
v 0.243007 2.389937 -1.295687
v 0.382169 2.521221 -0.951961
v 0.372302 2.471377 -1.095393
v 0.364480 2.436804 -1.082799
v 0.374347 2.486629 -0.939367
v 0.064021 2.555639 -1.095001
v 0.073889 2.604721 -0.951569
v 0.066067 2.570734 -0.938975
v 0.056200 2.521669 -1.082408
v 0.176700 2.537409 -0.940172
v 0.166833 2.488078 -1.083604
v 0.267518 2.513000 -0.939384
v 0.257651 2.463442 -1.082817
v 0.275340 2.547381 -0.951977
v 0.265472 2.497803 -1.095410
v 0.184522 2.571609 -0.952765
v 0.174655 2.522259 -1.096198
vn 0.9738 -0.2266 0.0179
vn 0.0862 0.3274 -0.9409
vn -0.9754 0.1749 0.1340
vn 0.5475 -0.3944 0.7380
vn 0.2694 0.9048 0.3297
vn -0.2304 -0.9144 -0.3328
vn -0.2710 -0.9044 -0.3295
vn -0.2513 -0.9097 -0.3307
vn 0.2287 0.9148 0.3329
vn 0.2496 0.9101 0.3308
vn -0.6618 -0.1215 0.7397
vn -0.0816 -0.3276 0.9413
vn -0.0539 0.3530 -0.9341
vn 0.0787 0.3276 -0.9415
vn 0.2448 0.9112 0.3312
vn 0.2470 0.9107 0.3311
vn 0.1747 0.9145 0.3650
vn 0.2254 0.9156 0.3329
vn -0.2465 -0.9108 -0.3311
vn -0.2487 -0.9103 -0.3309
vn -0.2673 -0.9059 -0.3286
vn -0.2701 -0.9049 -0.3290
vn -0.1764 -0.9142 -0.3649
vn -0.2271 -0.9153 -0.3327
vn 0.2657 0.9063 0.3287
vn 0.2685 0.9053 0.3291
vn -0.9566 0.2649 -0.1215
vn -0.9752 0.2213 0.0086
vn 0.9631 -0.2523 0.0939
vn 0.9760 -0.2177 -0.0085
vn 0.9738 -0.2266 -0.0179
vn 0.0862 0.3274 0.9409
vn -0.9754 0.1749 -0.1340
vn 0.5475 -0.3944 -0.7380
vn 0.2694 0.9048 -0.3297
vn -0.2304 -0.9144 0.3328
vn -0.2710 -0.9044 0.3295
vn -0.2513 -0.9097 0.3307
vn 0.2287 0.9148 -0.3329
vn 0.2496 0.9101 -0.3308
vn -0.6618 -0.1215 -0.7397
vn -0.0816 -0.3276 -0.9413
vn -0.0539 0.3530 0.9341
vn 0.0787 0.3276 0.9415
vn 0.2448 0.9112 -0.3312
vn 0.2470 0.9107 -0.3311
vn 0.1747 0.9145 -0.3650
vn 0.2254 0.9156 -0.3329
vn -0.2465 -0.9108 0.3311
vn -0.2487 -0.9103 0.3309
vn -0.2673 -0.9059 0.3286
vn -0.2701 -0.9049 0.3290
vn -0.1764 -0.9142 0.3649
vn -0.2271 -0.9153 0.3327
vn 0.2657 0.9063 -0.3287
vn 0.2685 0.9053 -0.3291
vn -0.9566 0.2649 0.1215
vn -0.9752 0.2213 -0.0086
vn 0.9631 -0.2523 -0.0939
vn 0.9760 -0.2177 0.0085
vt 0.375000 0.166667
vt 0.625000 0.166667
vt 0.625000 0.250000
vt 0.375000 0.250000
vt 0.375000 0.416667
vt 0.625000 0.416667
vt 0.625000 0.500000
vt 0.375000 0.500000
vt 0.375000 0.666667
vt 0.625000 0.666667
vt 0.625000 0.750000
vt 0.375000 0.750000
vt 0.375000 0.916667
vt 0.625000 0.916667
vt 0.625000 1.000000
vt 0.375000 1.000000
vt 0.291667 0.666667
vt 0.291667 0.750000
vt 0.791667 0.666667
vt 0.875000 0.666667
vt 0.875000 0.750000
vt 0.791667 0.750000
vt 0.708333 0.666667
vt 0.708333 0.750000
vt 0.125000 0.666667
vt 0.208333 0.666667
vt 0.208333 0.750000
vt 0.125000 0.750000
vt 0.625000 0.833333
vt 0.375000 0.833333
vt 0.625000 0.333333
vt 0.375000 0.333333
vt 0.208333 0.500000
vt 0.291667 0.500000
vt 0.291667 0.583333
vt 0.208333 0.583333
vt 0.125000 0.500000
vt 0.125000 0.583333
vt 0.708333 0.500000
vt 0.791667 0.500000
vt 0.791667 0.583333
vt 0.708333 0.583333
vt 0.625000 0.583333
vt 0.875000 0.500000
vt 0.875000 0.583333
vt 0.375000 0.583333
vt 0.375000 0.000000
vt 0.625000 0.000000
vt 0.625000 0.083333
vt 0.375000 0.083333
s 0
f 825/621/680 828/622/680 812/623/680 811/624/680
f 817/625/681 820/626/681 816/627/681 815/628/681
f 829/629/682 832/630/682 814/631/682 813/632/682
f 821/633/683 824/634/683 810/635/683 809/636/683
f 840/637/684 829/629/684 813/632/684 822/638/684
f 836/639/685 827/640/685 810/641/685 824/642/685
f 832/630/686 834/643/686 823/644/686 814/631/686
f 834/643/687 836/639/687 824/642/687 823/644/687
f 826/645/688 838/646/688 821/647/688 809/648/688
f 838/646/689 840/637/689 822/638/689 821/647/689
f 813/632/690 814/631/690 823/649/690 822/650/690
f 822/650/691 823/649/691 824/634/691 821/633/691
f 811/624/692 812/623/692 819/651/692 818/652/692
f 818/652/693 819/651/693 820/626/693 817/625/693
f 818/653/694 817/654/694 839/655/694 837/656/694
f 837/656/695 839/655/695 840/637/695 838/646/695
f 811/657/696 818/653/696 837/656/696 825/658/696
f 825/658/697 837/656/697 838/646/697 826/645/697
f 820/659/698 819/660/698 835/661/698 833/662/698
f 833/662/699 835/661/699 836/639/699 834/643/699
f 816/627/700 820/659/700 833/662/700 831/663/700
f 831/663/701 833/662/701 834/643/701 832/630/701
f 819/660/702 812/664/702 828/665/702 835/661/702
f 835/661/703 828/665/703 827/640/703 836/639/703
f 817/654/704 815/628/704 830/666/704 839/655/704
f 839/655/705 830/666/705 829/629/705 840/637/705
f 815/628/706 816/627/706 831/663/706 830/666/706
f 830/666/707 831/663/707 832/630/707 829/629/707
f 809/667/708 810/668/708 827/669/708 826/670/708
f 826/670/709 827/669/709 828/622/709 825/621/709
f 857/621/710 843/624/710 844/623/710 860/622/710
f 849/625/711 847/628/711 848/627/711 852/626/711
f 861/629/712 845/632/712 846/631/712 864/630/712
f 853/633/713 841/636/713 842/635/713 856/634/713
f 872/637/714 854/638/714 845/632/714 861/629/714
f 868/639/715 856/642/715 842/641/715 859/640/715
f 864/630/716 846/631/716 855/644/716 866/643/716
f 866/643/717 855/644/717 856/642/717 868/639/717
f 858/645/718 841/648/718 853/647/718 870/646/718
f 870/646/719 853/647/719 854/638/719 872/637/719
f 845/632/720 854/650/720 855/649/720 846/631/720
f 854/650/721 853/633/721 856/634/721 855/649/721
f 843/624/722 850/652/722 851/651/722 844/623/722
f 850/652/723 849/625/723 852/626/723 851/651/723
f 850/653/724 869/656/724 871/655/724 849/654/724
f 869/656/725 870/646/725 872/637/725 871/655/725
f 843/657/726 857/658/726 869/656/726 850/653/726
f 857/658/727 858/645/727 870/646/727 869/656/727
f 852/659/728 865/662/728 867/661/728 851/660/728
f 865/662/729 866/643/729 868/639/729 867/661/729
f 848/627/730 863/663/730 865/662/730 852/659/730
f 863/663/731 864/630/731 866/643/731 865/662/731
f 851/660/732 867/661/732 860/665/732 844/664/732
f 867/661/733 868/639/733 859/640/733 860/665/733
f 849/654/734 871/655/734 862/666/734 847/628/734
f 871/655/735 872/637/735 861/629/735 862/666/735
f 847/628/736 862/666/736 863/663/736 848/627/736
f 862/666/737 861/629/737 864/630/737 863/663/737
f 841/667/738 858/670/738 859/669/738 842/668/738
f 858/670/739 857/621/739 860/622/739 859/669/739
o tile1.004
v 0.664774 2.596983 -0.705841
v 0.656624 2.561353 -0.720605
v 0.612773 2.427737 -0.281773
v 0.604574 2.391996 -0.296628
v 0.364976 2.667244 -0.727318
v 0.356827 2.632232 -0.742082
v 0.340968 2.489172 -0.289641
v 0.332768 2.453995 -0.304496
v 0.424485 2.444314 -0.230187
v 0.416286 2.408964 -0.245041
v 0.574724 2.614080 -0.708448
v 0.484674 2.633230 -0.711055
v 0.476524 2.597971 -0.725819
v 0.566574 2.578636 -0.723212
v 0.647361 2.483183 -0.421729
v 0.665974 2.539617 -0.562981
v 0.656722 2.499166 -0.579742
v 0.638168 2.443031 -0.438384
v 0.359290 2.606158 -0.571859
v 0.342609 2.550667 -0.430551
v 0.333416 2.511224 -0.447206
v 0.350038 2.566426 -0.588620
v 0.435000 2.485881 -0.444265
v 0.452266 2.541361 -0.585661
v 0.536584 2.463150 -0.441325
v 0.554494 2.518941 -0.582701
v 0.545777 2.503066 -0.424670
v 0.563746 2.559152 -0.565940
v 0.444193 2.525561 -0.427610
v 0.461518 2.581333 -0.568900
v 0.540438 2.424496 -0.241632
v 0.523811 2.450449 -0.305069
v 0.489745 2.429238 -0.228297
v 0.532220 2.467966 -0.337600
v 0.528765 2.388790 -0.254559
v 0.523023 2.428867 -0.350494
v 0.485017 2.392973 -0.243052
v 0.517036 2.421067 -0.317343
v 0.523811 2.450449 -0.305069
v 0.517036 2.421067 -0.317343
v 0.664774 2.596983 -0.851607
v 0.656624 2.561352 -0.836843
v 0.612774 2.427737 -1.275675
v 0.604574 2.391996 -1.260821
v 0.364976 2.667244 -0.830130
v 0.356827 2.632232 -0.815366
v 0.340968 2.489172 -1.267807
v 0.332768 2.453995 -1.252952
v 0.424485 2.444314 -1.327262
v 0.416286 2.408964 -1.312407
v 0.574724 2.614080 -0.849000
v 0.484674 2.633230 -0.846394
v 0.476524 2.597971 -0.831630
v 0.566574 2.578636 -0.834236
v 0.647361 2.483183 -1.135720
v 0.665974 2.539616 -0.994467
v 0.656722 2.499166 -0.977706
v 0.638168 2.443031 -1.119064
v 0.359290 2.606158 -0.985589
v 0.342609 2.550667 -1.126898
v 0.333416 2.511224 -1.110242
v 0.350038 2.566426 -0.968829
v 0.435000 2.485881 -1.113183
v 0.452266 2.541361 -0.971788
v 0.536584 2.463150 -1.116124
v 0.554494 2.518941 -0.974747
v 0.545777 2.503066 -1.132779
v 0.563746 2.559152 -0.991508
v 0.444193 2.525561 -1.129838
v 0.461518 2.581333 -0.988549
v 0.540438 2.424496 -1.315817
v 0.523811 2.450449 -1.252380
v 0.489745 2.429238 -1.329151
v 0.532220 2.467966 -1.219849
v 0.528765 2.388790 -1.302889
v 0.523023 2.428867 -1.206954
v 0.485017 2.392973 -1.314397
v 0.517036 2.421067 -1.240105
v 0.523811 2.450449 -1.252380
v 0.517036 2.421067 -1.240105
vn 0.9538 -0.2718 0.1281
vn -0.6310 -0.1719 0.7565
vn -0.9770 0.2081 0.0460
vn 0.0961 0.3630 -0.9268
vn 0.2090 0.9074 0.3647
vn -0.1625 -0.9029 -0.3980
vn -0.2052 -0.8955 -0.3950
vn -0.1838 -0.8994 -0.3965
vn 0.1639 0.9160 0.3661
vn 0.1856 0.9125 0.3647
vn 0.2198 0.3341 -0.9165
vn 0.1043 0.3627 -0.9260
vn 0.1912 0.9002 0.3913
vn -0.2191 0.8816 0.4181
vn -0.1955 -0.9080 -0.3706
vn 0.1873 0.9051 0.3817
vn -0.5795 -0.7637 -0.2844
vn 0.1647 0.9088 0.3833
vn -0.9455 0.1576 0.2851
vn -0.1896 -0.9054 -0.3799
vn -0.2199 -0.9038 -0.3670
vn -0.2119 -0.9012 -0.3781
vn 0.9089 -0.2847 0.3047
vn -0.1669 -0.9092 -0.3815
vn 0.2070 0.8967 0.3914
vn 0.2097 0.9009 0.3799
vn -0.9777 0.1965 0.0744
vn -0.9716 0.2357 -0.0222
vn 0.9784 -0.1889 -0.0841
vn 0.9711 -0.2362 0.0336
vn 0.7241 0.5116 0.4626
vn 0.1720 0.9023 0.3953
vn 0.4924 -0.8629 -0.1141
vn -0.1691 -0.9135 -0.3700
vn 0.4524 -0.4297 0.7815
vn -0.1109 -0.3626 0.9253
vn 0.9538 -0.2718 -0.1281
vn -0.6310 -0.1719 -0.7565
vn -0.9770 0.2081 -0.0460
vn 0.0961 0.3630 0.9268
vn 0.2090 0.9074 -0.3647
vn -0.1625 -0.9029 0.3980
vn -0.2052 -0.8955 0.3950
vn -0.1838 -0.8994 0.3965
vn 0.1639 0.9160 -0.3661
vn 0.1856 0.9125 -0.3647
vn 0.2198 0.3341 0.9165
vn 0.1043 0.3627 0.9260
vn 0.1912 0.9002 -0.3913
vn -0.2191 0.8816 -0.4181
vn -0.1955 -0.9080 0.3706
vn 0.1873 0.9051 -0.3817
vn -0.5796 -0.7637 0.2844
vn 0.1647 0.9088 -0.3833
vn -0.9455 0.1576 -0.2851
vn -0.1896 -0.9054 0.3799
vn -0.2199 -0.9038 0.3670
vn -0.2119 -0.9012 0.3781
vn 0.9089 -0.2847 -0.3047
vn -0.1669 -0.9092 0.3815
vn 0.2070 0.8967 -0.3914
vn 0.2097 0.9009 -0.3799
vn -0.9777 0.1965 -0.0744
vn -0.9716 0.2357 0.0222
vn 0.9784 -0.1889 0.0841
vn 0.9711 -0.2362 -0.0336
vn 0.7241 0.5116 -0.4626
vn 0.1720 0.9023 -0.3953
vn 0.4924 -0.8629 0.1141
vn -0.1691 -0.9135 0.3700
vn 0.4524 -0.4297 -0.7815
vn -0.1109 -0.3626 -0.9253
vt 0.375000 0.166667
vt 0.625000 0.166667
vt 0.625000 0.250000
vt 0.375000 0.250000
vt 0.375000 0.416667
vt 0.625000 0.416667
vt 0.625000 0.500000
vt 0.375000 0.500000
vt 0.375000 0.666667
vt 0.625000 0.666667
vt 0.625000 0.750000
vt 0.375000 0.750000
vt 0.375000 0.916667
vt 0.625000 0.916667
vt 0.625000 1.000000
vt 0.375000 1.000000
vt 0.291667 0.666667
vt 0.291667 0.750000
vt 0.791667 0.666667
vt 0.875000 0.666667
vt 0.875000 0.750000
vt 0.791667 0.750000
vt 0.708333 0.666667
vt 0.708333 0.750000
vt 0.125000 0.666667
vt 0.208333 0.666667
vt 0.208333 0.750000
vt 0.125000 0.750000
vt 0.625000 0.833333
vt 0.375000 0.833333
vt 0.208333 0.546522
vt 0.231642 0.500000
vt 0.291667 0.500000
vt 0.291667 0.583333
vt 0.208333 0.583333
vt 0.186707 0.500000
vt 0.398309 0.333333
vt 0.708333 0.500000
vt 0.771551 0.500000
vt 0.791667 0.545279
vt 0.791667 0.583333
vt 0.708333 0.583333
vt 0.625000 0.314670
vt 0.604884 0.333333
vt 0.125000 0.583333
vt 0.375000 0.311707
vt 0.625000 0.583333
vt 0.375000 0.356642
vt 0.625000 0.353449
vt 0.875000 0.583333
vt 0.375000 0.583333
vt 0.375000 0.000000
vt 0.625000 0.000000
vt 0.625000 0.083333
vt 0.375000 0.083333
vt 0.125000 0.500000
vt 0.810330 0.500000
vt 0.875000 0.500000
s 0
f 887/671/740 875/674/740 876/673/740 890/672/740
f 881/675/741 879/678/741 880/677/741 882/676/741
f 891/679/742 877/682/742 878/681/742 894/680/742
f 883/683/743 873/686/743 874/685/743 886/684/743
f 902/687/744 884/688/744 877/682/744 891/679/744
f 898/689/745 886/692/745 874/691/745 889/690/745
f 894/680/746 878/681/746 885/694/746 896/693/746
f 896/693/747 885/694/747 886/692/747 898/689/747
f 888/695/748 873/698/748 883/697/748 900/696/748
f 900/696/749 883/697/749 884/688/749 902/687/749
f 877/682/750 884/700/750 885/699/750 878/681/750
f 884/700/751 883/683/751 886/684/751 885/699/751
f 906/701/752 899/705/752 901/704/752 881/703/752 905/702/752
f 903/706/753 906/701/753 904/707/753
f 882/708/754 895/712/754 897/711/754 908/710/754 909/709/754
f 899/705/755 900/696/755 902/687/755 901/704/755
f 907/713/756 910/714/756 908/710/756
f 887/715/757 888/695/757 900/696/757 899/705/757
f 903/716/758 904/707/758 910/714/758 907/713/758
f 895/712/759 896/693/759 898/689/759 897/711/759
f 880/677/760 893/717/760 895/712/760 882/708/760
f 893/717/761 894/680/761 896/693/761 895/712/761
f 905/718/762 909/719/762 910/714/762 904/707/762
f 897/711/763 898/689/763 889/690/763 890/720/763
f 881/703/764 901/704/764 892/721/764 879/678/764
f 901/704/765 902/687/765 891/679/765 892/721/765
f 879/678/766 892/721/766 893/717/766 880/677/766
f 892/721/767 891/679/767 894/680/767 893/717/767
f 873/722/768 888/725/768 889/724/768 874/723/768
f 888/725/769 887/671/769 890/672/769 889/724/769
f 904/707/770 906/701/770 905/718/770
f 875/726/771 887/715/771 899/705/771 906/701/771 903/706/771
f 908/710/772 910/714/772 909/709/772
f 908/710/773 897/711/773 890/720/773 876/728/773 907/727/773
f 875/674/774 903/716/774 907/713/774 876/673/774
f 881/675/775 882/676/775 909/719/775 905/718/775
f 927/671/776 930/672/776 916/673/776 915/674/776
f 921/675/777 922/676/777 920/677/777 919/678/777
f 931/679/778 934/680/778 918/681/778 917/682/778
f 923/683/779 926/684/779 914/685/779 913/686/779
f 942/687/780 931/679/780 917/682/780 924/688/780
f 938/689/781 929/690/781 914/691/781 926/692/781
f 934/680/782 936/693/782 925/694/782 918/681/782
f 936/693/783 938/689/783 926/692/783 925/694/783
f 928/695/784 940/696/784 923/697/784 913/698/784
f 940/696/785 942/687/785 924/688/785 923/697/785
f 917/682/786 918/681/786 925/699/786 924/700/786
f 924/700/787 925/699/787 926/684/787 923/683/787
f 946/701/788 945/702/788 921/703/788 941/704/788 939/705/788
f 943/706/789 944/707/789 946/701/789
f 922/708/790 949/709/790 948/710/790 937/711/790 935/712/790
f 939/705/791 941/704/791 942/687/791 940/696/791
f 947/713/792 948/710/792 950/714/792
f 927/715/793 939/705/793 940/696/793 928/695/793
f 943/716/794 947/713/794 950/714/794 944/707/794
f 935/712/795 937/711/795 938/689/795 936/693/795
f 920/677/796 922/708/796 935/712/796 933/717/796
f 933/717/797 935/712/797 936/693/797 934/680/797
f 945/718/798 944/707/798 950/714/798 949/719/798
f 937/711/799 930/720/799 929/690/799 938/689/799
f 921/703/800 919/678/800 932/721/800 941/704/800
f 941/704/801 932/721/801 931/679/801 942/687/801
f 919/678/802 920/677/802 933/717/802 932/721/802
f 932/721/803 933/717/803 934/680/803 931/679/803
f 913/722/804 914/723/804 929/724/804 928/725/804
f 928/725/805 929/724/805 930/672/805 927/671/805
f 944/707/806 945/718/806 946/701/806
f 915/726/807 943/706/807 946/701/807 939/705/807 927/715/807
f 948/710/808 949/709/808 950/714/808
f 948/710/809 947/727/809 916/728/809 930/720/809 937/711/809
f 915/674/810 916/673/810 947/713/810 943/716/810
f 921/675/811 945/718/811 949/719/811 922/676/811
l 911 912
l 951 952
o tile2.004
v 0.899051 2.493866 -0.319394
v 0.891229 2.458344 -0.331987
v 0.952535 2.660106 -0.759992
v 0.944713 2.624534 -0.772586
v 0.626598 2.530676 -0.317030
v 0.618777 2.495601 -0.329624
v 0.656200 2.682189 -0.747328
v 0.648378 2.647055 -0.759921
v 0.747017 2.668784 -0.748116
v 0.837835 2.657193 -0.748904
v 0.830013 2.621746 -0.761497
v 0.739195 2.633476 -0.760709
v 0.803456 2.479839 -0.249168
v 0.712639 2.492069 -0.248380
v 0.704817 2.456823 -0.260974
v 0.795635 2.444441 -0.261762
v 0.934797 2.593907 -0.605488
v 0.924930 2.542844 -0.462055
v 0.917108 2.507296 -0.474649
v 0.926975 2.558350 -0.618081
v 0.616649 2.585238 -0.462447
v 0.626516 2.635692 -0.605880
v 0.618695 2.600617 -0.618473
v 0.608828 2.550182 -0.475041
v 0.729328 2.582746 -0.617277
v 0.719461 2.532037 -0.473844
v 0.820146 2.570834 -0.618065
v 0.810279 2.519940 -0.474632
v 0.827967 2.606268 -0.605471
v 0.818100 2.555360 -0.462038
v 0.737150 2.618036 -0.604683
v 0.727283 2.567310 -0.461251
v 0.899051 2.493866 -1.238055
v 0.891229 2.458344 -1.225461
v 0.952535 2.660106 -0.797457
v 0.944713 2.624534 -0.784863
v 0.626598 2.530677 -1.240418
v 0.618777 2.495601 -1.227825
v 0.656200 2.682189 -0.810121
v 0.648378 2.647055 -0.797527
v 0.747017 2.668784 -0.809333
v 0.837835 2.657193 -0.808545
v 0.830013 2.621746 -0.795951
v 0.739195 2.633476 -0.796739
v 0.803457 2.479840 -1.308281
v 0.712639 2.492068 -1.309068
v 0.704817 2.456823 -1.296475
v 0.795635 2.444440 -1.295687
v 0.934797 2.593907 -0.951961
v 0.924930 2.542844 -1.095393
v 0.917108 2.507296 -1.082800
v 0.926975 2.558350 -0.939367
v 0.616649 2.585238 -1.095001
v 0.626516 2.635692 -0.951569
v 0.618695 2.600617 -0.938975
v 0.608828 2.550182 -1.082408
v 0.729328 2.582746 -0.940172
v 0.719461 2.532037 -1.083604
v 0.820146 2.570834 -0.939384
v 0.810279 2.519940 -1.082816
v 0.827967 2.606268 -0.951977
v 0.818100 2.555360 -1.095410
v 0.737150 2.618036 -0.952765
v 0.727283 2.567310 -1.096198
vn 0.9752 -0.2206 0.0174
vn 0.0406 0.3284 -0.9437
vn -0.9766 0.1708 0.1309
vn 0.5826 -0.3831 0.7168
vn 0.1469 0.9294 0.3386
vn -0.1121 -0.9339 -0.3397
vn -0.1487 -0.9291 -0.3385
vn -0.1286 -0.9320 -0.3388
vn 0.1109 0.9340 0.3397
vn 0.1270 0.9322 0.3389
vn -0.6521 -0.1229 0.7481
vn -0.0363 -0.3285 0.9438
vn -0.0987 0.3519 -0.9308
vn 0.0340 0.3285 -0.9439
vn 0.1229 0.9327 0.3390
vn 0.1247 0.9325 0.3390
vn 0.0581 0.9273 0.3699
vn 0.1088 0.9343 0.3396
vn -0.1243 -0.9325 -0.3390
vn -0.1262 -0.9323 -0.3389
vn -0.1445 -0.9302 -0.3374
vn -0.1476 -0.9295 -0.3379
vn -0.0591 -0.9272 -0.3699
vn -0.1099 -0.9341 -0.3395
vn 0.1428 0.9305 0.3374
vn 0.1459 0.9298 0.3380
vn -0.9596 0.2559 -0.1173
vn -0.9766 0.2148 0.0084
vn 0.9653 -0.2448 0.0911
vn 0.9772 -0.2121 -0.0083
vn 0.9752 -0.2206 -0.0174
vn 0.0406 0.3284 0.9437
vn -0.9766 0.1708 -0.1309
vn 0.5826 -0.3831 -0.7168
vn 0.1469 0.9294 -0.3386
vn -0.1120 -0.9339 0.3397
vn -0.1487 -0.9291 0.3385
vn -0.1286 -0.9320 0.3388
vn 0.1109 0.9340 -0.3397
vn 0.1270 0.9322 -0.3389
vn -0.6521 -0.1229 -0.7481
vn -0.0363 -0.3285 -0.9438
vn -0.0987 0.3519 0.9308
vn 0.0340 0.3285 0.9439
vn 0.1229 0.9327 -0.3390
vn 0.1247 0.9325 -0.3390
vn 0.0581 0.9273 -0.3699
vn 0.1088 0.9343 -0.3396
vn -0.1243 -0.9325 0.3390
vn -0.1262 -0.9323 0.3389
vn -0.1445 -0.9302 0.3374
vn -0.1476 -0.9295 0.3379
vn -0.0591 -0.9272 0.3699
vn -0.1099 -0.9341 0.3395
vn 0.1428 0.9305 -0.3374
vn 0.1459 0.9298 -0.3380
vn -0.9596 0.2559 0.1173
vn -0.9766 0.2148 -0.0084
vn 0.9653 -0.2448 -0.0911
vn 0.9772 -0.2121 0.0083
vt 0.375000 0.166667
vt 0.625000 0.166667
vt 0.625000 0.250000
vt 0.375000 0.250000
vt 0.375000 0.416667
vt 0.625000 0.416667
vt 0.625000 0.500000
vt 0.375000 0.500000
vt 0.375000 0.666667
vt 0.625000 0.666667
vt 0.625000 0.750000
vt 0.375000 0.750000
vt 0.375000 0.916667
vt 0.625000 0.916667
vt 0.625000 1.000000
vt 0.375000 1.000000
vt 0.291667 0.666667
vt 0.291667 0.750000
vt 0.791667 0.666667
vt 0.875000 0.666667
vt 0.875000 0.750000
vt 0.791667 0.750000
vt 0.708333 0.666667
vt 0.708333 0.750000
vt 0.125000 0.666667
vt 0.208333 0.666667
vt 0.208333 0.750000
vt 0.125000 0.750000
vt 0.625000 0.833333
vt 0.375000 0.833333
vt 0.625000 0.333333
vt 0.375000 0.333333
vt 0.208333 0.500000
vt 0.291667 0.500000
vt 0.291667 0.583333
vt 0.208333 0.583333
vt 0.125000 0.500000
vt 0.125000 0.583333
vt 0.708333 0.500000
vt 0.791667 0.500000
vt 0.791667 0.583333
vt 0.708333 0.583333
vt 0.625000 0.583333
vt 0.875000 0.500000
vt 0.875000 0.583333
vt 0.375000 0.583333
vt 0.375000 0.000000
vt 0.625000 0.000000
vt 0.625000 0.083333
vt 0.375000 0.083333
s 0
f 969/729/812 972/730/812 956/731/812 955/732/812
f 961/733/813 964/734/813 960/735/813 959/736/813
f 973/737/814 976/738/814 958/739/814 957/740/814
f 965/741/815 968/742/815 954/743/815 953/744/815
f 984/745/816 973/737/816 957/740/816 966/746/816
f 980/747/817 971/748/817 954/749/817 968/750/817
f 976/738/818 978/751/818 967/752/818 958/739/818
f 978/751/819 980/747/819 968/750/819 967/752/819
f 970/753/820 982/754/820 965/755/820 953/756/820
f 982/754/821 984/745/821 966/746/821 965/755/821
f 957/740/822 958/739/822 967/757/822 966/758/822
f 966/758/823 967/757/823 968/742/823 965/741/823
f 955/732/824 956/731/824 963/759/824 962/760/824
f 962/760/825 963/759/825 964/734/825 961/733/825
f 962/761/826 961/762/826 983/763/826 981/764/826
f 981/764/827 983/763/827 984/745/827 982/754/827
f 955/765/828 962/761/828 981/764/828 969/766/828
f 969/766/829 981/764/829 982/754/829 970/753/829
f 964/767/830 963/768/830 979/769/830 977/770/830
f 977/770/831 979/769/831 980/747/831 978/751/831
f 960/735/832 964/767/832 977/770/832 975/771/832
f 975/771/833 977/770/833 978/751/833 976/738/833
f 963/768/834 956/772/834 972/773/834 979/769/834
f 979/769/835 972/773/835 971/748/835 980/747/835
f 961/762/836 959/736/836 974/774/836 983/763/836
f 983/763/837 974/774/837 973/737/837 984/745/837
f 959/736/838 960/735/838 975/771/838 974/774/838
f 974/774/839 975/771/839 976/738/839 973/737/839
f 953/775/840 954/776/840 971/777/840 970/778/840
f 970/778/841 971/777/841 972/730/841 969/729/841
f 1001/729/842 987/732/842 988/731/842 1004/730/842
f 993/733/843 991/736/843 992/735/843 996/734/843
f 1005/737/844 989/740/844 990/739/844 1008/738/844
f 997/741/845 985/744/845 986/743/845 1000/742/845
f 1016/745/846 998/746/846 989/740/846 1005/737/846
f 1012/747/847 1000/750/847 986/749/847 1003/748/847
f 1008/738/848 990/739/848 999/752/848 1010/751/848
f 1010/751/849 999/752/849 1000/750/849 1012/747/849
f 1002/753/850 985/756/850 997/755/850 1014/754/850
f 1014/754/851 997/755/851 998/746/851 1016/745/851
f 989/740/852 998/758/852 999/757/852 990/739/852
f 998/758/853 997/741/853 1000/742/853 999/757/853
f 987/732/854 994/760/854 995/759/854 988/731/854
f 994/760/855 993/733/855 996/734/855 995/759/855
f 994/761/856 1013/764/856 1015/763/856 993/762/856
f 1013/764/857 1014/754/857 1016/745/857 1015/763/857
f 987/765/858 1001/766/858 1013/764/858 994/761/858
f 1001/766/859 1002/753/859 1014/754/859 1013/764/859
f 996/767/860 1009/770/860 1011/769/860 995/768/860
f 1009/770/861 1010/751/861 1012/747/861 1011/769/861
f 992/735/862 1007/771/862 1009/770/862 996/767/862
f 1007/771/863 1008/738/863 1010/751/863 1009/770/863
f 995/768/864 1011/769/864 1004/773/864 988/772/864
f 1011/769/865 1012/747/865 1003/748/865 1004/773/865
f 993/762/866 1015/763/866 1006/774/866 991/736/866
f 1015/763/867 1016/745/867 1005/737/867 1006/774/867
f 991/736/868 1006/774/868 1007/771/868 992/735/868
f 1006/774/869 1005/737/869 1008/738/869 1007/771/869
f 985/775/870 1002/778/870 1003/777/870 986/776/870
f 1002/778/871 1001/729/871 1004/730/871 1003/777/871
o tile2.005
v 1.157176 2.525819 -0.319394
v 1.149354 2.490169 -0.331987
v 1.210660 2.692696 -0.759992
v 1.202838 2.657057 -0.772586
v 0.884723 2.552918 -0.317030
v 0.876901 2.517412 -0.329624
v 0.914324 2.705994 -0.747328
v 0.906503 2.670457 -0.759921
v 1.005142 2.696643 -0.748116
v 1.095959 2.687904 -0.748904
v 1.088138 2.652258 -0.761497
v 0.997320 2.661033 -0.760709
v 1.061581 2.509613 -0.249168
v 0.970764 2.518533 -0.248380
v 0.962942 2.482947 -0.260974
v 1.053760 2.473976 -0.261762
v 1.192921 2.626332 -0.605488
v 1.183054 2.575157 -0.462055
v 1.175233 2.539511 -0.474649
v 1.185100 2.590688 -0.618081
v 0.874774 2.606931 -0.462447
v 0.884641 2.657929 -0.605880
v 0.876819 2.622424 -0.618473
v 0.866952 2.571437 -0.475041
v 0.987453 2.609909 -0.617277
v 0.977586 2.558793 -0.473844
v 1.078271 2.601084 -0.618065
v 1.068403 2.549913 -0.474632
v 1.086092 2.636728 -0.605471
v 1.076225 2.585554 -0.462038
v 0.995275 2.645512 -0.604683
v 0.985407 2.594389 -0.461251
v 1.157175 2.525818 -1.238055
v 1.149354 2.490169 -1.225461
v 1.210660 2.692696 -0.797457
v 1.202838 2.657057 -0.784863
v 0.884723 2.552917 -1.240418
v 0.876901 2.517412 -1.227825
v 0.914324 2.705994 -0.810121
v 0.906503 2.670457 -0.797527
v 1.005142 2.696643 -0.809333
v 1.095959 2.687904 -0.808545
v 1.088138 2.652258 -0.795951
v 0.997320 2.661033 -0.796739
v 1.061581 2.509613 -1.308281
v 0.970764 2.518533 -1.309068
v 0.962942 2.482946 -1.296475
v 1.053760 2.473976 -1.295687
v 1.192921 2.626332 -0.951961
v 1.183054 2.575157 -1.095393
v 1.175233 2.539511 -1.082800
v 1.185100 2.590688 -0.939367
v 0.874774 2.606931 -1.095001
v 0.884641 2.657929 -0.951569
v 0.876820 2.622424 -0.938975
v 0.866952 2.571437 -1.082408
v 0.987453 2.609909 -0.940172
v 0.977586 2.558793 -1.083604
v 1.078271 2.601084 -0.939384
v 1.068403 2.549913 -1.082816
v 1.086092 2.636728 -0.951978
v 1.076225 2.585554 -1.095410
v 0.995275 2.645512 -0.952765
v 0.985408 2.594389 -1.096198
vn 0.9753 -0.2202 0.0174
vn 0.0258 0.3286 -0.9441
vn -0.9770 0.1692 0.1297
vn 0.5884 -0.3811 0.7131
vn 0.1022 0.9348 0.3402
vn -0.0913 -0.9359 -0.3402
vn -0.1031 -0.9347 -0.3402
vn -0.0949 -0.9356 -0.3401
vn 0.0912 0.9359 0.3402
vn 0.0944 0.9356 0.3401
vn -0.6486 -0.1234 0.7511
vn -0.0242 -0.3286 0.9442
vn -0.1046 0.3517 -0.9303
vn 0.0235 0.3286 -0.9442
vn 0.0932 0.9357 0.3401
vn 0.0937 0.9357 0.3401
vn 0.0420 0.9281 0.3700
vn 0.0911 0.9359 0.3402
vn -0.0936 -0.9357 -0.3401
vn -0.0942 -0.9357 -0.3401
vn -0.1012 -0.9351 -0.3395
vn -0.1026 -0.9349 -0.3398
vn -0.0420 -0.9281 -0.3700
vn -0.0912 -0.9359 -0.3402
vn 0.1004 0.9352 0.3396
vn 0.1018 0.9350 0.3398
vn -0.9606 0.2526 -0.1158
vn -0.9772 0.2124 0.0083
vn 0.9655 -0.2439 0.0908
vn 0.9773 -0.2115 -0.0082
vn 0.9753 -0.2202 -0.0174
vn 0.0258 0.3286 0.9441
vn -0.9770 0.1692 -0.1297
vn 0.5884 -0.3811 -0.7131
vn 0.1022 0.9348 -0.3402
vn -0.0913 -0.9359 0.3402
vn -0.1031 -0.9347 0.3402
vn -0.0949 -0.9356 0.3401
vn 0.0912 0.9359 -0.3402
vn 0.0944 0.9356 -0.3401
vn -0.6486 -0.1234 -0.7511
vn -0.0242 -0.3286 -0.9442
vn -0.1046 0.3517 0.9303
vn 0.0235 0.3286 0.9442
vn 0.0932 0.9357 -0.3401
vn 0.0937 0.9357 -0.3401
vn 0.0420 0.9281 -0.3700
vn 0.0911 0.9359 -0.3402
vn -0.0936 -0.9357 0.3401
vn -0.0942 -0.9357 0.3401
vn -0.1012 -0.9351 0.3395
vn -0.1026 -0.9349 0.3398
vn -0.0420 -0.9281 0.3700
vn -0.0912 -0.9359 0.3402
vn 0.1004 0.9352 -0.3396
vn 0.1018 0.9350 -0.3398
vn -0.9606 0.2526 0.1158
vn -0.9772 0.2124 -0.0083
vn 0.9655 -0.2439 -0.0908
vn 0.9773 -0.2115 0.0082
vt 0.375000 0.166667
vt 0.625000 0.166667
vt 0.625000 0.250000
vt 0.375000 0.250000
vt 0.375000 0.416667
vt 0.625000 0.416667
vt 0.625000 0.500000
vt 0.375000 0.500000
vt 0.375000 0.666667
vt 0.625000 0.666667
vt 0.625000 0.750000
vt 0.375000 0.750000
vt 0.375000 0.916667
vt 0.625000 0.916667
vt 0.625000 1.000000
vt 0.375000 1.000000
vt 0.291667 0.666667
vt 0.291667 0.750000
vt 0.791667 0.666667
vt 0.875000 0.666667
vt 0.875000 0.750000
vt 0.791667 0.750000
vt 0.708333 0.666667
vt 0.708333 0.750000
vt 0.125000 0.666667
vt 0.208333 0.666667
vt 0.208333 0.750000
vt 0.125000 0.750000
vt 0.625000 0.833333
vt 0.375000 0.833333
vt 0.625000 0.333333
vt 0.375000 0.333333
vt 0.208333 0.500000
vt 0.291667 0.500000
vt 0.291667 0.583333
vt 0.208333 0.583333
vt 0.125000 0.500000
vt 0.125000 0.583333
vt 0.708333 0.500000
vt 0.791667 0.500000
vt 0.791667 0.583333
vt 0.708333 0.583333
vt 0.625000 0.583333
vt 0.875000 0.500000
vt 0.875000 0.583333
vt 0.375000 0.583333
vt 0.375000 0.000000
vt 0.625000 0.000000
vt 0.625000 0.083333
vt 0.375000 0.083333
s 0
f 1033/779/872 1036/780/872 1020/781/872 1019/782/872
f 1025/783/873 1028/784/873 1024/785/873 1023/786/873
f 1037/787/874 1040/788/874 1022/789/874 1021/790/874
f 1029/791/875 1032/792/875 1018/793/875 1017/794/875
f 1048/795/876 1037/787/876 1021/790/876 1030/796/876
f 1044/797/877 1035/798/877 1018/799/877 1032/800/877
f 1040/788/878 1042/801/878 1031/802/878 1022/789/878
f 1042/801/879 1044/797/879 1032/800/879 1031/802/879
f 1034/803/880 1046/804/880 1029/805/880 1017/806/880
f 1046/804/881 1048/795/881 1030/796/881 1029/805/881
f 1021/790/882 1022/789/882 1031/807/882 1030/808/882
f 1030/808/883 1031/807/883 1032/792/883 1029/791/883
f 1019/782/884 1020/781/884 1027/809/884 1026/810/884
f 1026/810/885 1027/809/885 1028/784/885 1025/783/885
f 1026/811/886 1025/812/886 1047/813/886 1045/814/886
f 1045/814/887 1047/813/887 1048/795/887 1046/804/887
f 1019/815/888 1026/811/888 1045/814/888 1033/816/888
f 1033/816/889 1045/814/889 1046/804/889 1034/803/889
f 1028/817/890 1027/818/890 1043/819/890 1041/820/890
f 1041/820/891 1043/819/891 1044/797/891 1042/801/891
f 1024/785/892 1028/817/892 1041/820/892 1039/821/892
f 1039/821/893 1041/820/893 1042/801/893 1040/788/893
f 1027/818/894 1020/822/894 1036/823/894 1043/819/894
f 1043/819/895 1036/823/895 1035/798/895 1044/797/895
f 1025/812/896 1023/786/896 1038/824/896 1047/813/896
f 1047/813/897 1038/824/897 1037/787/897 1048/795/897
f 1023/786/898 1024/785/898 1039/821/898 1038/824/898
f 1038/824/899 1039/821/899 1040/788/899 1037/787/899
f 1017/825/900 1018/826/900 1035/827/900 1034/828/900
f 1034/828/901 1035/827/901 1036/780/901 1033/779/901
f 1065/779/902 1051/782/902 1052/781/902 1068/780/902
f 1057/783/903 1055/786/903 1056/785/903 1060/784/903
f 1069/787/904 1053/790/904 1054/789/904 1072/788/904
f 1061/791/905 1049/794/905 1050/793/905 1064/792/905
f 1080/795/906 1062/796/906 1053/790/906 1069/787/906
f 1076/797/907 1064/800/907 1050/799/907 1067/798/907
f 1072/788/908 1054/789/908 1063/802/908 1074/801/908
f 1074/801/909 1063/802/909 1064/800/909 1076/797/909
f 1066/803/910 1049/806/910 1061/805/910 1078/804/910
f 1078/804/911 1061/805/911 1062/796/911 1080/795/911
f 1053/790/912 1062/808/912 1063/807/912 1054/789/912
f 1062/808/913 1061/791/913 1064/792/913 1063/807/913
f 1051/782/914 1058/810/914 1059/809/914 1052/781/914
f 1058/810/915 1057/783/915 1060/784/915 1059/809/915
f 1058/811/916 1077/814/916 1079/813/916 1057/812/916
f 1077/814/917 1078/804/917 1080/795/917 1079/813/917
f 1051/815/918 1065/816/918 1077/814/918 1058/811/918
f 1065/816/919 1066/803/919 1078/804/919 1077/814/919
f 1060/817/920 1073/820/920 1075/819/920 1059/818/920
f 1073/820/921 1074/801/921 1076/797/921 1075/819/921
f 1056/785/922 1071/821/922 1073/820/922 1060/817/922
f 1071/821/923 1072/788/923 1074/801/923 1073/820/923
f 1059/818/924 1075/819/924 1068/823/924 1052/822/924
f 1075/819/925 1076/797/925 1067/798/925 1068/823/925
f 1057/812/926 1079/813/926 1070/824/926 1055/786/926
f 1079/813/927 1080/795/927 1069/787/927 1070/824/927
f 1055/786/928 1070/824/928 1071/821/928 1056/785/928
f 1070/824/929 1069/787/929 1072/788/929 1071/821/929
f 1049/825/930 1066/828/930 1067/827/930 1050/826/930
f 1066/828/931 1065/779/931 1068/780/931 1067/827/931
o tile1.005
v 1.504657 2.731555 -0.705841
v 1.496507 2.695624 -0.720605
v 1.452657 2.559971 -0.281773
v 1.444457 2.523771 -0.296628
v 1.204859 2.775405 -0.727318
v 1.196710 2.739264 -0.742082
v 1.180851 2.593953 -0.289641
v 1.172651 2.557585 -0.304496
v 1.264368 2.560111 -0.230186
v 1.256169 2.523775 -0.245041
v 1.414607 2.743982 -0.708448
v 1.324557 2.755593 -0.711055
v 1.316407 2.719515 -0.725819
v 1.406457 2.707971 -0.723212
v 1.487244 2.617083 -0.421729
v 1.505857 2.674231 -0.562981
v 1.496605 2.633441 -0.579742
v 1.478051 2.576530 -0.438384
v 1.199173 2.713534 -0.571859
v 1.182492 2.655685 -0.430551
v 1.173299 2.614908 -0.447206
v 1.189921 2.672504 -0.588620
v 1.274883 2.602911 -0.444266
v 1.292149 2.660337 -0.585661
v 1.376467 2.590201 -0.441325
v 1.394377 2.647394 -0.582701
v 1.385660 2.630851 -0.424670
v 1.403629 2.688286 -0.565940
v 1.284076 2.643639 -0.427610
v 1.301401 2.701312 -0.568900
v 1.380321 2.551858 -0.241632
v 1.363694 2.576432 -0.305069
v 1.329628 2.552099 -0.228297
v 1.372103 2.594658 -0.337600
v 1.368648 2.515194 -0.254559
v 1.362906 2.554782 -0.350494
v 1.324900 2.515370 -0.243052
v 1.356919 2.546461 -0.317343
v 1.363694 2.576432 -0.305069
v 1.356919 2.546461 -0.317343
v 1.504657 2.731555 -0.851607
v 1.496507 2.695624 -0.836843
v 1.452657 2.559971 -1.275675
v 1.444457 2.523771 -1.260821
v 1.204859 2.775405 -0.830130
v 1.196710 2.739264 -0.815366
v 1.180851 2.593953 -1.267807
v 1.172651 2.557585 -1.252952
v 1.264368 2.560111 -1.327262
v 1.256169 2.523775 -1.312407
v 1.414607 2.743982 -0.849001
v 1.324557 2.755593 -0.846394
v 1.316407 2.719515 -0.831630
v 1.406457 2.707971 -0.834236
v 1.487244 2.617083 -1.135720
v 1.505857 2.674231 -0.994467
v 1.496605 2.633441 -0.977707
v 1.478050 2.576530 -1.119064
v 1.199173 2.713534 -0.985589
v 1.182492 2.655685 -1.126897
v 1.173299 2.614908 -1.110242
v 1.189921 2.672504 -0.968829
v 1.274883 2.602911 -1.113183
v 1.292149 2.660337 -0.971788
v 1.376467 2.590201 -1.116123
v 1.394377 2.647394 -0.974747
v 1.385660 2.630851 -1.132779
v 1.403629 2.688286 -0.991508
v 1.284076 2.643639 -1.129838
v 1.301401 2.701312 -0.988549
v 1.380321 2.551858 -1.315817
v 1.363694 2.576432 -1.252380
v 1.329628 2.552099 -1.329151
v 1.372103 2.594658 -1.219849
v 1.368648 2.515194 -1.302889
v 1.362906 2.554782 -1.206954
v 1.324900 2.515370 -1.314397
v 1.356919 2.546461 -1.240105
v 1.363694 2.576432 -1.252380
v 1.356919 2.546461 -1.240105
vn 0.9550 -0.2683 0.1265
vn -0.6170 -0.1744 0.7674
vn -0.9783 0.2023 0.0447
vn 0.0769 0.3636 -0.9284
vn 0.1012 0.9234 0.3702
vn -0.1127 -0.9090 -0.4014
vn -0.0963 -0.9110 -0.4009
vn -0.1042 -0.9098 -0.4017
vn 0.1163 0.9221 0.3692
vn 0.1076 0.9230 0.3695
vn 0.1812 0.3369 -0.9239
vn 0.0736 0.3637 -0.9286
vn 0.1024 0.9126 0.3957
vn -0.2874 0.8654 0.4105
vn -0.1034 -0.9212 -0.3751
vn 0.1049 0.9164 0.3864
vn -0.5330 -0.7929 -0.2953
vn 0.1138 0.9154 0.3860
vn -0.9468 0.1556 0.2816
vn -0.1043 -0.9171 -0.3847
vn -0.1022 -0.9219 -0.3737
vn -0.0977 -0.9177 -0.3850
vn 0.9133 -0.2781 0.2975
vn -0.1131 -0.9162 -0.3844
vn 0.0922 0.9129 0.3977
vn 0.0980 0.9170 0.3867
vn -0.9789 0.1912 0.0723
vn -0.9734 0.2282 -0.0215
vn 0.9787 -0.1877 -0.0835
vn 0.9717 -0.2340 0.0333
vn 0.6986 0.5319 0.4786
vn 0.1147 0.9103 0.3977
vn 0.5527 -0.8264 -0.1076
vn -0.1080 -0.9218 -0.3723
vn 0.4756 -0.4237 0.7709
vn -0.0715 -0.3637 0.9288
vn 0.9550 -0.2683 -0.1265
vn -0.6170 -0.1744 -0.7674
vn -0.9783 0.2023 -0.0447
vn 0.0769 0.3636 0.9284
vn 0.1012 0.9234 -0.3702
vn -0.1127 -0.9090 0.4014
vn -0.0963 -0.9110 0.4009
vn -0.1042 -0.9098 0.4017
vn 0.1163 0.9221 -0.3692
vn 0.1076 0.9230 -0.3695
vn 0.1812 0.3369 0.9239
vn 0.0736 0.3637 0.9286
vn 0.1024 0.9126 -0.3957
vn -0.2874 0.8654 -0.4105
vn -0.1034 -0.9212 0.3751
vn 0.1049 0.9164 -0.3864
vn -0.5330 -0.7929 0.2953
vn 0.1138 0.9154 -0.3860
vn -0.9468 0.1556 -0.2816
vn -0.1043 -0.9171 0.3847
vn -0.1022 -0.9219 0.3737
vn -0.0977 -0.9177 0.3850
vn 0.9133 -0.2781 -0.2975
vn -0.1131 -0.9162 0.3844
vn 0.0922 0.9129 -0.3977
vn 0.0980 0.9170 -0.3867
vn -0.9789 0.1912 -0.0723
vn -0.9734 0.2282 0.0215
vn 0.9787 -0.1877 0.0835
vn 0.9717 -0.2340 -0.0333
vn 0.6986 0.5319 -0.4786
vn 0.1147 0.9103 -0.3977
vn 0.5527 -0.8264 0.1076
vn -0.1080 -0.9218 0.3723
vn 0.4756 -0.4237 -0.7710
vn -0.0714 -0.3637 -0.9288
vt 0.375000 0.166667
vt 0.625000 0.166667
vt 0.625000 0.250000
vt 0.375000 0.250000
vt 0.375000 0.416667
vt 0.625000 0.416667
vt 0.625000 0.500000
vt 0.375000 0.500000
vt 0.375000 0.666667
vt 0.625000 0.666667
vt 0.625000 0.750000
vt 0.375000 0.750000
vt 0.375000 0.916667
vt 0.625000 0.916667
vt 0.625000 1.000000
vt 0.375000 1.000000
vt 0.291667 0.666667
vt 0.291667 0.750000
vt 0.791667 0.666667
vt 0.875000 0.666667
vt 0.875000 0.750000
vt 0.791667 0.750000
vt 0.708333 0.666667
vt 0.708333 0.750000
vt 0.125000 0.666667
vt 0.208333 0.666667
vt 0.208333 0.750000
vt 0.125000 0.750000
vt 0.625000 0.833333
vt 0.375000 0.833333
vt 0.208333 0.546522
vt 0.231642 0.500000
vt 0.291667 0.500000
vt 0.291667 0.583333
vt 0.208333 0.583333
vt 0.186707 0.500000
vt 0.398309 0.333333
vt 0.708333 0.500000
vt 0.771551 0.500000
vt 0.791667 0.545279
vt 0.791667 0.583333
vt 0.708333 0.583333
vt 0.625000 0.314670
vt 0.604884 0.333333
vt 0.125000 0.583333
vt 0.375000 0.311707
vt 0.625000 0.583333
vt 0.375000 0.356642
vt 0.625000 0.353449
vt 0.875000 0.583333
vt 0.375000 0.583333
vt 0.375000 0.000000
vt 0.625000 0.000000
vt 0.625000 0.083333
vt 0.375000 0.083333
vt 0.125000 0.500000
vt 0.810330 0.500000
vt 0.875000 0.500000
s 0
f 1095/829/932 1083/832/932 1084/831/932 1098/830/932
f 1089/833/933 1087/836/933 1088/835/933 1090/834/933
f 1099/837/934 1085/840/934 1086/839/934 1102/838/934
f 1091/841/935 1081/844/935 1082/843/935 1094/842/935
f 1110/845/936 1092/846/936 1085/840/936 1099/837/936
f 1106/847/937 1094/850/937 1082/849/937 1097/848/937
f 1102/838/938 1086/839/938 1093/852/938 1104/851/938
f 1104/851/939 1093/852/939 1094/850/939 1106/847/939
f 1096/853/940 1081/856/940 1091/855/940 1108/854/940
f 1108/854/941 1091/855/941 1092/846/941 1110/845/941
f 1085/840/942 1092/858/942 1093/857/942 1086/839/942
f 1092/858/943 1091/841/943 1094/842/943 1093/857/943
f 1114/859/944 1107/863/944 1109/862/944 1089/861/944 1113/860/944
f 1111/864/945 1114/859/945 1112/865/945
f 1090/866/946 1103/870/946 1105/869/946 1116/868/946 1117/867/946
f 1107/863/947 1108/854/947 1110/845/947 1109/862/947
f 1115/871/948 1118/872/948 1116/868/948
f 1095/873/949 1096/853/949 1108/854/949 1107/863/949
f 1111/874/950 1112/865/950 1118/872/950 1115/871/950
f 1103/870/951 1104/851/951 1106/847/951 1105/869/951
f 1088/835/952 1101/875/952 1103/870/952 1090/866/952
f 1101/875/953 1102/838/953 1104/851/953 1103/870/953
f 1113/876/954 1117/877/954 1118/872/954 1112/865/954
f 1105/869/955 1106/847/955 1097/848/955 1098/878/955
f 1089/861/956 1109/862/956 1100/879/956 1087/836/956
f 1109/862/957 1110/845/957 1099/837/957 1100/879/957
f 1087/836/958 1100/879/958 1101/875/958 1088/835/958
f 1100/879/959 1099/837/959 1102/838/959 1101/875/959
f 1081/880/960 1096/883/960 1097/882/960 1082/881/960
f 1096/883/961 1095/829/961 1098/830/961 1097/882/961
f 1112/865/962 1114/859/962 1113/876/962
f 1083/884/963 1095/873/963 1107/863/963 1114/859/963 1111/864/963
f 1116/868/964 1118/872/964 1117/867/964
f 1116/868/965 1105/869/965 1098/878/965 1084/886/965 1115/885/965
f 1083/832/966 1111/874/966 1115/871/966 1084/831/966
f 1089/833/967 1090/834/967 1117/877/967 1113/876/967
f 1135/829/968 1138/830/968 1124/831/968 1123/832/968
f 1129/833/969 1130/834/969 1128/835/969 1127/836/969
f 1139/837/970 1142/838/970 1126/839/970 1125/840/970
f 1131/841/971 1134/842/971 1122/843/971 1121/844/971
f 1150/845/972 1139/837/972 1125/840/972 1132/846/972
f 1146/847/973 1137/848/973 1122/849/973 1134/850/973
f 1142/838/974 1144/851/974 1133/852/974 1126/839/974
f 1144/851/975 1146/847/975 1134/850/975 1133/852/975
f 1136/853/976 1148/854/976 1131/855/976 1121/856/976
f 1148/854/977 1150/845/977 1132/846/977 1131/855/977
f 1125/840/978 1126/839/978 1133/857/978 1132/858/978
f 1132/858/979 1133/857/979 1134/842/979 1131/841/979
f 1154/859/980 1153/860/980 1129/861/980 1149/862/980 1147/863/980
f 1151/864/981 1152/865/981 1154/859/981
f 1130/866/982 1157/867/982 1156/868/982 1145/869/982 1143/870/982
f 1147/863/983 1149/862/983 1150/845/983 1148/854/983
f 1155/871/984 1156/868/984 1158/872/984
f 1135/873/985 1147/863/985 1148/854/985 1136/853/985
f 1151/874/986 1155/871/986 1158/872/986 1152/865/986
f 1143/870/987 1145/869/987 1146/847/987 1144/851/987
f 1128/835/988 1130/866/988 1143/870/988 1141/875/988
f 1141/875/989 1143/870/989 1144/851/989 1142/838/989
f 1153/876/990 1152/865/990 1158/872/990 1157/877/990
f 1145/869/991 1138/878/991 1137/848/991 1146/847/991
f 1129/861/992 1127/836/992 1140/879/992 1149/862/992
f 1149/862/993 1140/879/993 1139/837/993 1150/845/993
f 1127/836/994 1128/835/994 1141/875/994 1140/879/994
f 1140/879/995 1141/875/995 1142/838/995 1139/837/995
f 1121/880/996 1122/881/996 1137/882/996 1136/883/996
f 1136/883/997 1137/882/997 1138/830/997 1135/829/997
f 1152/865/998 1153/876/998 1154/859/998
f 1123/884/999 1151/864/999 1154/859/999 1147/863/999 1135/873/999
f 1156/868/1000 1157/867/1000 1158/872/1000
f 1156/868/1001 1155/885/1001 1124/886/1001 1138/878/1001 1145/869/1001
f 1123/832/1002 1124/831/1002 1155/871/1002 1151/874/1002
f 1129/833/1003 1153/876/1003 1157/877/1003 1130/834/1003
l 1119 1120
l 1159 1160
o tile1.006
v 1.203907 2.586529 -0.456313
v 1.195656 2.548355 -0.464707
v 1.181662 2.487530 -0.008645
v 1.173361 2.449117 -0.017090
v 1.507535 2.557292 -0.469776
v 1.499285 2.519334 -0.478170
v 1.454908 2.459371 -0.008645
v 1.446606 2.421131 -0.017090
v 1.360952 2.456187 0.051356
v 1.352651 2.417869 0.042911
v 1.294434 2.577716 -0.456313
v 1.384961 2.568284 -0.456313
v 1.376710 2.530218 -0.464707
v 1.286183 2.539587 -0.464707
v 1.172750 2.524484 -0.157347
v 1.178955 2.557780 -0.306531
v 1.169589 2.514437 -0.316060
v 1.163443 2.481413 -0.166816
v 1.487263 2.525577 -0.306531
v 1.479117 2.492662 -0.157347
v 1.469810 2.449811 -0.166816
v 1.477897 2.482462 -0.316060
v 1.367687 2.461209 -0.166816
v 1.375128 2.494014 -0.316060
v 1.265565 2.471654 -0.166816
v 1.272358 2.504585 -0.316060
v 1.274873 2.514681 -0.157347
v 1.281724 2.547880 -0.306531
v 1.376995 2.504158 -0.157347
v 1.384494 2.537229 -0.306531
v 1.246979 2.471252 0.035785
v 1.272945 2.479706 -0.029796
v 1.295347 2.462955 0.051356
v 1.272663 2.492952 -0.065154
v 1.241814 2.432076 0.029473
v 1.263741 2.451315 -0.071045
v 1.283555 2.424941 0.042911
v 1.266086 2.447996 -0.036774
v 1.272945 2.479706 -0.029796
v 1.266086 2.447996 -0.036774
v 1.203907 2.586529 -1.101135
v 1.195656 2.548355 -1.092741
v 1.181662 2.487530 -1.548803
v 1.173361 2.449117 -1.540358
v 1.507535 2.557292 -1.087672
v 1.499285 2.519334 -1.079278
v 1.454907 2.459371 -1.548804
v 1.446606 2.421131 -1.540358
v 1.360952 2.456187 -1.608805
v 1.352651 2.417869 -1.600359
v 1.294434 2.577716 -1.101135
v 1.384961 2.568284 -1.101136
v 1.376710 2.530218 -1.092742
v 1.286183 2.539587 -1.092742
v 1.172750 2.524484 -1.400102
v 1.178955 2.557780 -1.250917
v 1.169588 2.514437 -1.241388
v 1.163443 2.481413 -1.390632
v 1.487263 2.525577 -1.250917
v 1.479117 2.492663 -1.400101
v 1.469810 2.449811 -1.390632
v 1.477897 2.482462 -1.241388
v 1.367687 2.461209 -1.390632
v 1.375128 2.494014 -1.241388
v 1.265565 2.471653 -1.390632
v 1.272358 2.504585 -1.241388
v 1.274873 2.514681 -1.400101
v 1.281724 2.547880 -1.250917
v 1.376995 2.504158 -1.400101
v 1.384494 2.537229 -1.250917
v 1.246979 2.471252 -1.593233
v 1.272945 2.479706 -1.527653
v 1.295346 2.462955 -1.608804
v 1.272663 2.492952 -1.492294
v 1.241814 2.432076 -1.586922
v 1.263740 2.451315 -1.486404
v 1.283555 2.424941 -1.600359
v 1.266086 2.447996 -1.520674
v 1.272945 2.479706 -1.527653
v 1.266086 2.447996 -1.520674
vn -0.9765 0.1879 0.1052
vn 0.5221 -0.2902 0.8020
vn 0.9707 -0.2278 0.0763
vn 0.0205 0.2106 -0.9774
vn 0.1099 0.9731 0.2024
vn -0.0932 -0.9671 -0.2367
vn -0.1102 -0.9657 -0.2352
vn -0.0997 -0.9665 -0.2366
vn 0.0944 0.9747 0.2025
vn 0.1012 0.9741 0.2024
vn -0.0857 0.2325 -0.9688
vn 0.0219 0.2106 -0.9773
vn 0.0996 0.9680 0.2302
vn 0.4956 0.8147 0.3012
vn -0.0994 -0.9730 -0.2082
vn 0.1003 0.9703 0.2203
vn 0.3114 -0.9436 -0.1127
vn 0.0934 0.9709 0.2205
vn 0.9251 -0.2155 0.3127
vn -0.0996 -0.9707 -0.2185
vn -0.1034 -0.9731 -0.2060
vn -0.1086 -0.9698 -0.2183
vn -0.9410 0.1897 0.2802
vn -0.0930 -0.9714 -0.2187
vn 0.1120 0.9662 0.2323
vn 0.1095 0.9693 0.2201
vn 0.9667 -0.2332 0.1052
vn 0.9769 -0.2136 0.0062
vn -0.9653 0.2341 -0.1159
vn -0.9777 0.2099 0.0062
vn -0.5060 0.8064 0.3061
vn 0.0890 0.9685 0.2325
vn -0.7872 -0.6167 -0.0058
vn -0.0971 -0.9737 -0.2063
vn -0.5711 -0.0566 0.8189
vn -0.0216 -0.2106 0.9773
vn -0.9765 0.1879 -0.1052
vn 0.5221 -0.2902 -0.8020
vn 0.9707 -0.2278 -0.0763
vn 0.0205 0.2106 0.9774
vn 0.1099 0.9731 -0.2024
vn -0.0932 -0.9671 0.2367
vn -0.1102 -0.9657 0.2352
vn -0.0997 -0.9665 0.2366
vn 0.0944 0.9747 -0.2025
vn 0.1012 0.9741 -0.2024
vn -0.0857 0.2325 0.9688
vn 0.0219 0.2106 0.9773
vn 0.0996 0.9680 -0.2302
vn 0.4956 0.8147 -0.3012
vn -0.0994 -0.9730 0.2082
vn 0.1003 0.9703 -0.2203
vn 0.3114 -0.9436 0.1127
vn 0.0934 0.9709 -0.2205
vn 0.9251 -0.2155 -0.3127
vn -0.0996 -0.9707 0.2185
vn -0.1034 -0.9731 0.2060
vn -0.1086 -0.9698 0.2183
vn -0.9410 0.1897 -0.2802
vn -0.0930 -0.9714 0.2187
vn 0.1120 0.9662 -0.2323
vn 0.1095 0.9693 -0.2201
vn 0.9667 -0.2332 -0.1052
vn 0.9769 -0.2136 -0.0062
vn -0.9653 0.2341 0.1159
vn -0.9777 0.2099 -0.0062
vn -0.5060 0.8064 -0.3061
vn 0.0890 0.9685 -0.2325
vn -0.7872 -0.6167 0.0058
vn -0.0971 -0.9737 0.2063
vn -0.5711 -0.0566 -0.8189
vn -0.0216 -0.2106 -0.9773
vt 0.375000 0.166667
vt 0.625000 0.166667
vt 0.625000 0.250000
vt 0.375000 0.250000
vt 0.375000 0.416667
vt 0.625000 0.416667
vt 0.625000 0.500000
vt 0.375000 0.500000
vt 0.375000 0.666667
vt 0.625000 0.666667
vt 0.625000 0.750000
vt 0.375000 0.750000
vt 0.375000 0.916667
vt 0.625000 0.916667
vt 0.625000 1.000000
vt 0.375000 1.000000
vt 0.291667 0.666667
vt 0.291667 0.750000
vt 0.791667 0.666667
vt 0.875000 0.666667
vt 0.875000 0.750000
vt 0.791667 0.750000
vt 0.708333 0.666667
vt 0.708333 0.750000
vt 0.125000 0.666667
vt 0.208333 0.666667
vt 0.208333 0.750000
vt 0.125000 0.750000
vt 0.625000 0.833333
vt 0.375000 0.833333
vt 0.208333 0.546522
vt 0.231642 0.500000
vt 0.291667 0.500000
vt 0.291667 0.583333
vt 0.208333 0.583333
vt 0.186707 0.500000
vt 0.398309 0.333333
vt 0.708333 0.500000
vt 0.771551 0.500000
vt 0.791667 0.545279
vt 0.791667 0.583333
vt 0.708333 0.583333
vt 0.625000 0.314670
vt 0.604884 0.333333
vt 0.125000 0.583333
vt 0.375000 0.311707
vt 0.625000 0.583333
vt 0.375000 0.356642
vt 0.625000 0.353449
vt 0.875000 0.583333
vt 0.375000 0.583333
vt 0.375000 0.000000
vt 0.625000 0.000000
vt 0.625000 0.083333
vt 0.375000 0.083333
vt 0.125000 0.500000
vt 0.810330 0.500000
vt 0.875000 0.500000
s 0
f 1175/887/1004 1178/888/1004 1164/889/1004 1163/890/1004
f 1169/891/1005 1170/892/1005 1168/893/1005 1167/894/1005
f 1179/895/1006 1182/896/1006 1166/897/1006 1165/898/1006
f 1171/899/1007 1174/900/1007 1162/901/1007 1161/902/1007
f 1190/903/1008 1179/895/1008 1165/898/1008 1172/904/1008
f 1186/905/1009 1177/906/1009 1162/907/1009 1174/908/1009
f 1182/896/1010 1184/909/1010 1173/910/1010 1166/897/1010
f 1184/909/1011 1186/905/1011 1174/908/1011 1173/910/1011
f 1176/911/1012 1188/912/1012 1171/913/1012 1161/914/1012
f 1188/912/1013 1190/903/1013 1172/904/1013 1171/913/1013
f 1165/898/1014 1166/897/1014 1173/915/1014 1172/916/1014
f 1172/916/1015 1173/915/1015 1174/900/1015 1171/899/1015
f 1194/917/1016 1193/918/1016 1169/919/1016 1189/920/1016 1187/921/1016
f 1191/922/1017 1192/923/1017 1194/917/1017
f 1170/924/1018 1197/925/1018 1196/926/1018 1185/927/1018 1183/928/1018
f 1187/921/1019 1189/920/1019 1190/903/1019 1188/912/1019
f 1195/929/1020 1196/926/1020 1198/930/1020
f 1175/931/1021 1187/921/1021 1188/912/1021 1176/911/1021
f 1191/932/1022 1195/929/1022 1198/930/1022 1192/923/1022
f 1183/928/1023 1185/927/1023 1186/905/1023 1184/909/1023
f 1168/893/1024 1170/924/1024 1183/928/1024 1181/933/1024
f 1181/933/1025 1183/928/1025 1184/909/1025 1182/896/1025
f 1193/934/1026 1192/923/1026 1198/930/1026 1197/935/1026
f 1185/927/1027 1178/936/1027 1177/906/1027 1186/905/1027
f 1169/919/1028 1167/894/1028 1180/937/1028 1189/920/1028
f 1189/920/1029 1180/937/1029 1179/895/1029 1190/903/1029
f 1167/894/1030 1168/893/1030 1181/933/1030 1180/937/1030
f 1180/937/1031 1181/933/1031 1182/896/1031 1179/895/1031
f 1161/938/1032 1162/939/1032 1177/940/1032 1176/941/1032
f 1176/941/1033 1177/940/1033 1178/888/1033 1175/887/1033
f 1192/923/1034 1193/934/1034 1194/917/1034
f 1163/942/1035 1191/922/1035 1194/917/1035 1187/921/1035 1175/931/1035
f 1196/926/1036 1197/925/1036 1198/930/1036
f 1196/926/1037 1195/943/1037 1164/944/1037 1178/936/1037 1185/927/1037
f 1163/890/1038 1164/889/1038 1195/929/1038 1191/932/1038
f 1169/891/1039 1193/934/1039 1197/935/1039 1170/892/1039
f 1215/887/1040 1203/890/1040 1204/889/1040 1218/888/1040
f 1209/891/1041 1207/894/1041 1208/893/1041 1210/892/1041
f 1219/895/1042 1205/898/1042 1206/897/1042 1222/896/1042
f 1211/899/1043 1201/902/1043 1202/901/1043 1214/900/1043
f 1230/903/1044 1212/904/1044 1205/898/1044 1219/895/1044
f 1226/905/1045 1214/908/1045 1202/907/1045 1217/906/1045
f 1222/896/1046 1206/897/1046 1213/910/1046 1224/909/1046
f 1224/909/1047 1213/910/1047 1214/908/1047 1226/905/1047
f 1216/911/1048 1201/914/1048 1211/913/1048 1228/912/1048
f 1228/912/1049 1211/913/1049 1212/904/1049 1230/903/1049
f 1205/898/1050 1212/916/1050 1213/915/1050 1206/897/1050
f 1212/916/1051 1211/899/1051 1214/900/1051 1213/915/1051
f 1234/917/1052 1227/921/1052 1229/920/1052 1209/919/1052 1233/918/1052
f 1231/922/1053 1234/917/1053 1232/923/1053
f 1210/924/1054 1223/928/1054 1225/927/1054 1236/926/1054 1237/925/1054
f 1227/921/1055 1228/912/1055 1230/903/1055 1229/920/1055
f 1235/929/1056 1238/930/1056 1236/926/1056
f 1215/931/1057 1216/911/1057 1228/912/1057 1227/921/1057
f 1231/932/1058 1232/923/1058 1238/930/1058 1235/929/1058
f 1223/928/1059 1224/909/1059 1226/905/1059 1225/927/1059
f 1208/893/1060 1221/933/1060 1223/928/1060 1210/924/1060
f 1221/933/1061 1222/896/1061 1224/909/1061 1223/928/1061
f 1233/934/1062 1237/935/1062 1238/930/1062 1232/923/1062
f 1225/927/1063 1226/905/1063 1217/906/1063 1218/936/1063
f 1209/919/1064 1229/920/1064 1220/937/1064 1207/894/1064
f 1229/920/1065 1230/903/1065 1219/895/1065 1220/937/1065
f 1207/894/1066 1220/937/1066 1221/933/1066 1208/893/1066
f 1220/937/1067 1219/895/1067 1222/896/1067 1221/933/1067
f 1201/938/1068 1216/941/1068 1217/940/1068 1202/939/1068
f 1216/941/1069 1215/887/1069 1218/888/1069 1217/940/1069
f 1232/923/1070 1234/917/1070 1233/934/1070
f 1203/942/1071 1215/931/1071 1227/921/1071 1234/917/1071 1231/922/1071
f 1236/926/1072 1238/930/1072 1237/925/1072
f 1236/926/1073 1225/927/1073 1218/936/1073 1204/944/1073 1235/943/1073
f 1203/890/1074 1231/932/1074 1235/929/1074 1204/889/1074
f 1209/891/1075 1210/892/1075 1237/935/1075 1233/934/1075
l 1199 1200
l 1239 1240
o tile1.007
v 0.967387 2.556579 -0.456313
v 0.959136 2.518466 -0.464707
v 0.945142 2.457764 -0.008645
v 0.936841 2.419436 -0.017090
v 1.271015 2.530524 -0.469776
v 1.262765 2.492380 -0.478170
v 1.218388 2.431482 -0.008645
v 1.210087 2.393079 -0.017090
v 1.124432 2.426759 0.051356
v 1.116131 2.388343 0.042911
v 1.057914 2.547698 -0.456313
v 1.148441 2.539181 -0.456313
v 1.140190 2.500998 -0.464707
v 1.049663 2.509531 -0.464707
v 0.936231 2.494810 -0.157347
v 0.942435 2.528041 -0.306531
v 0.933069 2.484798 -0.316060
v 0.926923 2.451847 -0.166816
v 1.250744 2.498360 -0.306531
v 1.242597 2.465271 -0.157347
v 1.233290 2.422224 -0.166816
v 1.241377 2.455045 -0.316060
v 1.131168 2.431867 -0.166816
v 1.138608 2.464772 -0.316060
v 1.029046 2.441540 -0.166816
v 1.035838 2.474485 -0.316060
v 1.038353 2.484586 -0.157347
v 1.045205 2.517807 -0.306531
v 1.140475 2.474941 -0.157347
v 1.147974 2.508118 -0.306531
v 1.010459 2.441134 0.035785
v 1.036425 2.449607 -0.029796
v 1.058827 2.432943 0.051356
v 1.036143 2.462852 -0.065154
v 1.005294 2.401965 0.029473
v 1.027221 2.421199 -0.071045
v 1.047035 2.394875 0.042911
v 1.029566 2.417883 -0.036774
v 1.036425 2.449607 -0.029796
v 1.029566 2.417883 -0.036774
v 0.967387 2.556579 -1.101135
v 0.959136 2.518466 -1.092741
v 0.945142 2.457764 -1.548803
v 0.936841 2.419436 -1.540358
v 1.271015 2.530524 -1.087672
v 1.262765 2.492380 -1.079278
v 1.218388 2.431482 -1.548803
v 1.210087 2.393079 -1.540358
v 1.124432 2.426759 -1.608804
v 1.116131 2.388343 -1.600359
v 1.057914 2.547698 -1.101136
v 1.148441 2.539181 -1.101135
v 1.140190 2.500998 -1.092742
v 1.049663 2.509531 -1.092742
v 0.936231 2.494810 -1.400101
v 0.942435 2.528041 -1.250917
v 0.933069 2.484798 -1.241388
v 0.926923 2.451847 -1.390632
v 1.250744 2.498360 -1.250917
v 1.242597 2.465271 -1.400101
v 1.233290 2.422224 -1.390632
v 1.241377 2.455045 -1.241388
v 1.131168 2.431867 -1.390632
v 1.138608 2.464772 -1.241388
v 1.029045 2.441540 -1.390632
v 1.035838 2.474485 -1.241388
v 1.038353 2.484586 -1.400102
v 1.045205 2.517807 -1.250917
v 1.140475 2.474941 -1.400101
v 1.147974 2.508118 -1.250917
v 1.010459 2.441134 -1.593233
v 1.036425 2.449607 -1.527653
v 1.058827 2.432942 -1.608804
v 1.036143 2.462852 -1.492294
v 1.005294 2.401965 -1.586921
v 1.027221 2.421199 -1.486404
v 1.047035 2.394875 -1.600359
v 1.029566 2.417883 -1.520674
v 1.036425 2.449607 -1.527653
v 1.029566 2.417883 -1.520674
vn -0.9764 0.1883 0.1054
vn 0.5255 -0.2895 0.8000
vn 0.9710 -0.2267 0.0759
vn 0.0207 0.2106 -0.9774
vn 0.0918 0.9749 0.2030
vn -0.0963 -0.9669 -0.2364
vn -0.0928 -0.9673 -0.2359
vn -0.0913 -0.9673 -0.2366
vn 0.0964 0.9746 0.2022
vn 0.0918 0.9750 0.2024
vn -0.0900 0.2325 -0.9684
vn 0.0198 0.2106 -0.9774
vn 0.0915 0.9687 0.2307
vn 0.4951 0.8149 0.3013
vn -0.0922 -0.9736 -0.2087
vn 0.0916 0.9711 0.2205
vn 0.3115 -0.9436 -0.1126
vn 0.0969 0.9706 0.2204
vn 0.9251 -0.2155 0.3127
vn -0.0919 -0.9715 -0.2187
vn -0.0875 -0.9746 -0.2063
vn -0.0918 -0.9715 -0.2187
vn -0.9411 0.1896 0.2801
vn -0.0977 -0.9709 -0.2186
vn 0.0956 0.9678 0.2327
vn 0.0921 0.9710 0.2205
vn 0.9670 -0.2321 0.1047
vn 0.9771 -0.2126 0.0062
vn -0.9651 0.2346 -0.1161
vn -0.9776 0.2104 0.0062
vn -0.5083 0.8051 0.3056
vn 0.0929 0.9680 0.2330
vn -0.7864 -0.6177 -0.0059
vn -0.1021 -0.9731 -0.2066
vn -0.5714 -0.0566 0.8187
vn -0.0199 -0.2106 0.9774
vn -0.9764 0.1883 -0.1054
vn 0.5255 -0.2895 -0.8000
vn 0.9710 -0.2267 -0.0759
vn 0.0207 0.2106 0.9773
vn 0.0918 0.9749 -0.2030
vn -0.0963 -0.9669 0.2364
vn -0.0928 -0.9673 0.2359
vn -0.0913 -0.9673 0.2366
vn 0.0964 0.9746 -0.2022
vn 0.0918 0.9750 -0.2024
vn -0.0900 0.2325 0.9684
vn 0.0198 0.2106 0.9774
vn 0.0915 0.9687 -0.2307
vn 0.4951 0.8149 -0.3013
vn -0.0922 -0.9736 0.2087
vn 0.0916 0.9711 -0.2205
vn 0.3115 -0.9436 0.1126
vn 0.0969 0.9706 -0.2204
vn 0.9251 -0.2155 -0.3127
vn -0.0919 -0.9715 0.2187
vn -0.0875 -0.9746 0.2063
vn -0.0918 -0.9715 0.2187
vn -0.9411 0.1896 -0.2801
vn -0.0977 -0.9709 0.2186
vn 0.0956 0.9678 -0.2327
vn 0.0921 0.9710 -0.2205
vn 0.9670 -0.2321 -0.1047
vn 0.9771 -0.2126 -0.0062
vn -0.9651 0.2346 0.1161
vn -0.9776 0.2104 -0.0062
vn -0.5083 0.8051 -0.3056
vn 0.0929 0.9680 -0.2330
vn -0.7864 -0.6177 0.0059
vn -0.1021 -0.9731 0.2066
vn -0.5714 -0.0566 -0.8187
vn -0.0199 -0.2106 -0.9774
vt 0.375000 0.166667
vt 0.625000 0.166667
vt 0.625000 0.250000
vt 0.375000 0.250000
vt 0.375000 0.416667
vt 0.625000 0.416667
vt 0.625000 0.500000
vt 0.375000 0.500000
vt 0.375000 0.666667
vt 0.625000 0.666667
vt 0.625000 0.750000
vt 0.375000 0.750000
vt 0.375000 0.916667
vt 0.625000 0.916667
vt 0.625000 1.000000
vt 0.375000 1.000000
vt 0.291667 0.666667
vt 0.291667 0.750000
vt 0.791667 0.666667
vt 0.875000 0.666667
vt 0.875000 0.750000
vt 0.791667 0.750000
vt 0.708333 0.666667
vt 0.708333 0.750000
vt 0.125000 0.666667
vt 0.208333 0.666667
vt 0.208333 0.750000
vt 0.125000 0.750000
vt 0.625000 0.833333
vt 0.375000 0.833333
vt 0.208333 0.546522
vt 0.231642 0.500000
vt 0.291667 0.500000
vt 0.291667 0.583333
vt 0.208333 0.583333
vt 0.186707 0.500000
vt 0.398309 0.333333
vt 0.708333 0.500000
vt 0.771551 0.500000
vt 0.791667 0.545279
vt 0.791667 0.583333
vt 0.708333 0.583333
vt 0.625000 0.314670
vt 0.604884 0.333333
vt 0.125000 0.583333
vt 0.375000 0.311707
vt 0.625000 0.583333
vt 0.375000 0.356642
vt 0.625000 0.353449
vt 0.875000 0.583333
vt 0.375000 0.583333
vt 0.375000 0.000000
vt 0.625000 0.000000
vt 0.625000 0.083333
vt 0.375000 0.083333
vt 0.125000 0.500000
vt 0.810330 0.500000
vt 0.875000 0.500000
s 0
f 1255/945/1076 1258/946/1076 1244/947/1076 1243/948/1076
f 1249/949/1077 1250/950/1077 1248/951/1077 1247/952/1077
f 1259/953/1078 1262/954/1078 1246/955/1078 1245/956/1078
f 1251/957/1079 1254/958/1079 1242/959/1079 1241/960/1079
f 1270/961/1080 1259/953/1080 1245/956/1080 1252/962/1080
f 1266/963/1081 1257/964/1081 1242/965/1081 1254/966/1081
f 1262/954/1082 1264/967/1082 1253/968/1082 1246/955/1082
f 1264/967/1083 1266/963/1083 1254/966/1083 1253/968/1083
f 1256/969/1084 1268/970/1084 1251/971/1084 1241/972/1084
f 1268/970/1085 1270/961/1085 1252/962/1085 1251/971/1085
f 1245/956/1086 1246/955/1086 1253/973/1086 1252/974/1086
f 1252/974/1087 1253/973/1087 1254/958/1087 1251/957/1087
f 1274/975/1088 1273/976/1088 1249/977/1088 1269/978/1088 1267/979/1088
f 1271/980/1089 1272/981/1089 1274/975/1089
f 1250/982/1090 1277/983/1090 1276/984/1090 1265/985/1090 1263/986/1090
f 1267/979/1091 1269/978/1091 1270/961/1091 1268/970/1091
f 1275/987/1092 1276/984/1092 1278/988/1092
f 1255/989/1093 1267/979/1093 1268/970/1093 1256/969/1093
f 1271/990/1094 1275/987/1094 1278/988/1094 1272/981/1094
f 1263/986/1095 1265/985/1095 1266/963/1095 1264/967/1095
f 1248/951/1096 1250/982/1096 1263/986/1096 1261/991/1096
f 1261/991/1097 1263/986/1097 1264/967/1097 1262/954/1097
f 1273/992/1098 1272/981/1098 1278/988/1098 1277/993/1098
f 1265/985/1099 1258/994/1099 1257/964/1099 1266/963/1099
f 1249/977/1100 1247/952/1100 1260/995/1100 1269/978/1100
f 1269/978/1101 1260/995/1101 1259/953/1101 1270/961/1101
f 1247/952/1102 1248/951/1102 1261/991/1102 1260/995/1102
f 1260/995/1103 1261/991/1103 1262/954/1103 1259/953/1103
f 1241/996/1104 1242/997/1104 1257/998/1104 1256/999/1104
f 1256/999/1105 1257/998/1105 1258/946/1105 1255/945/1105
f 1272/981/1106 1273/992/1106 1274/975/1106
f 1243/1000/1107 1271/980/1107 1274/975/1107 1267/979/1107 1255/989/1107
f 1276/984/1108 1277/983/1108 1278/988/1108
f 1276/984/1109 1275/1001/1109 1244/1002/1109 1258/994/1109 1265/985/1109
f 1243/948/1110 1244/947/1110 1275/987/1110 1271/990/1110
f 1249/949/1111 1273/992/1111 1277/993/1111 1250/950/1111
f 1295/945/1112 1283/948/1112 1284/947/1112 1298/946/1112
f 1289/949/1113 1287/952/1113 1288/951/1113 1290/950/1113
f 1299/953/1114 1285/956/1114 1286/955/1114 1302/954/1114
f 1291/957/1115 1281/960/1115 1282/959/1115 1294/958/1115
f 1310/961/1116 1292/962/1116 1285/956/1116 1299/953/1116
f 1306/963/1117 1294/966/1117 1282/965/1117 1297/964/1117
f 1302/954/1118 1286/955/1118 1293/968/1118 1304/967/1118
f 1304/967/1119 1293/968/1119 1294/966/1119 1306/963/1119
f 1296/969/1120 1281/972/1120 1291/971/1120 1308/970/1120
f 1308/970/1121 1291/971/1121 1292/962/1121 1310/961/1121
f 1285/956/1122 1292/974/1122 1293/973/1122 1286/955/1122
f 1292/974/1123 1291/957/1123 1294/958/1123 1293/973/1123
f 1314/975/1124 1307/979/1124 1309/978/1124 1289/977/1124 1313/976/1124
f 1311/980/1125 1314/975/1125 1312/981/1125
f 1290/982/1126 1303/986/1126 1305/985/1126 1316/984/1126 1317/983/1126
f 1307/979/1127 1308/970/1127 1310/961/1127 1309/978/1127
f 1315/987/1128 1318/988/1128 1316/984/1128
f 1295/989/1129 1296/969/1129 1308/970/1129 1307/979/1129
f 1311/990/1130 1312/981/1130 1318/988/1130 1315/987/1130
f 1303/986/1131 1304/967/1131 1306/963/1131 1305/985/1131
f 1288/951/1132 1301/991/1132 1303/986/1132 1290/982/1132
f 1301/991/1133 1302/954/1133 1304/967/1133 1303/986/1133
f 1313/992/1134 1317/993/1134 1318/988/1134 1312/981/1134
f 1305/985/1135 1306/963/1135 1297/964/1135 1298/994/1135
f 1289/977/1136 1309/978/1136 1300/995/1136 1287/952/1136
f 1309/978/1137 1310/961/1137 1299/953/1137 1300/995/1137
f 1287/952/1138 1300/995/1138 1301/991/1138 1288/951/1138
f 1300/995/1139 1299/953/1139 1302/954/1139 1301/991/1139
f 1281/996/1140 1296/999/1140 1297/998/1140 1282/997/1140
f 1296/999/1141 1295/945/1141 1298/946/1141 1297/998/1141
f 1312/981/1142 1314/975/1142 1313/992/1142
f 1283/1000/1143 1295/989/1143 1307/979/1143 1314/975/1143 1311/980/1143
f 1316/984/1144 1318/988/1144 1317/983/1144
f 1316/984/1145 1305/985/1145 1298/994/1145 1284/1002/1145 1315/1001/1145
f 1283/948/1146 1311/990/1146 1315/987/1146 1284/947/1146
f 1289/949/1147 1290/950/1147 1317/993/1147 1313/992/1147
l 1279 1280
l 1319 1320
o tile1.008
v 0.426550 2.467473 -0.441272
v 0.418300 2.430313 -0.449666
v 0.404305 2.371253 0.006396
v 0.396004 2.333914 -0.002049
v 0.730179 2.416392 -0.454735
v 0.721928 2.378602 -0.463129
v 0.677551 2.319962 0.006396
v 0.669250 2.282047 -0.002049
v 0.583596 2.321899 0.066397
v 0.575295 2.284182 0.057952
v 0.517077 2.448896 -0.441272
v 0.607604 2.432393 -0.441272
v 0.599354 2.394856 -0.449666
v 0.508827 2.411548 -0.449666
v 0.395394 2.409360 -0.142306
v 0.401598 2.441851 -0.291490
v 0.392232 2.399727 -0.301019
v 0.386087 2.367516 -0.151775
v 0.709907 2.385134 -0.291490
v 0.701761 2.352444 -0.142306
v 0.692453 2.309878 -0.151775
v 0.700541 2.342279 -0.301019
v 0.590331 2.326452 -0.151775
v 0.597771 2.358756 -0.301019
v 0.488209 2.345664 -0.151775
v 0.495002 2.377905 -0.301019
v 0.497516 2.387749 -0.142306
v 0.504368 2.420273 -0.291490
v 0.599638 2.368777 -0.142306
v 0.607138 2.401367 -0.291490
v 0.469623 2.347228 0.050826
v 0.495589 2.352967 -0.014755
v 0.517990 2.334050 0.066397
v 0.495306 2.366241 -0.050113
v 0.464458 2.308617 0.044514
v 0.486384 2.325513 -0.056004
v 0.506199 2.297156 0.057952
v 0.488729 2.321953 -0.021733
v 0.495589 2.352967 -0.014755
v 0.488729 2.321953 -0.021733
v 0.426550 2.467473 -1.116177
v 0.418300 2.430314 -1.107783
v 0.404305 2.371253 -1.563845
v 0.396004 2.333914 -1.555399
v 0.730179 2.416392 -1.102713
v 0.721928 2.378602 -1.094319
v 0.677551 2.319962 -1.563844
v 0.669250 2.282047 -1.555399
v 0.583596 2.321899 -1.623846
v 0.575295 2.284183 -1.615400
v 0.517077 2.448896 -1.116177
v 0.607604 2.432393 -1.116177
v 0.599354 2.394856 -1.107783
v 0.508827 2.411548 -1.107783
v 0.395394 2.409360 -1.415143
v 0.401598 2.441851 -1.265958
v 0.392232 2.399728 -1.256430
v 0.386087 2.367516 -1.405673
v 0.709907 2.385133 -1.265958
v 0.701761 2.352444 -1.415142
v 0.692453 2.309878 -1.405673
v 0.700541 2.342279 -1.256429
v 0.590331 2.326451 -1.405673
v 0.597771 2.358756 -1.256430
v 0.488209 2.345664 -1.405674
v 0.495002 2.377905 -1.256429
v 0.497516 2.387748 -1.415142
v 0.504368 2.420273 -1.265958
v 0.599638 2.368777 -1.415142
v 0.607138 2.401367 -1.265959
v 0.469623 2.347228 -1.608275
v 0.495589 2.352967 -1.542694
v 0.517990 2.334050 -1.623845
v 0.495306 2.366241 -1.507335
v 0.464458 2.308617 -1.601963
v 0.486384 2.325513 -1.501445
v 0.506199 2.297156 -1.615401
v 0.488729 2.321953 -1.535715
v 0.495589 2.352967 -1.542694
v 0.488729 2.321953 -1.535715
vn -0.9754 0.1925 0.1078
vn 0.5102 -0.2926 0.8088
vn 0.9704 -0.2290 0.0767
vn 0.0434 0.2104 -0.9766
vn 0.1505 0.9676 0.2025
vn -0.1999 -0.9518 -0.2325
vn -0.1535 -0.9598 -0.2350
vn -0.1773 -0.9561 -0.2335
vn 0.1993 0.9596 0.1988
vn 0.1766 0.9638 0.1997
vn -0.0759 0.2327 -0.9696
vn 0.0386 0.2105 -0.9768
vn 0.1783 0.9570 0.2287
vn 0.5558 0.7797 0.2883
vn -0.1813 -0.9614 -0.2068
vn 0.1774 0.9597 0.2180
vn 0.2172 -0.9693 -0.1156
vn 0.2013 0.9552 0.2169
vn 0.9217 -0.2201 0.3194
vn -0.1797 -0.9597 -0.2161
vn -0.1549 -0.9664 -0.2050
vn -0.1555 -0.9637 -0.2170
vn -0.9388 0.1931 0.2852
vn -0.2036 -0.9551 -0.2151
vn 0.1601 0.9597 0.2311
vn 0.1532 0.9637 0.2189
vn 0.9662 -0.2350 0.1060
vn 0.9766 -0.2149 0.0063
vn -0.9632 0.2410 -0.1193
vn -0.9764 0.2157 0.0064
vn -0.4446 0.8374 0.3179
vn 0.1977 0.9529 0.2300
vn -0.8087 -0.5882 -0.0058
vn -0.2085 -0.9566 -0.2038
vn -0.5757 -0.0564 0.8157
vn -0.0393 -0.2106 0.9768
vn -0.9754 0.1925 -0.1078
vn 0.5102 -0.2926 -0.8088
vn 0.9704 -0.2290 -0.0767
vn 0.0434 0.2104 0.9766
vn 0.1505 0.9676 -0.2025
vn -0.1999 -0.9518 0.2325
vn -0.1535 -0.9598 0.2350
vn -0.1773 -0.9561 0.2335
vn 0.1993 0.9596 -0.1988
vn 0.1766 0.9638 -0.1997
vn -0.0759 0.2327 0.9696
vn 0.0386 0.2105 0.9768
vn 0.1783 0.9570 -0.2287
vn 0.5558 0.7797 -0.2883
vn -0.1813 -0.9614 0.2068
vn 0.1774 0.9597 -0.2180
vn 0.2172 -0.9693 0.1155
vn 0.2014 0.9552 -0.2169
vn 0.9217 -0.2201 -0.3194
vn -0.1797 -0.9597 0.2161
vn -0.1549 -0.9664 0.2050
vn -0.1555 -0.9637 0.2170
vn -0.9388 0.1931 -0.2852
vn -0.2036 -0.9551 0.2151
vn 0.1601 0.9597 -0.2311
vn 0.1532 0.9637 -0.2189
vn 0.9662 -0.2350 -0.1060
vn 0.9766 -0.2149 -0.0063
vn -0.9632 0.2410 0.1193
vn -0.9764 0.2157 -0.0064
vn -0.4446 0.8374 -0.3179
vn 0.1977 0.9529 -0.2300
vn -0.8087 -0.5882 0.0058
vn -0.2085 -0.9566 0.2037
vn -0.5757 -0.0564 -0.8157
vn -0.0393 -0.2105 -0.9768
vt 0.375000 0.166667
vt 0.625000 0.166667
vt 0.625000 0.250000
vt 0.375000 0.250000
vt 0.375000 0.416667
vt 0.625000 0.416667
vt 0.625000 0.500000
vt 0.375000 0.500000
vt 0.375000 0.666667
vt 0.625000 0.666667
vt 0.625000 0.750000
vt 0.375000 0.750000
vt 0.375000 0.916667
vt 0.625000 0.916667
vt 0.625000 1.000000
vt 0.375000 1.000000
vt 0.291667 0.666667
vt 0.291667 0.750000
vt 0.791667 0.666667
vt 0.875000 0.666667
vt 0.875000 0.750000
vt 0.791667 0.750000
vt 0.708333 0.666667
vt 0.708333 0.750000
vt 0.125000 0.666667
vt 0.208333 0.666667
vt 0.208333 0.750000
vt 0.125000 0.750000
vt 0.625000 0.833333
vt 0.375000 0.833333
vt 0.208333 0.546522
vt 0.231642 0.500000
vt 0.291667 0.500000
vt 0.291667 0.583333
vt 0.208333 0.583333
vt 0.186707 0.500000
vt 0.398309 0.333333
vt 0.708333 0.500000
vt 0.771551 0.500000
vt 0.791667 0.545279
vt 0.791667 0.583333
vt 0.708333 0.583333
vt 0.625000 0.314670
vt 0.604884 0.333333
vt 0.125000 0.583333
vt 0.375000 0.311707
vt 0.625000 0.583333
vt 0.375000 0.356642
vt 0.625000 0.353449
vt 0.875000 0.583333
vt 0.375000 0.583333
vt 0.375000 0.000000
vt 0.625000 0.000000
vt 0.625000 0.083333
vt 0.375000 0.083333
vt 0.125000 0.500000
vt 0.810330 0.500000
vt 0.875000 0.500000
s 0
f 1335/1003/1148 1338/1004/1148 1324/1005/1148 1323/1006/1148
f 1329/1007/1149 1330/1008/1149 1328/1009/1149 1327/1010/1149
f 1339/1011/1150 1342/1012/1150 1326/1013/1150 1325/1014/1150
f 1331/1015/1151 1334/1016/1151 1322/1017/1151 1321/1018/1151
f 1350/1019/1152 1339/1011/1152 1325/1014/1152 1332/1020/1152
f 1346/1021/1153 1337/1022/1153 1322/1023/1153 1334/1024/1153
f 1342/1012/1154 1344/1025/1154 1333/1026/1154 1326/1013/1154
f 1344/1025/1155 1346/1021/1155 1334/1024/1155 1333/1026/1155
f 1336/1027/1156 1348/1028/1156 1331/1029/1156 1321/1030/1156
f 1348/1028/1157 1350/1019/1157 1332/1020/1157 1331/1029/1157
f 1325/1014/1158 1326/1013/1158 1333/1031/1158 1332/1032/1158
f 1332/1032/1159 1333/1031/1159 1334/1016/1159 1331/1015/1159
f 1354/1033/1160 1353/1034/1160 1329/1035/1160 1349/1036/1160 1347/1037/1160
f 1351/1038/1161 1352/1039/1161 1354/1033/1161
f 1330/1040/1162 1357/1041/1162 1356/1042/1162 1345/1043/1162 1343/1044/1162
f 1347/1037/1163 1349/1036/1163 1350/1019/1163 1348/1028/1163
f 1355/1045/1164 1356/1042/1164 1358/1046/1164
f 1335/1047/1165 1347/1037/1165 1348/1028/1165 1336/1027/1165
f 1351/1048/1166 1355/1045/1166 1358/1046/1166 1352/1039/1166
f 1343/1044/1167 1345/1043/1167 1346/1021/1167 1344/1025/1167
f 1328/1009/1168 1330/1040/1168 1343/1044/1168 1341/1049/1168
f 1341/1049/1169 1343/1044/1169 1344/1025/1169 1342/1012/1169
f 1353/1050/1170 1352/1039/1170 1358/1046/1170 1357/1051/1170
f 1345/1043/1171 1338/1052/1171 1337/1022/1171 1346/1021/1171
f 1329/1035/1172 1327/1010/1172 1340/1053/1172 1349/1036/1172
f 1349/1036/1173 1340/1053/1173 1339/1011/1173 1350/1019/1173
f 1327/1010/1174 1328/1009/1174 1341/1049/1174 1340/1053/1174
f 1340/1053/1175 1341/1049/1175 1342/1012/1175 1339/1011/1175
f 1321/1054/1176 1322/1055/1176 1337/1056/1176 1336/1057/1176
f 1336/1057/1177 1337/1056/1177 1338/1004/1177 1335/1003/1177
f 1352/1039/1178 1353/1050/1178 1354/1033/1178
f 1323/1058/1179 1351/1038/1179 1354/1033/1179 1347/1037/1179 1335/1047/1179
f 1356/1042/1180 1357/1041/1180 1358/1046/1180
f 1356/1042/1181 1355/1059/1181 1324/1060/1181 1338/1052/1181 1345/1043/1181
f 1323/1006/1182 1324/1005/1182 1355/1045/1182 1351/1048/1182
f 1329/1007/1183 1353/1050/1183 1357/1051/1183 1330/1008/1183
f 1375/1003/1184 1363/1006/1184 1364/1005/1184 1378/1004/1184
f 1369/1007/1185 1367/1010/1185 1368/1009/1185 1370/1008/1185
f 1379/1011/1186 1365/1014/1186 1366/1013/1186 1382/1012/1186
f 1371/1015/1187 1361/1018/1187 1362/1017/1187 1374/1016/1187
f 1390/1019/1188 1372/1020/1188 1365/1014/1188 1379/1011/1188
f 1386/1021/1189 1374/1024/1189 1362/1023/1189 1377/1022/1189
f 1382/1012/1190 1366/1013/1190 1373/1026/1190 1384/1025/1190
f 1384/1025/1191 1373/1026/1191 1374/1024/1191 1386/1021/1191
f 1376/1027/1192 1361/1030/1192 1371/1029/1192 1388/1028/1192
f 1388/1028/1193 1371/1029/1193 1372/1020/1193 1390/1019/1193
f 1365/1014/1194 1372/1032/1194 1373/1031/1194 1366/1013/1194
f 1372/1032/1195 1371/1015/1195 1374/1016/1195 1373/1031/1195
f 1394/1033/1196 1387/1037/1196 1389/1036/1196 1369/1035/1196 1393/1034/1196
f 1391/1038/1197 1394/1033/1197 1392/1039/1197
f 1370/1040/1198 1383/1044/1198 1385/1043/1198 1396/1042/1198 1397/1041/1198
f 1387/1037/1199 1388/1028/1199 1390/1019/1199 1389/1036/1199
f 1395/1045/1200 1398/1046/1200 1396/1042/1200
f 1375/1047/1201 1376/1027/1201 1388/1028/1201 1387/1037/1201
f 1391/1048/1202 1392/1039/1202 1398/1046/1202 1395/1045/1202
f 1383/1044/1203 1384/1025/1203 1386/1021/1203 1385/1043/1203
f 1368/1009/1204 1381/1049/1204 1383/1044/1204 1370/1040/1204
f 1381/1049/1205 1382/1012/1205 1384/1025/1205 1383/1044/1205
f 1393/1050/1206 1397/1051/1206 1398/1046/1206 1392/1039/1206
f 1385/1043/1207 1386/1021/1207 1377/1022/1207 1378/1052/1207
f 1369/1035/1208 1389/1036/1208 1380/1053/1208 1367/1010/1208
f 1389/1036/1209 1390/1019/1209 1379/1011/1209 1380/1053/1209
f 1367/1010/1210 1380/1053/1210 1381/1049/1210 1368/1009/1210
f 1380/1053/1211 1379/1011/1211 1382/1012/1211 1381/1049/1211
f 1361/1054/1212 1376/1057/1212 1377/1056/1212 1362/1055/1212
f 1376/1057/1213 1375/1003/1213 1378/1004/1213 1377/1056/1213
f 1392/1039/1214 1394/1033/1214 1393/1050/1214
f 1363/1058/1215 1375/1047/1215 1387/1037/1215 1394/1033/1215 1391/1038/1215
f 1396/1042/1216 1398/1046/1216 1397/1041/1216
f 1396/1042/1217 1385/1043/1217 1378/1052/1217 1364/1060/1217 1395/1059/1217
f 1363/1006/1218 1391/1048/1218 1395/1045/1218 1364/1005/1218
f 1369/1007/1219 1370/1008/1219 1397/1051/1219 1393/1050/1219
l 1359 1360
l 1399 1400
o tile2.006
v 0.698557 2.413858 -0.040331
v 0.690234 2.377049 -0.046682
v 0.716616 2.503768 -0.503402
v 0.708293 2.466922 -0.509753
v 0.969949 2.376959 -0.029291
v 0.961626 2.339758 -0.035642
v 1.005033 2.452084 -0.478963
v 0.996710 2.414857 -0.485315
v 0.914569 2.462704 -0.482643
v 0.824105 2.474353 -0.486323
v 0.815782 2.437319 -0.492675
v 0.906246 2.425555 -0.488995
v 0.783359 2.388127 0.035914
v 0.873823 2.375878 0.039594
v 0.865500 2.338776 0.033243
v 0.775036 2.351157 0.029563
v 0.705860 2.465275 -0.339812
v 0.694165 2.440790 -0.189921
v 0.685842 2.403990 -0.196273
v 0.697537 2.428450 -0.346164
v 1.001706 2.400092 -0.180627
v 1.013401 2.425153 -0.330518
v 1.005078 2.387921 -0.336870
v 0.993383 2.362868 -0.186979
v 0.894551 2.400624 -0.339104
v 0.882856 2.375712 -0.189213
v 0.804087 2.412557 -0.342784
v 0.792392 2.387820 -0.192893
v 0.812410 2.449573 -0.336433
v 0.800715 2.424818 -0.186542
v 0.902874 2.437761 -0.332752
v 0.891179 2.412835 -0.182861
v 0.698557 2.413858 -1.517118
v 0.690234 2.377049 -1.510767
v 0.716616 2.503768 -1.054047
v 0.708293 2.466922 -1.047696
v 0.969949 2.376960 -1.528158
v 0.961626 2.339758 -1.521807
v 1.005033 2.452084 -1.078485
v 0.996710 2.414857 -1.072134
v 0.914569 2.462704 -1.074805
v 0.824105 2.474353 -1.071125
v 0.815782 2.437319 -1.064774
v 0.906246 2.425555 -1.068454
v 0.783359 2.388127 -1.593363
v 0.873823 2.375878 -1.597043
v 0.865500 2.338776 -1.590691
v 0.775036 2.351157 -1.587011
v 0.705860 2.465275 -1.217636
v 0.694165 2.440790 -1.367527
v 0.685842 2.403990 -1.361176
v 0.697537 2.428450 -1.211285
v 1.001706 2.400092 -1.376821
v 1.013401 2.425153 -1.226930
v 1.005078 2.387921 -1.220579
v 0.993383 2.362868 -1.370470
v 0.894551 2.400624 -1.218345
v 0.882856 2.375712 -1.368236
v 0.804087 2.412557 -1.214665
v 0.792392 2.387820 -1.364556
v 0.812410 2.449573 -1.221016
v 0.800716 2.424818 -1.370907
v 0.902874 2.437761 -1.224696
v 0.891180 2.412835 -1.374587
vn -0.9749 0.2223 -0.0118
vn 0.0584 0.1553 -0.9861
vn 0.9564 -0.2419 0.1637
vn -0.6648 0.0214 0.7467
vn 0.1107 0.9789 0.1719
vn -0.1428 -0.9748 -0.1716
vn -0.1116 -0.9788 -0.1719
vn -0.1253 -0.9772 -0.1714
vn 0.1411 0.9750 0.1716
vn 0.1239 0.9774 0.1715
vn 0.5642 -0.2603 0.7835
vn -0.0613 -0.1553 0.9860
vn 0.1890 0.1249 -0.9740
vn 0.0602 0.1553 -0.9860
vn 0.1198 0.9779 0.1715
vn 0.1216 0.9777 0.1715
vn 0.1828 0.9611 0.2071
vn 0.1395 0.9753 0.1711
vn -0.1211 -0.9777 -0.1715
vn -0.1229 -0.9775 -0.1715
vn -0.1090 -0.9792 -0.1714
vn -0.1097 -0.9790 -0.1717
vn -0.1844 -0.9608 -0.2070
vn -0.1413 -0.9751 -0.1710
vn 0.1081 0.9792 0.1715
vn 0.1088 0.9791 0.1717
vn 0.9750 -0.2023 -0.0917
vn 0.9738 -0.2243 0.0385
vn -0.9756 0.2092 0.0663
vn -0.9732 0.2267 -0.0389
vn -0.9749 0.2223 0.0118
vn 0.0584 0.1553 0.9861
vn 0.9564 -0.2419 -0.1637
vn -0.6648 0.0214 -0.7467
vn 0.1107 0.9789 -0.1719
vn -0.1428 -0.9748 0.1716
vn -0.1116 -0.9788 0.1719
vn -0.1253 -0.9772 0.1714
vn 0.1411 0.9750 -0.1716
vn 0.1239 0.9774 -0.1715
vn 0.5642 -0.2604 -0.7835
vn -0.0613 -0.1553 -0.9860
vn 0.1890 0.1249 0.9740
vn 0.0602 0.1553 0.9860
vn 0.1198 0.9779 -0.1715
vn 0.1216 0.9777 -0.1715
vn 0.1828 0.9611 -0.2071
vn 0.1395 0.9753 -0.1711
vn -0.1211 -0.9777 0.1715
vn -0.1229 -0.9775 0.1715
vn -0.1090 -0.9792 0.1714
vn -0.1097 -0.9790 0.1717
vn -0.1844 -0.9608 0.2070
vn -0.1413 -0.9751 0.1710
vn 0.1081 0.9792 -0.1715
vn 0.1088 0.9791 -0.1717
vn 0.9750 -0.2023 0.0917
vn 0.9738 -0.2243 -0.0385
vn -0.9756 0.2092 -0.0663
vn -0.9732 0.2267 0.0389
vt 0.375000 0.166667
vt 0.625000 0.166667
vt 0.625000 0.250000
vt 0.375000 0.250000
vt 0.375000 0.416667
vt 0.625000 0.416667
vt 0.625000 0.500000
vt 0.375000 0.500000
vt 0.375000 0.666667
vt 0.625000 0.666667
vt 0.625000 0.750000
vt 0.375000 0.750000
vt 0.375000 0.916667
vt 0.625000 0.916667
vt 0.625000 1.000000
vt 0.375000 1.000000
vt 0.291667 0.666667
vt 0.291667 0.750000
vt 0.791667 0.666667
vt 0.875000 0.666667
vt 0.875000 0.750000
vt 0.791667 0.750000
vt 0.708333 0.666667
vt 0.708333 0.750000
vt 0.125000 0.666667
vt 0.208333 0.666667
vt 0.208333 0.750000
vt 0.125000 0.750000
vt 0.625000 0.833333
vt 0.375000 0.833333
vt 0.625000 0.333333
vt 0.375000 0.333333
vt 0.208333 0.500000
vt 0.291667 0.500000
vt 0.291667 0.583333
vt 0.208333 0.583333
vt 0.125000 0.500000
vt 0.125000 0.583333
vt 0.708333 0.500000
vt 0.791667 0.500000
vt 0.791667 0.583333
vt 0.708333 0.583333
vt 0.625000 0.583333
vt 0.875000 0.500000
vt 0.875000 0.583333
vt 0.375000 0.583333
vt 0.375000 0.000000
vt 0.625000 0.000000
vt 0.625000 0.083333
vt 0.375000 0.083333
s 0
f 1417/1061/1220 1403/1064/1220 1404/1063/1220 1420/1062/1220
f 1409/1065/1221 1407/1068/1221 1408/1067/1221 1412/1066/1221
f 1421/1069/1222 1405/1072/1222 1406/1071/1222 1424/1070/1222
f 1413/1073/1223 1401/1076/1223 1402/1075/1223 1416/1074/1223
f 1432/1077/1224 1414/1078/1224 1405/1072/1224 1421/1069/1224
f 1428/1079/1225 1416/1082/1225 1402/1081/1225 1419/1080/1225
f 1424/1070/1226 1406/1071/1226 1415/1084/1226 1426/1083/1226
f 1426/1083/1227 1415/1084/1227 1416/1082/1227 1428/1079/1227
f 1418/1085/1228 1401/1088/1228 1413/1087/1228 1430/1086/1228
f 1430/1086/1229 1413/1087/1229 1414/1078/1229 1432/1077/1229
f 1405/1072/1230 1414/1090/1230 1415/1089/1230 1406/1071/1230
f 1414/1090/1231 1413/1073/1231 1416/1074/1231 1415/1089/1231
f 1403/1064/1232 1410/1092/1232 1411/1091/1232 1404/1063/1232
f 1410/1092/1233 1409/1065/1233 1412/1066/1233 1411/1091/1233
f 1410/1093/1234 1429/1096/1234 1431/1095/1234 1409/1094/1234
f 1429/1096/1235 1430/1086/1235 1432/1077/1235 1431/1095/1235
f 1403/1097/1236 1417/1098/1236 1429/1096/1236 1410/1093/1236
f 1417/1098/1237 1418/1085/1237 1430/1086/1237 1429/1096/1237
f 1412/1099/1238 1425/1102/1238 1427/1101/1238 1411/1100/1238
f 1425/1102/1239 1426/1083/1239 1428/1079/1239 1427/1101/1239
f 1408/1067/1240 1423/1103/1240 1425/1102/1240 1412/1099/1240
f 1423/1103/1241 1424/1070/1241 1426/1083/1241 1425/1102/1241
f 1411/1100/1242 1427/1101/1242 1420/1105/1242 1404/1104/1242
f 1427/1101/1243 1428/1079/1243 1419/1080/1243 1420/1105/1243
f 1409/1094/1244 1431/1095/1244 1422/1106/1244 1407/1068/1244
f 1431/1095/1245 1432/1077/1245 1421/1069/1245 1422/1106/1245
f 1407/1068/1246 1422/1106/1246 1423/1103/1246 1408/1067/1246
f 1422/1106/1247 1421/1069/1247 1424/1070/1247 1423/1103/1247
f 1401/1107/1248 1418/1110/1248 1419/1109/1248 1402/1108/1248
f 1418/1110/1249 1417/1061/1249 1420/1062/1249 1419/1109/1249
f 1449/1061/1250 1452/1062/1250 1436/1063/1250 1435/1064/1250
f 1441/1065/1251 1444/1066/1251 1440/1067/1251 1439/1068/1251
f 1453/1069/1252 1456/1070/1252 1438/1071/1252 1437/1072/1252
f 1445/1073/1253 1448/1074/1253 1434/1075/1253 1433/1076/1253
f 1464/1077/1254 1453/1069/1254 1437/1072/1254 1446/1078/1254
f 1460/1079/1255 1451/1080/1255 1434/1081/1255 1448/1082/1255
f 1456/1070/1256 1458/1083/1256 1447/1084/1256 1438/1071/1256
f 1458/1083/1257 1460/1079/1257 1448/1082/1257 1447/1084/1257
f 1450/1085/1258 1462/1086/1258 1445/1087/1258 1433/1088/1258
f 1462/1086/1259 1464/1077/1259 1446/1078/1259 1445/1087/1259
f 1437/1072/1260 1438/1071/1260 1447/1089/1260 1446/1090/1260
f 1446/1090/1261 1447/1089/1261 1448/1074/1261 1445/1073/1261
f 1435/1064/1262 1436/1063/1262 1443/1091/1262 1442/1092/1262
f 1442/1092/1263 1443/1091/1263 1444/1066/1263 1441/1065/1263
f 1442/1093/1264 1441/1094/1264 1463/1095/1264 1461/1096/1264
f 1461/1096/1265 1463/1095/1265 1464/1077/1265 1462/1086/1265
f 1435/1097/1266 1442/1093/1266 1461/1096/1266 1449/1098/1266
f 1449/1098/1267 1461/1096/1267 1462/1086/1267 1450/1085/1267
f 1444/1099/1268 1443/1100/1268 1459/1101/1268 1457/1102/1268
f 1457/1102/1269 1459/1101/1269 1460/1079/1269 1458/1083/1269
f 1440/1067/1270 1444/1099/1270 1457/1102/1270 1455/1103/1270
f 1455/1103/1271 1457/1102/1271 1458/1083/1271 1456/1070/1271
f 1443/1100/1272 1436/1104/1272 1452/1105/1272 1459/1101/1272
f 1459/1101/1273 1452/1105/1273 1451/1080/1273 1460/1079/1273
f 1441/1094/1274 1439/1068/1274 1454/1106/1274 1463/1095/1274
f 1463/1095/1275 1454/1106/1275 1453/1069/1275 1464/1077/1275
f 1439/1068/1276 1440/1067/1276 1455/1103/1276 1454/1106/1276
f 1454/1106/1277 1455/1103/1277 1456/1070/1277 1453/1069/1277
f 1433/1107/1278 1434/1108/1278 1451/1109/1278 1450/1110/1278
f 1450/1110/1279 1451/1109/1279 1452/1062/1279 1449/1061/1279
o tile2.007
v 0.135105 2.377313 -0.030092
v 0.126782 2.341690 -0.036443
v 0.153164 2.464650 -0.493163
v 0.144841 2.428989 -0.499514
v 0.406497 2.303796 -0.019052
v 0.398174 2.267602 -0.025403
v 0.441581 2.374801 -0.468725
v 0.433258 2.338533 -0.475076
v 0.351117 2.396432 -0.472405
v 0.260653 2.420135 -0.476085
v 0.252330 2.384248 -0.482436
v 0.342794 2.360355 -0.478756
v 0.219908 2.339566 0.046153
v 0.310372 2.314931 0.049833
v 0.302049 2.278939 0.043481
v 0.211585 2.303765 0.039801
v 0.142409 2.427688 -0.329574
v 0.130714 2.404871 -0.179683
v 0.122391 2.369258 -0.186034
v 0.134086 2.392051 -0.335925
v 0.438255 2.323191 -0.170389
v 0.449950 2.346919 -0.320280
v 0.441626 2.310633 -0.326631
v 0.429932 2.286930 -0.176740
v 0.331100 2.336944 -0.328865
v 0.319405 2.313568 -0.178974
v 0.240636 2.361105 -0.332545
v 0.228941 2.337997 -0.182654
v 0.248959 2.396967 -0.326194
v 0.237264 2.373834 -0.176303
v 0.339423 2.372997 -0.322514
v 0.327728 2.349597 -0.172623
v 0.135105 2.377313 -1.527356
v 0.126782 2.341691 -1.521005
v 0.153165 2.464650 -1.064286
v 0.144841 2.428989 -1.057934
v 0.406498 2.303796 -1.538397
v 0.398174 2.267602 -1.532045
v 0.441582 2.374801 -1.088724
v 0.433259 2.338533 -1.082372
v 0.351117 2.396432 -1.085043
v 0.260653 2.420135 -1.081364
v 0.252330 2.384248 -1.075012
v 0.342794 2.360355 -1.078692
v 0.219908 2.339567 -1.603601
v 0.310372 2.314931 -1.607281
v 0.302049 2.278940 -1.600930
v 0.211585 2.303765 -1.597250
v 0.142409 2.427688 -1.227875
v 0.130714 2.404871 -1.377765
v 0.122391 2.369258 -1.371414
v 0.134086 2.392051 -1.221523
v 0.438255 2.323191 -1.387060
v 0.449950 2.346919 -1.237169
v 0.441627 2.310633 -1.230818
v 0.429932 2.286931 -1.380709
v 0.331100 2.336944 -1.228583
v 0.319405 2.313568 -1.378475
v 0.240636 2.361105 -1.224904
v 0.228941 2.337997 -1.374794
v 0.248959 2.396967 -1.231255
v 0.237264 2.373834 -1.381146
v 0.339423 2.372997 -1.234934
v 0.327728 2.349597 -1.384825
vn -0.9733 0.2294 -0.0122
vn 0.0773 0.1551 -0.9849
vn 0.9539 -0.2487 0.1683
vn -0.6631 0.0215 0.7482
vn 0.2286 0.9588 0.1687
vn -0.2731 -0.9474 -0.1669
vn -0.2305 -0.9584 -0.1686
vn -0.2526 -0.9530 -0.1672
vn 0.2713 0.9479 0.1670
vn 0.2508 0.9535 0.1673
vn 0.5410 -0.2652 0.7981
vn -0.0824 -0.1551 0.9845
vn 0.2059 0.1244 -0.9706
vn 0.0809 0.1551 -0.9846
vn 0.2448 0.9550 0.1676
vn 0.2475 0.9543 0.1674
vn 0.3078 0.9301 0.2004
vn 0.2696 0.9485 0.1664
vn -0.2467 -0.9545 -0.1675
vn -0.2494 -0.9538 -0.1674
vn -0.2249 -0.9599 -0.1676
vn -0.2264 -0.9594 -0.1683
vn -0.3096 -0.9295 -0.2003
vn -0.2714 -0.9480 -0.1663
vn 0.2230 0.9603 0.1677
vn 0.2245 0.9598 0.1684
vn 0.9738 -0.2070 -0.0938
vn 0.9724 -0.2300 0.0395
vn -0.9741 0.2155 0.0683
vn -0.9714 0.2341 -0.0402
vn -0.9733 0.2294 0.0122
vn 0.0773 0.1551 0.9849
vn 0.9539 -0.2487 -0.1683
vn -0.6631 0.0215 -0.7482
vn 0.2286 0.9588 -0.1687
vn -0.2731 -0.9474 0.1669
vn -0.2305 -0.9584 0.1686
vn -0.2526 -0.9530 0.1672
vn 0.2713 0.9479 -0.1670
vn 0.2508 0.9535 -0.1673
vn 0.5410 -0.2652 -0.7981
vn -0.0824 -0.1551 -0.9845
vn 0.2059 0.1244 0.9706
vn 0.0809 0.1551 0.9846
vn 0.2448 0.9550 -0.1676
vn 0.2475 0.9543 -0.1674
vn 0.3078 0.9301 -0.2004
vn 0.2696 0.9485 -0.1664
vn -0.2467 -0.9545 0.1675
vn -0.2494 -0.9538 0.1674
vn -0.2249 -0.9599 0.1676
vn -0.2264 -0.9594 0.1683
vn -0.3096 -0.9295 0.2003
vn -0.2714 -0.9480 0.1663
vn 0.2230 0.9603 -0.1677
vn 0.2245 0.9598 -0.1684
vn 0.9738 -0.2070 0.0938
vn 0.9724 -0.2300 -0.0395
vn -0.9741 0.2154 -0.0683
vn -0.9714 0.2341 0.0402
vt 0.375000 0.166667
vt 0.625000 0.166667
vt 0.625000 0.250000
vt 0.375000 0.250000
vt 0.375000 0.416667
vt 0.625000 0.416667
vt 0.625000 0.500000
vt 0.375000 0.500000
vt 0.375000 0.666667
vt 0.625000 0.666667
vt 0.625000 0.750000
vt 0.375000 0.750000
vt 0.375000 0.916667
vt 0.625000 0.916667
vt 0.625000 1.000000
vt 0.375000 1.000000
vt 0.291667 0.666667
vt 0.291667 0.750000
vt 0.791667 0.666667
vt 0.875000 0.666667
vt 0.875000 0.750000
vt 0.791667 0.750000
vt 0.708333 0.666667
vt 0.708333 0.750000
vt 0.125000 0.666667
vt 0.208333 0.666667
vt 0.208333 0.750000
vt 0.125000 0.750000
vt 0.625000 0.833333
vt 0.375000 0.833333
vt 0.625000 0.333333
vt 0.375000 0.333333
vt 0.208333 0.500000
vt 0.291667 0.500000
vt 0.291667 0.583333
vt 0.208333 0.583333
vt 0.125000 0.500000
vt 0.125000 0.583333
vt 0.708333 0.500000
vt 0.791667 0.500000
vt 0.791667 0.583333
vt 0.708333 0.583333
vt 0.625000 0.583333
vt 0.875000 0.500000
vt 0.875000 0.583333
vt 0.375000 0.583333
vt 0.375000 0.000000
vt 0.625000 0.000000
vt 0.625000 0.083333
vt 0.375000 0.083333
s 0
f 1481/1111/1280 1467/1114/1280 1468/1113/1280 1484/1112/1280
f 1473/1115/1281 1471/1118/1281 1472/1117/1281 1476/1116/1281
f 1485/1119/1282 1469/1122/1282 1470/1121/1282 1488/1120/1282
f 1477/1123/1283 1465/1126/1283 1466/1125/1283 1480/1124/1283
f 1496/1127/1284 1478/1128/1284 1469/1122/1284 1485/1119/1284
f 1492/1129/1285 1480/1132/1285 1466/1131/1285 1483/1130/1285
f 1488/1120/1286 1470/1121/1286 1479/1134/1286 1490/1133/1286
f 1490/1133/1287 1479/1134/1287 1480/1132/1287 1492/1129/1287
f 1482/1135/1288 1465/1138/1288 1477/1137/1288 1494/1136/1288
f 1494/1136/1289 1477/1137/1289 1478/1128/1289 1496/1127/1289
f 1469/1122/1290 1478/1140/1290 1479/1139/1290 1470/1121/1290
f 1478/1140/1291 1477/1123/1291 1480/1124/1291 1479/1139/1291
f 1467/1114/1292 1474/1142/1292 1475/1141/1292 1468/1113/1292
f 1474/1142/1293 1473/1115/1293 1476/1116/1293 1475/1141/1293
f 1474/1143/1294 1493/1146/1294 1495/1145/1294 1473/1144/1294
f 1493/1146/1295 1494/1136/1295 1496/1127/1295 1495/1145/1295
f 1467/1147/1296 1481/1148/1296 1493/1146/1296 1474/1143/1296
f 1481/1148/1297 1482/1135/1297 1494/1136/1297 1493/1146/1297
f 1476/1149/1298 1489/1152/1298 1491/1151/1298 1475/1150/1298
f 1489/1152/1299 1490/1133/1299 1492/1129/1299 1491/1151/1299
f 1472/1117/1300 1487/1153/1300 1489/1152/1300 1476/1149/1300
f 1487/1153/1301 1488/1120/1301 1490/1133/1301 1489/1152/1301
f 1475/1150/1302 1491/1151/1302 1484/1155/1302 1468/1154/1302
f 1491/1151/1303 1492/1129/1303 1483/1130/1303 1484/1155/1303
f 1473/1144/1304 1495/1145/1304 1486/1156/1304 1471/1118/1304
f 1495/1145/1305 1496/1127/1305 1485/1119/1305 1486/1156/1305
f 1471/1118/1306 1486/1156/1306 1487/1153/1306 1472/1117/1306
f 1486/1156/1307 1485/1119/1307 1488/1120/1307 1487/1153/1307
f 1465/1157/1308 1482/1160/1308 1483/1159/1308 1466/1158/1308
f 1482/1160/1309 1481/1111/1309 1484/1112/1309 1483/1159/1309
f 1513/1111/1310 1516/1112/1310 1500/1113/1310 1499/1114/1310
f 1505/1115/1311 1508/1116/1311 1504/1117/1311 1503/1118/1311
f 1517/1119/1312 1520/1120/1312 1502/1121/1312 1501/1122/1312
f 1509/1123/1313 1512/1124/1313 1498/1125/1313 1497/1126/1313
f 1528/1127/1314 1517/1119/1314 1501/1122/1314 1510/1128/1314
f 1524/1129/1315 1515/1130/1315 1498/1131/1315 1512/1132/1315
f 1520/1120/1316 1522/1133/1316 1511/1134/1316 1502/1121/1316
f 1522/1133/1317 1524/1129/1317 1512/1132/1317 1511/1134/1317
f 1514/1135/1318 1526/1136/1318 1509/1137/1318 1497/1138/1318
f 1526/1136/1319 1528/1127/1319 1510/1128/1319 1509/1137/1319
f 1501/1122/1320 1502/1121/1320 1511/1139/1320 1510/1140/1320
f 1510/1140/1321 1511/1139/1321 1512/1124/1321 1509/1123/1321
f 1499/1114/1322 1500/1113/1322 1507/1141/1322 1506/1142/1322
f 1506/1142/1323 1507/1141/1323 1508/1116/1323 1505/1115/1323
f 1506/1143/1324 1505/1144/1324 1527/1145/1324 1525/1146/1324
f 1525/1146/1325 1527/1145/1325 1528/1127/1325 1526/1136/1325
f 1499/1147/1326 1506/1143/1326 1525/1146/1326 1513/1148/1326
f 1513/1148/1327 1525/1146/1327 1526/1136/1327 1514/1135/1327
f 1508/1149/1328 1507/1150/1328 1523/1151/1328 1521/1152/1328
f 1521/1152/1329 1523/1151/1329 1524/1129/1329 1522/1133/1329
f 1504/1117/1330 1508/1149/1330 1521/1152/1330 1519/1153/1330
f 1519/1153/1331 1521/1152/1331 1522/1133/1331 1520/1120/1331
f 1507/1150/1332 1500/1154/1332 1516/1155/1332 1523/1151/1332
f 1523/1151/1333 1516/1155/1333 1515/1130/1333 1524/1129/1333
f 1505/1144/1334 1503/1118/1334 1518/1156/1334 1527/1145/1334
f 1527/1145/1335 1518/1156/1335 1517/1119/1335 1528/1127/1335
f 1503/1118/1336 1504/1117/1336 1519/1153/1336 1518/1156/1336
f 1518/1156/1337 1519/1153/1337 1520/1120/1337 1517/1119/1337
f 1497/1157/1338 1498/1158/1338 1515/1159/1338 1514/1160/1338
f 1514/1160/1339 1515/1159/1339 1516/1112/1339 1513/1111/1339
o tile1.009
v -0.114875 2.500324 -0.441272
v -0.123126 2.464163 -0.449666
v -0.137120 2.406774 0.006396
v -0.145421 2.370411 -0.002049
v 0.188753 2.408859 -0.454735
v 0.180503 2.372197 -0.463129
v 0.136126 2.319634 0.006396
v 0.127824 2.282857 -0.002049
v 0.042170 2.334402 0.066397
v 0.033869 2.297807 0.057952
v -0.024348 2.470277 -0.441272
v 0.066179 2.441636 -0.441272
v 0.057928 2.405221 -0.449666
v -0.032599 2.434008 -0.449666
v -0.146032 2.445930 -0.142306
v -0.139827 2.477692 -0.291490
v -0.149193 2.436666 -0.301019
v -0.155339 2.405169 -0.151775
v 0.168482 2.380373 -0.291490
v 0.160335 2.348799 -0.142306
v 0.151028 2.307508 -0.151775
v 0.159115 2.338802 -0.301019
v 0.048906 2.338042 -0.151775
v 0.056346 2.369336 -0.301019
v -0.053217 2.370796 -0.151775
v -0.046424 2.402161 -0.301019
v -0.043909 2.411679 -0.142306
v -0.037058 2.443314 -0.291490
v 0.058213 2.379103 -0.142306
v 0.065712 2.410673 -0.291490
v -0.071803 2.374732 0.050826
v -0.045837 2.377147 -0.014755
v -0.023435 2.355312 0.066397
v -0.046119 2.390458 -0.050113
v -0.076968 2.336774 0.044514
v -0.055041 2.350879 -0.056004
v -0.035227 2.319959 0.057952
v -0.052696 2.347018 -0.021733
v -0.045837 2.377147 -0.014755
v -0.052696 2.347018 -0.021733
v -0.114875 2.500324 -1.116177
v -0.123126 2.464163 -1.107783
v -0.137120 2.406774 -1.563845
v -0.145421 2.370412 -1.555399
v 0.188753 2.408859 -1.102713
v 0.180503 2.372197 -1.094319
v 0.136126 2.319634 -1.563844
v 0.127824 2.282857 -1.555399
v 0.042170 2.334403 -1.623846
v 0.033869 2.297808 -1.615401
v -0.024348 2.470277 -1.116177
v 0.066179 2.441636 -1.116177
v 0.057928 2.405221 -1.107783
v -0.032599 2.434008 -1.107783
v -0.146031 2.445930 -1.415142
v -0.139827 2.477692 -1.265958
v -0.149193 2.436666 -1.256429
v -0.155339 2.405169 -1.405673
v 0.168482 2.380373 -1.265958
v 0.160335 2.348799 -1.415143
v 0.151028 2.307508 -1.405674
v 0.159115 2.338802 -1.256430
v 0.048906 2.338042 -1.405674
v 0.056346 2.369336 -1.256429
v -0.053217 2.370795 -1.405673
v -0.046424 2.402161 -1.256430
v -0.043909 2.411679 -1.415142
v -0.037058 2.443314 -1.265958
v 0.058213 2.379103 -1.415142
v 0.065712 2.410673 -1.265959
v -0.071803 2.374732 -1.608275
v -0.045837 2.377147 -1.542693
v -0.023435 2.355312 -1.623846
v -0.046119 2.390458 -1.507335
v -0.076968 2.336774 -1.601963
v -0.055041 2.350879 -1.501445
v -0.035227 2.319959 -1.615401
v -0.052696 2.347018 -1.535715
v -0.045837 2.377147 -1.542693
v -0.052696 2.347018 -1.535715
vn -0.9742 0.1968 0.1102
vn 0.4797 -0.2985 0.8251
vn 0.9685 -0.2362 0.0791
vn 0.0699 0.2101 -0.9752
vn 0.2752 0.9410 0.1969
vn -0.3090 -0.9238 -0.2259
vn -0.2769 -0.9333 -0.2285
vn -0.2958 -0.9280 -0.2267
vn 0.3102 0.9308 0.1931
vn 0.2965 0.9352 0.1939
vn -0.0441 0.2331 -0.9714
vn 0.0667 0.2102 -0.9754
vn 0.2967 0.9289 0.2217
vn 0.6192 0.7365 0.2723
vn -0.2995 -0.9328 -0.2004
vn 0.2964 0.9313 0.2115
vn 0.0953 -0.9884 -0.1179
vn 0.3105 0.9270 0.2105
vn 0.9173 -0.2260 0.3279
vn -0.2981 -0.9312 -0.2097
vn -0.2789 -0.9394 -0.1992
vn -0.2792 -0.9368 -0.2109
vn -0.9357 0.1977 0.2921
vn -0.3116 -0.9270 -0.2087
vn 0.2831 0.9324 0.2246
vn 0.2771 0.9370 0.2128
vn 0.9640 -0.2425 0.1094
vn 0.9752 -0.2212 0.0064
vn -0.9610 0.2478 -0.1227
vn -0.9752 0.2211 0.0065
vn -0.3507 0.8755 0.3324
vn 0.3066 0.9254 0.2229
vn -0.8328 -0.5535 -0.0054
vn -0.3161 -0.9280 -0.1972
vn -0.5803 -0.0562 0.8125
vn -0.0672 -0.2102 0.9753
vn -0.9742 0.1968 -0.1102
vn 0.4797 -0.2985 -0.8251
vn 0.9685 -0.2362 -0.0791
vn 0.0699 0.2101 0.9752
vn 0.2752 0.9410 -0.1969
vn -0.3090 -0.9238 0.2259
vn -0.2769 -0.9333 0.2285
vn -0.2958 -0.9280 0.2267
vn 0.3102 0.9308 -0.1931
vn 0.2965 0.9352 -0.1939
vn -0.0441 0.2331 0.9714
vn 0.0667 0.2102 0.9754
vn 0.2967 0.9289 -0.2217
vn 0.6192 0.7365 -0.2723
vn -0.2995 -0.9328 0.2004
vn 0.2964 0.9313 -0.2115
vn 0.0953 -0.9884 0.1179
vn 0.3105 0.9270 -0.2105
vn 0.9173 -0.2260 -0.3279
vn -0.2981 -0.9312 0.2097
vn -0.2789 -0.9394 0.1992
vn -0.2792 -0.9368 0.2109
vn -0.9357 0.1977 -0.2921
vn -0.3116 -0.9270 0.2087
vn 0.2831 0.9324 -0.2246
vn 0.2771 0.9370 -0.2128
vn 0.9640 -0.2425 -0.1094
vn 0.9752 -0.2212 -0.0064
vn -0.9610 0.2478 0.1227
vn -0.9752 0.2211 -0.0065
vn -0.3507 0.8755 -0.3324
vn 0.3066 0.9254 -0.2229
vn -0.8328 -0.5535 0.0054
vn -0.3161 -0.9280 0.1972
vn -0.5803 -0.0562 -0.8125
vn -0.0672 -0.2102 -0.9753
vt 0.375000 0.166667
vt 0.625000 0.166667
vt 0.625000 0.250000
vt 0.375000 0.250000
vt 0.375000 0.416667
vt 0.625000 0.416667
vt 0.625000 0.500000
vt 0.375000 0.500000
vt 0.375000 0.666667
vt 0.625000 0.666667
vt 0.625000 0.750000
vt 0.375000 0.750000
vt 0.375000 0.916667
vt 0.625000 0.916667
vt 0.625000 1.000000
vt 0.375000 1.000000
vt 0.291667 0.666667
vt 0.291667 0.750000
vt 0.791667 0.666667
vt 0.875000 0.666667
vt 0.875000 0.750000
vt 0.791667 0.750000
vt 0.708333 0.666667
vt 0.708333 0.750000
vt 0.125000 0.666667
vt 0.208333 0.666667
vt 0.208333 0.750000
vt 0.125000 0.750000
vt 0.625000 0.833333
vt 0.375000 0.833333
vt 0.208333 0.546522
vt 0.231642 0.500000
vt 0.291667 0.500000
vt 0.291667 0.583333
vt 0.208333 0.583333
vt 0.186707 0.500000
vt 0.398309 0.333333
vt 0.708333 0.500000
vt 0.771551 0.500000
vt 0.791667 0.545279
vt 0.791667 0.583333
vt 0.708333 0.583333
vt 0.625000 0.314670
vt 0.604884 0.333333
vt 0.125000 0.583333
vt 0.375000 0.311707
vt 0.625000 0.583333
vt 0.375000 0.356642
vt 0.625000 0.353449
vt 0.875000 0.583333
vt 0.375000 0.583333
vt 0.375000 0.000000
vt 0.625000 0.000000
vt 0.625000 0.083333
vt 0.375000 0.083333
vt 0.125000 0.500000
vt 0.810330 0.500000
vt 0.875000 0.500000
s 0
f 1543/1161/1340 1546/1162/1340 1532/1163/1340 1531/1164/1340
f 1537/1165/1341 1538/1166/1341 1536/1167/1341 1535/1168/1341
f 1547/1169/1342 1550/1170/1342 1534/1171/1342 1533/1172/1342
f 1539/1173/1343 1542/1174/1343 1530/1175/1343 1529/1176/1343
f 1558/1177/1344 1547/1169/1344 1533/1172/1344 1540/1178/1344
f 1554/1179/1345 1545/1180/1345 1530/1181/1345 1542/1182/1345
f 1550/1170/1346 1552/1183/1346 1541/1184/1346 1534/1171/1346
f 1552/1183/1347 1554/1179/1347 1542/1182/1347 1541/1184/1347
f 1544/1185/1348 1556/1186/1348 1539/1187/1348 1529/1188/1348
f 1556/1186/1349 1558/1177/1349 1540/1178/1349 1539/1187/1349
f 1533/1172/1350 1534/1171/1350 1541/1189/1350 1540/1190/1350
f 1540/1190/1351 1541/1189/1351 1542/1174/1351 1539/1173/1351
f 1562/1191/1352 1561/1192/1352 1537/1193/1352 1557/1194/1352 1555/1195/1352
f 1559/1196/1353 1560/1197/1353 1562/1191/1353
f 1538/1198/1354 1565/1199/1354 1564/1200/1354 1553/1201/1354 1551/1202/1354
f 1555/1195/1355 1557/1194/1355 1558/1177/1355 1556/1186/1355
f 1563/1203/1356 1564/1200/1356 1566/1204/1356
f 1543/1205/1357 1555/1195/1357 1556/1186/1357 1544/1185/1357
f 1559/1206/1358 1563/1203/1358 1566/1204/1358 1560/1197/1358
f 1551/1202/1359 1553/1201/1359 1554/1179/1359 1552/1183/1359
f 1536/1167/1360 1538/1198/1360 1551/1202/1360 1549/1207/1360
f 1549/1207/1361 1551/1202/1361 1552/1183/1361 1550/1170/1361
f 1561/1208/1362 1560/1197/1362 1566/1204/1362 1565/1209/1362
f 1553/1201/1363 1546/1210/1363 1545/1180/1363 1554/1179/1363
f 1537/1193/1364 1535/1168/1364 1548/1211/1364 1557/1194/1364
f 1557/1194/1365 1548/1211/1365 1547/1169/1365 1558/1177/1365
f 1535/1168/1366 1536/1167/1366 1549/1207/1366 1548/1211/1366
f 1548/1211/1367 1549/1207/1367 1550/1170/1367 1547/1169/1367
f 1529/1212/1368 1530/1213/1368 1545/1214/1368 1544/1215/1368
f 1544/1215/1369 1545/1214/1369 1546/1162/1369 1543/1161/1369
f 1560/1197/1370 1561/1208/1370 1562/1191/1370
f 1531/1216/1371 1559/1196/1371 1562/1191/1371 1555/1195/1371 1543/1205/1371
f 1564/1200/1372 1565/1199/1372 1566/1204/1372
f 1564/1200/1373 1563/1217/1373 1532/1218/1373 1546/1210/1373 1553/1201/1373
f 1531/1164/1374 1532/1163/1374 1563/1203/1374 1559/1206/1374
f 1537/1165/1375 1561/1208/1375 1565/1209/1375 1538/1166/1375
f 1583/1161/1376 1571/1164/1376 1572/1163/1376 1586/1162/1376
f 1577/1165/1377 1575/1168/1377 1576/1167/1377 1578/1166/1377
f 1587/1169/1378 1573/1172/1378 1574/1171/1378 1590/1170/1378
f 1579/1173/1379 1569/1176/1379 1570/1175/1379 1582/1174/1379
f 1598/1177/1380 1580/1178/1380 1573/1172/1380 1587/1169/1380
f 1594/1179/1381 1582/1182/1381 1570/1181/1381 1585/1180/1381
f 1590/1170/1382 1574/1171/1382 1581/1184/1382 1592/1183/1382
f 1592/1183/1383 1581/1184/1383 1582/1182/1383 1594/1179/1383
f 1584/1185/1384 1569/1188/1384 1579/1187/1384 1596/1186/1384
f 1596/1186/1385 1579/1187/1385 1580/1178/1385 1598/1177/1385
f 1573/1172/1386 1580/1190/1386 1581/1189/1386 1574/1171/1386
f 1580/1190/1387 1579/1173/1387 1582/1174/1387 1581/1189/1387
f 1602/1191/1388 1595/1195/1388 1597/1194/1388 1577/1193/1388 1601/1192/1388
f 1599/1196/1389 1602/1191/1389 1600/1197/1389
f 1578/1198/1390 1591/1202/1390 1593/1201/1390 1604/1200/1390 1605/1199/1390
f 1595/1195/1391 1596/1186/1391 1598/1177/1391 1597/1194/1391
f 1603/1203/1392 1606/1204/1392 1604/1200/1392
f 1583/1205/1393 1584/1185/1393 1596/1186/1393 1595/1195/1393
f 1599/1206/1394 1600/1197/1394 1606/1204/1394 1603/1203/1394
f 1591/1202/1395 1592/1183/1395 1594/1179/1395 1593/1201/1395
f 1576/1167/1396 1589/1207/1396 1591/1202/1396 1578/1198/1396
f 1589/1207/1397 1590/1170/1397 1592/1183/1397 1591/1202/1397
f 1601/1208/1398 1605/1209/1398 1606/1204/1398 1600/1197/1398
f 1593/1201/1399 1594/1179/1399 1585/1180/1399 1586/1210/1399
f 1577/1193/1400 1597/1194/1400 1588/1211/1400 1575/1168/1400
f 1597/1194/1401 1598/1177/1401 1587/1169/1401 1588/1211/1401
f 1575/1168/1402 1588/1211/1402 1589/1207/1402 1576/1167/1402
f 1588/1211/1403 1587/1169/1403 1590/1170/1403 1589/1207/1403
f 1569/1212/1404 1584/1215/1404 1585/1214/1404 1570/1213/1404
f 1584/1215/1405 1583/1161/1405 1586/1162/1405 1585/1214/1405
f 1600/1197/1406 1602/1191/1406 1601/1208/1406
f 1571/1216/1407 1583/1205/1407 1595/1195/1407 1602/1191/1407 1599/1196/1407
f 1604/1200/1408 1606/1204/1408 1605/1199/1408
f 1604/1200/1409 1593/1201/1409 1586/1210/1409 1572/1218/1409 1603/1217/1409
f 1571/1164/1410 1599/1206/1410 1603/1203/1410 1572/1163/1410
f 1577/1165/1411 1578/1166/1411 1605/1209/1411 1601/1208/1411
l 1567 1568
l 1607 1608
o tile2.008
v -0.417522 2.475995 -0.040978
v -0.425846 2.440846 -0.047330
v -0.399463 2.562231 -0.504050
v -0.407786 2.527090 -0.510401
v -0.146130 2.377368 -0.029938
v -0.154453 2.342166 -0.036290
v -0.111046 2.444078 -0.479611
v -0.119369 2.408844 -0.485963
v -0.201510 2.476397 -0.483291
v -0.291974 2.509299 -0.486971
v -0.300297 2.474169 -0.493323
v -0.209833 2.441234 -0.489643
v -0.332720 2.432276 0.035266
v -0.242256 2.399248 0.038946
v -0.250579 2.364105 0.032595
v -0.341043 2.397148 0.028915
v -0.410219 2.525937 -0.340460
v -0.421914 2.503805 -0.190569
v -0.430237 2.468655 -0.196921
v -0.418542 2.490792 -0.346812
v -0.114373 2.392883 -0.181275
v -0.102678 2.415147 -0.331166
v -0.111001 2.379905 -0.337518
v -0.122696 2.357652 -0.187627
v -0.221528 2.419087 -0.339752
v -0.233223 2.396948 -0.189861
v -0.311992 2.452061 -0.343432
v -0.323687 2.429956 -0.193541
v -0.303669 2.487190 -0.337080
v -0.315364 2.465084 -0.187189
v -0.213205 2.454243 -0.333400
v -0.224900 2.432099 -0.183509
v -0.417523 2.475995 -1.516470
v -0.425846 2.440846 -1.510118
v -0.399464 2.562231 -1.053399
v -0.407787 2.527090 -1.047048
v -0.146131 2.377368 -1.527510
v -0.154454 2.342166 -1.521159
v -0.111047 2.444078 -1.077837
v -0.119370 2.408844 -1.071486
v -0.201511 2.476397 -1.074157
v -0.291975 2.509299 -1.070477
v -0.300298 2.474169 -1.064126
v -0.209834 2.441234 -1.067806
v -0.332720 2.432276 -1.592715
v -0.242256 2.399248 -1.596394
v -0.250579 2.364105 -1.590044
v -0.341043 2.397148 -1.586363
v -0.410219 2.525937 -1.216988
v -0.421914 2.503806 -1.366879
v -0.430237 2.468655 -1.360528
v -0.418542 2.490792 -1.210637
v -0.114373 2.392883 -1.376173
v -0.102679 2.415147 -1.226282
v -0.111002 2.379905 -1.219931
v -0.122696 2.357652 -1.369822
v -0.221528 2.419087 -1.217697
v -0.233223 2.396948 -1.367588
v -0.311992 2.452061 -1.214017
v -0.323687 2.429956 -1.363908
v -0.303669 2.487190 -1.220368
v -0.315364 2.465084 -1.370259
v -0.213205 2.454243 -1.224048
v -0.224900 2.432099 -1.373939
vn -0.9725 0.2325 -0.0123
vn 0.0954 0.1549 -0.9833
vn 0.9510 -0.2560 0.1733
vn -0.6623 0.0215 0.7489
vn 0.3278 0.9305 0.1635
vn -0.3322 -0.9290 -0.1629
vn -0.3284 -0.9303 -0.1634
vn -0.3325 -0.9289 -0.1630
vn 0.3324 0.9290 0.1629
vn 0.3323 0.9290 0.1630
vn 0.5196 -0.2694 0.8108
vn -0.0965 -0.1549 0.9832
vn 0.2150 0.1242 -0.9687
vn 0.0963 0.1549 -0.9832
vn 0.3316 0.9292 0.1631
vn 0.3319 0.9291 0.1630
vn 0.3703 0.9081 0.1957
vn 0.3325 0.9289 0.1630
vn -0.3318 -0.9291 -0.1630
vn -0.3322 -0.9290 -0.1630
vn -0.3267 -0.9310 -0.1631
vn -0.3271 -0.9308 -0.1633
vn -0.3702 -0.9081 -0.1957
vn -0.3324 -0.9290 -0.1630
vn 0.3261 0.9312 0.1631
vn 0.3265 0.9310 0.1634
vn 0.9724 -0.2123 -0.0962
vn 0.9708 -0.2366 0.0406
vn -0.9735 0.2180 0.0691
vn -0.9706 0.2372 -0.0407
vn -0.9725 0.2325 0.0123
vn 0.0954 0.1549 0.9833
vn 0.9510 -0.2560 -0.1733
vn -0.6623 0.0215 -0.7489
vn 0.3278 0.9305 -0.1635
vn -0.3322 -0.9290 0.1629
vn -0.3284 -0.9303 0.1634
vn -0.3325 -0.9289 0.1630
vn 0.3324 0.9290 -0.1629
vn 0.3323 0.9290 -0.1630
vn 0.5196 -0.2694 -0.8108
vn -0.0965 -0.1548 -0.9832
vn 0.2150 0.1242 0.9687
vn 0.0963 0.1549 0.9832
vn 0.3316 0.9292 -0.1631
vn 0.3319 0.9291 -0.1630
vn 0.3703 0.9081 -0.1957
vn 0.3325 0.9289 -0.1630
vn -0.3318 -0.9291 0.1631
vn -0.3322 -0.9290 0.1630
vn -0.3267 -0.9310 0.1631
vn -0.3271 -0.9308 0.1633
vn -0.3702 -0.9081 0.1957
vn -0.3324 -0.9290 0.1630
vn 0.3261 0.9312 -0.1631
vn 0.3265 0.9310 -0.1634
vn 0.9724 -0.2123 0.0962
vn 0.9708 -0.2366 -0.0406
vn -0.9735 0.2180 -0.0691
vn -0.9706 0.2372 0.0407
vt 0.375000 0.166667
vt 0.625000 0.166667
vt 0.625000 0.250000
vt 0.375000 0.250000
vt 0.375000 0.416667
vt 0.625000 0.416667
vt 0.625000 0.500000
vt 0.375000 0.500000
vt 0.375000 0.666667
vt 0.625000 0.666667
vt 0.625000 0.750000
vt 0.375000 0.750000
vt 0.375000 0.916667
vt 0.625000 0.916667
vt 0.625000 1.000000
vt 0.375000 1.000000
vt 0.291667 0.666667
vt 0.291667 0.750000
vt 0.791667 0.666667
vt 0.875000 0.666667
vt 0.875000 0.750000
vt 0.791667 0.750000
vt 0.708333 0.666667
vt 0.708333 0.750000
vt 0.125000 0.666667
vt 0.208333 0.666667
vt 0.208333 0.750000
vt 0.125000 0.750000
vt 0.625000 0.833333
vt 0.375000 0.833333
vt 0.625000 0.333333
vt 0.375000 0.333333
vt 0.208333 0.500000
vt 0.291667 0.500000
vt 0.291667 0.583333
vt 0.208333 0.583333
vt 0.125000 0.500000
vt 0.125000 0.583333
vt 0.708333 0.500000
vt 0.791667 0.500000
vt 0.791667 0.583333
vt 0.708333 0.583333
vt 0.625000 0.583333
vt 0.875000 0.500000
vt 0.875000 0.583333
vt 0.375000 0.583333
vt 0.375000 0.000000
vt 0.625000 0.000000
vt 0.625000 0.083333
vt 0.375000 0.083333
s 0
f 1625/1219/1412 1611/1222/1412 1612/1221/1412 1628/1220/1412
f 1617/1223/1413 1615/1226/1413 1616/1225/1413 1620/1224/1413
f 1629/1227/1414 1613/1230/1414 1614/1229/1414 1632/1228/1414
f 1621/1231/1415 1609/1234/1415 1610/1233/1415 1624/1232/1415
f 1640/1235/1416 1622/1236/1416 1613/1230/1416 1629/1227/1416
f 1636/1237/1417 1624/1240/1417 1610/1239/1417 1627/1238/1417
f 1632/1228/1418 1614/1229/1418 1623/1242/1418 1634/1241/1418
f 1634/1241/1419 1623/1242/1419 1624/1240/1419 1636/1237/1419
f 1626/1243/1420 1609/1246/1420 1621/1245/1420 1638/1244/1420
f 1638/1244/1421 1621/1245/1421 1622/1236/1421 1640/1235/1421
f 1613/1230/1422 1622/1248/1422 1623/1247/1422 1614/1229/1422
f 1622/1248/1423 1621/1231/1423 1624/1232/1423 1623/1247/1423
f 1611/1222/1424 1618/1250/1424 1619/1249/1424 1612/1221/1424
f 1618/1250/1425 1617/1223/1425 1620/1224/1425 1619/1249/1425
f 1618/1251/1426 1637/1254/1426 1639/1253/1426 1617/1252/1426
f 1637/1254/1427 1638/1244/1427 1640/1235/1427 1639/1253/1427
f 1611/1255/1428 1625/1256/1428 1637/1254/1428 1618/1251/1428
f 1625/1256/1429 1626/1243/1429 1638/1244/1429 1637/1254/1429
f 1620/1257/1430 1633/1260/1430 1635/1259/1430 1619/1258/1430
f 1633/1260/1431 1634/1241/1431 1636/1237/1431 1635/1259/1431
f 1616/1225/1432 1631/1261/1432 1633/1260/1432 1620/1257/1432
f 1631/1261/1433 1632/1228/1433 1634/1241/1433 1633/1260/1433
f 1619/1258/1434 1635/1259/1434 1628/1263/1434 1612/1262/1434
f 1635/1259/1435 1636/1237/1435 1627/1238/1435 1628/1263/1435
f 1617/1252/1436 1639/1253/1436 1630/1264/1436 1615/1226/1436
f 1639/1253/1437 1640/1235/1437 1629/1227/1437 1630/1264/1437
f 1615/1226/1438 1630/1264/1438 1631/1261/1438 1616/1225/1438
f 1630/1264/1439 1629/1227/1439 1632/1228/1439 1631/1261/1439
f 1609/1265/1440 1626/1268/1440 1627/1267/1440 1610/1266/1440
f 1626/1268/1441 1625/1219/1441 1628/1220/1441 1627/1267/1441
f 1657/1219/1442 1660/1220/1442 1644/1221/1442 1643/1222/1442
f 1649/1223/1443 1652/1224/1443 1648/1225/1443 1647/1226/1443
f 1661/1227/1444 1664/1228/1444 1646/1229/1444 1645/1230/1444
f 1653/1231/1445 1656/1232/1445 1642/1233/1445 1641/1234/1445
f 1672/1235/1446 1661/1227/1446 1645/1230/1446 1654/1236/1446
f 1668/1237/1447 1659/1238/1447 1642/1239/1447 1656/1240/1447
f 1664/1228/1448 1666/1241/1448 1655/1242/1448 1646/1229/1448
f 1666/1241/1449 1668/1237/1449 1656/1240/1449 1655/1242/1449
f 1658/1243/1450 1670/1244/1450 1653/1245/1450 1641/1246/1450
f 1670/1244/1451 1672/1235/1451 1654/1236/1451 1653/1245/1451
f 1645/1230/1452 1646/1229/1452 1655/1247/1452 1654/1248/1452
f 1654/1248/1453 1655/1247/1453 1656/1232/1453 1653/1231/1453
f 1643/1222/1454 1644/1221/1454 1651/1249/1454 1650/1250/1454
f 1650/1250/1455 1651/1249/1455 1652/1224/1455 1649/1223/1455
f 1650/1251/1456 1649/1252/1456 1671/1253/1456 1669/1254/1456
f 1669/1254/1457 1671/1253/1457 1672/1235/1457 1670/1244/1457
f 1643/1255/1458 1650/1251/1458 1669/1254/1458 1657/1256/1458
f 1657/1256/1459 1669/1254/1459 1670/1244/1459 1658/1243/1459
f 1652/1257/1460 1651/1258/1460 1667/1259/1460 1665/1260/1460
f 1665/1260/1461 1667/1259/1461 1668/1237/1461 1666/1241/1461
f 1648/1225/1462 1652/1257/1462 1665/1260/1462 1663/1261/1462
f 1663/1261/1463 1665/1260/1463 1666/1241/1463 1664/1228/1463
f 1651/1258/1464 1644/1262/1464 1660/1263/1464 1667/1259/1464
f 1667/1259/1465 1660/1263/1465 1659/1238/1465 1668/1237/1465
f 1649/1252/1466 1647/1226/1466 1662/1264/1466 1671/1253/1466
f 1671/1253/1467 1662/1264/1467 1661/1227/1467 1672/1235/1467
f 1647/1226/1468 1648/1225/1468 1663/1261/1468 1662/1264/1468
f 1662/1264/1469 1663/1261/1469 1664/1228/1469 1661/1227/1469
f 1641/1265/1470 1642/1266/1470 1659/1267/1470 1658/1268/1470
f 1658/1268/1471 1659/1267/1471 1660/1220/1471 1657/1219/1471
o tile2.009
v -0.675647 2.505988 -0.040979
v -0.683970 2.470648 -0.047330
v -0.657588 2.592625 -0.504050
v -0.665911 2.557302 -0.510401
v -0.404255 2.409977 -0.029938
v -0.412578 2.374834 -0.036290
v -0.369171 2.476329 -0.479611
v -0.377494 2.441196 -0.485963
v -0.459635 2.509204 -0.483291
v -0.550099 2.541526 -0.486971
v -0.558422 2.506293 -0.493323
v -0.467958 2.474033 -0.489643
v -0.590845 2.463933 0.035266
v -0.500381 2.431923 0.038946
v -0.508704 2.396726 0.032595
v -0.599168 2.428668 0.028915
v -0.668344 2.556095 -0.340460
v -0.680038 2.533698 -0.190569
v -0.688361 2.498354 -0.196921
v -0.676667 2.520761 -0.346812
v -0.372498 2.425176 -0.181275
v -0.360803 2.447286 -0.331166
v -0.369126 2.412155 -0.337518
v -0.380821 2.390042 -0.187627
v -0.479653 2.451857 -0.339752
v -0.491347 2.429672 -0.189861
v -0.570117 2.484030 -0.343432
v -0.581811 2.461753 -0.193541
v -0.561794 2.519271 -0.337080
v -0.573488 2.497004 -0.187189
v -0.471330 2.487036 -0.333400
v -0.483024 2.464857 -0.183509
v -0.675647 2.505988 -1.516470
v -0.683970 2.470648 -1.510118
v -0.657588 2.592625 -1.053399
v -0.665911 2.557302 -1.047048
v -0.404255 2.409977 -1.527510
v -0.412578 2.374833 -1.521159
v -0.369171 2.476329 -1.077837
v -0.377494 2.441196 -1.071486
v -0.459635 2.509204 -1.074157
v -0.550099 2.541526 -1.070477
v -0.558422 2.506293 -1.064126
v -0.467958 2.474033 -1.067806
v -0.590845 2.463933 -1.592714
v -0.500381 2.431923 -1.596394
v -0.508704 2.396726 -1.590044
v -0.599168 2.428668 -1.586363
v -0.668344 2.556095 -1.216988
v -0.680038 2.533698 -1.366879
v -0.688362 2.498354 -1.360528
v -0.676667 2.520761 -1.210637
v -0.372498 2.425176 -1.376173
v -0.360803 2.447286 -1.226282
v -0.369126 2.412155 -1.219931
v -0.380821 2.390042 -1.369822
v -0.479653 2.451857 -1.217697
v -0.491348 2.429672 -1.367587
v -0.570117 2.484030 -1.214017
v -0.581812 2.461753 -1.363908
v -0.561794 2.519271 -1.220368
v -0.573489 2.497004 -1.370258
v -0.471330 2.487036 -1.224048
v -0.483024 2.464857 -1.373939
vn -0.9728 0.2314 -0.0123
vn 0.0962 0.1549 -0.9832
vn 0.9508 -0.2566 0.1737
vn -0.6625 0.0215 0.7487
vn 0.3299 0.9298 0.1631
vn -0.3157 -0.9346 -0.1637
vn -0.3295 -0.9300 -0.1631
vn -0.3232 -0.9321 -0.1636
vn 0.3164 0.9344 0.1637
vn 0.3238 0.9319 0.1635
vn 0.5196 -0.2694 0.8108
vn -0.0948 -0.1549 0.9834
vn 0.2130 0.1242 -0.9691
vn 0.0953 0.1549 -0.9833
vn 0.3256 0.9313 0.1634
vn 0.3248 0.9315 0.1635
vn 0.3564 0.9134 0.1968
vn 0.3171 0.9341 0.1639
vn -0.3251 -0.9315 -0.1634
vn -0.3242 -0.9317 -0.1635
vn -0.3307 -0.9295 -0.1633
vn -0.3303 -0.9297 -0.1631
vn -0.3557 -0.9136 -0.1969
vn -0.3163 -0.9344 -0.1640
vn 0.3310 0.9294 0.1632
vn 0.3307 0.9295 0.1631
vn 0.9723 -0.2129 -0.0965
vn 0.9706 -0.2373 0.0407
vn -0.9738 0.2170 0.0688
vn -0.9709 0.2359 -0.0405
vn -0.9728 0.2314 0.0123
vn 0.0962 0.1549 0.9832
vn 0.9508 -0.2566 -0.1737
vn -0.6625 0.0215 -0.7487
vn 0.3299 0.9298 -0.1631
vn -0.3157 -0.9346 0.1637
vn -0.3295 -0.9300 0.1631
vn -0.3232 -0.9321 0.1636
vn 0.3164 0.9344 -0.1637
vn 0.3238 0.9319 -0.1635
vn 0.5196 -0.2694 -0.8108
vn -0.0948 -0.1549 -0.9834
vn 0.2130 0.1242 0.9691
vn 0.0953 0.1549 0.9833
vn 0.3256 0.9313 -0.1634
vn 0.3248 0.9315 -0.1635
vn 0.3564 0.9134 -0.1968
vn 0.3171 0.9341 -0.1639
vn -0.3251 -0.9315 0.1634
vn -0.3242 -0.9317 0.1635
vn -0.3307 -0.9295 0.1633
vn -0.3303 -0.9297 0.1631
vn -0.3557 -0.9136 0.1969
vn -0.3163 -0.9344 0.1640
vn 0.3310 0.9294 -0.1632
vn 0.3307 0.9295 -0.1631
vn 0.9723 -0.2129 0.0965
vn 0.9706 -0.2373 -0.0407
vn -0.9738 0.2170 -0.0688
vn -0.9709 0.2359 0.0405
vt 0.375000 0.166667
vt 0.625000 0.166667
vt 0.625000 0.250000
vt 0.375000 0.250000
vt 0.375000 0.416667
vt 0.625000 0.416667
vt 0.625000 0.500000
vt 0.375000 0.500000
vt 0.375000 0.666667
vt 0.625000 0.666667
vt 0.625000 0.750000
vt 0.375000 0.750000
vt 0.375000 0.916667
vt 0.625000 0.916667
vt 0.625000 1.000000
vt 0.375000 1.000000
vt 0.291667 0.666667
vt 0.291667 0.750000
vt 0.791667 0.666667
vt 0.875000 0.666667
vt 0.875000 0.750000
vt 0.791667 0.750000
vt 0.708333 0.666667
vt 0.708333 0.750000
vt 0.125000 0.666667
vt 0.208333 0.666667
vt 0.208333 0.750000
vt 0.125000 0.750000
vt 0.625000 0.833333
vt 0.375000 0.833333
vt 0.625000 0.333333
vt 0.375000 0.333333
vt 0.208333 0.500000
vt 0.291667 0.500000
vt 0.291667 0.583333
vt 0.208333 0.583333
vt 0.125000 0.500000
vt 0.125000 0.583333
vt 0.708333 0.500000
vt 0.791667 0.500000
vt 0.791667 0.583333
vt 0.708333 0.583333
vt 0.625000 0.583333
vt 0.875000 0.500000
vt 0.875000 0.583333
vt 0.375000 0.583333
vt 0.375000 0.000000
vt 0.625000 0.000000
vt 0.625000 0.083333
vt 0.375000 0.083333
s 0
f 1689/1269/1472 1675/1272/1472 1676/1271/1472 1692/1270/1472
f 1681/1273/1473 1679/1276/1473 1680/1275/1473 1684/1274/1473
f 1693/1277/1474 1677/1280/1474 1678/1279/1474 1696/1278/1474
f 1685/1281/1475 1673/1284/1475 1674/1283/1475 1688/1282/1475
f 1704/1285/1476 1686/1286/1476 1677/1280/1476 1693/1277/1476
f 1700/1287/1477 1688/1290/1477 1674/1289/1477 1691/1288/1477
f 1696/1278/1478 1678/1279/1478 1687/1292/1478 1698/1291/1478
f 1698/1291/1479 1687/1292/1479 1688/1290/1479 1700/1287/1479
f 1690/1293/1480 1673/1296/1480 1685/1295/1480 1702/1294/1480
f 1702/1294/1481 1685/1295/1481 1686/1286/1481 1704/1285/1481
f 1677/1280/1482 1686/1298/1482 1687/1297/1482 1678/1279/1482
f 1686/1298/1483 1685/1281/1483 1688/1282/1483 1687/1297/1483
f 1675/1272/1484 1682/1300/1484 1683/1299/1484 1676/1271/1484
f 1682/1300/1485 1681/1273/1485 1684/1274/1485 1683/1299/1485
f 1682/1301/1486 1701/1304/1486 1703/1303/1486 1681/1302/1486
f 1701/1304/1487 1702/1294/1487 1704/1285/1487 1703/1303/1487
f 1675/1305/1488 1689/1306/1488 1701/1304/1488 1682/1301/1488
f 1689/1306/1489 1690/1293/1489 1702/1294/1489 1701/1304/1489
f 1684/1307/1490 1697/1310/1490 1699/1309/1490 1683/1308/1490
f 1697/1310/1491 1698/1291/1491 1700/1287/1491 1699/1309/1491
f 1680/1275/1492 1695/1311/1492 1697/1310/1492 1684/1307/1492
f 1695/1311/1493 1696/1278/1493 1698/1291/1493 1697/1310/1493
f 1683/1308/1494 1699/1309/1494 1692/1313/1494 1676/1312/1494
f 1699/1309/1495 1700/1287/1495 1691/1288/1495 1692/1313/1495
f 1681/1302/1496 1703/1303/1496 1694/1314/1496 1679/1276/1496
f 1703/1303/1497 1704/1285/1497 1693/1277/1497 1694/1314/1497
f 1679/1276/1498 1694/1314/1498 1695/1311/1498 1680/1275/1498
f 1694/1314/1499 1693/1277/1499 1696/1278/1499 1695/1311/1499
f 1673/1315/1500 1690/1318/1500 1691/1317/1500 1674/1316/1500
f 1690/1318/1501 1689/1269/1501 1692/1270/1501 1691/1317/1501
f 1721/1269/1502 1724/1270/1502 1708/1271/1502 1707/1272/1502
f 1713/1273/1503 1716/1274/1503 1712/1275/1503 1711/1276/1503
f 1725/1277/1504 1728/1278/1504 1710/1279/1504 1709/1280/1504
f 1717/1281/1505 1720/1282/1505 1706/1283/1505 1705/1284/1505
f 1736/1285/1506 1725/1277/1506 1709/1280/1506 1718/1286/1506
f 1732/1287/1507 1723/1288/1507 1706/1289/1507 1720/1290/1507
f 1728/1278/1508 1730/1291/1508 1719/1292/1508 1710/1279/1508
f 1730/1291/1509 1732/1287/1509 1720/1290/1509 1719/1292/1509
f 1722/1293/1510 1734/1294/1510 1717/1295/1510 1705/1296/1510
f 1734/1294/1511 1736/1285/1511 1718/1286/1511 1717/1295/1511
f 1709/1280/1512 1710/1279/1512 1719/1297/1512 1718/1298/1512
f 1718/1298/1513 1719/1297/1513 1720/1282/1513 1717/1281/1513
f 1707/1272/1514 1708/1271/1514 1715/1299/1514 1714/1300/1514
f 1714/1300/1515 1715/1299/1515 1716/1274/1515 1713/1273/1515
f 1714/1301/1516 1713/1302/1516 1735/1303/1516 1733/1304/1516
f 1733/1304/1517 1735/1303/1517 1736/1285/1517 1734/1294/1517
f 1707/1305/1518 1714/1301/1518 1733/1304/1518 1721/1306/1518
f 1721/1306/1519 1733/1304/1519 1734/1294/1519 1722/1293/1519
f 1716/1307/1520 1715/1308/1520 1731/1309/1520 1729/1310/1520
f 1729/1310/1521 1731/1309/1521 1732/1287/1521 1730/1291/1521
f 1712/1275/1522 1716/1307/1522 1729/1310/1522 1727/1311/1522
f 1727/1311/1523 1729/1310/1523 1730/1291/1523 1728/1278/1523
f 1715/1308/1524 1708/1312/1524 1724/1313/1524 1731/1309/1524
f 1731/1309/1525 1724/1313/1525 1723/1288/1525 1732/1287/1525
f 1713/1302/1526 1711/1276/1526 1726/1314/1526 1735/1303/1526
f 1735/1303/1527 1726/1314/1527 1725/1277/1527 1736/1285/1527
f 1711/1276/1528 1712/1275/1528 1727/1311/1528 1726/1314/1528
f 1726/1314/1529 1727/1311/1529 1728/1278/1529 1725/1277/1529
f 1705/1315/1530 1706/1316/1530 1723/1317/1530 1722/1318/1530
f 1722/1318/1531 1723/1317/1531 1724/1270/1531 1721/1269/1531
o tile1.010
v -0.954758 2.630599 -0.452628
v -0.963009 2.593998 -0.461022
v -0.977003 2.535820 -0.004960
v -0.985304 2.498963 -0.013405
v -0.651130 2.539848 -0.466091
v -0.659380 2.503600 -0.474485
v -0.703758 2.452840 -0.004960
v -0.712058 2.416320 -0.013405
v -0.797713 2.469023 0.055041
v -0.806014 2.432401 0.046596
v -0.864231 2.604023 -0.452628
v -0.773704 2.576200 -0.452628
v -0.781955 2.539828 -0.461022
v -0.872482 2.567543 -0.461022
v -0.985914 2.574444 -0.153662
v -0.979710 2.606579 -0.302846
v -0.989076 2.564987 -0.312375
v -0.995222 2.533104 -0.163131
v -0.671401 2.512336 -0.302846
v -0.679548 2.481112 -0.153662
v -0.688855 2.440191 -0.163131
v -0.680768 2.471164 -0.312375
v -0.790977 2.472667 -0.163131
v -0.783537 2.503948 -0.312375
v -0.893100 2.503709 -0.163131
v -0.886307 2.535294 -0.312375
v -0.883792 2.544890 -0.153662
v -0.876941 2.576726 -0.302846
v -0.781670 2.513709 -0.153662
v -0.774171 2.545240 -0.302846
v -0.911686 2.506971 0.039470
v -0.885720 2.510298 -0.026111
v -0.863318 2.489079 0.055041
v -0.886002 2.523601 -0.061469
v -0.916851 2.468807 0.033158
v -0.894924 2.483732 -0.067360
v -0.875110 2.453422 0.046596
v -0.892579 2.479949 -0.033089
v -0.885720 2.510298 -0.026111
v -0.892579 2.479949 -0.033089
v -0.954758 2.630599 -1.104821
v -0.963009 2.593998 -1.096427
v -0.977003 2.535820 -1.552489
v -0.985304 2.498963 -1.544043
v -0.651130 2.539848 -1.091357
v -0.659380 2.503600 -1.082963
v -0.703757 2.452840 -1.552489
v -0.712059 2.416320 -1.544043
v -0.797713 2.469023 -1.612490
v -0.806014 2.432401 -1.604045
v -0.864231 2.604023 -1.104821
v -0.773704 2.576200 -1.104821
v -0.781955 2.539828 -1.096427
v -0.872482 2.567543 -1.096427
v -0.985914 2.574444 -1.403786
v -0.979710 2.606579 -1.254602
v -0.989076 2.564987 -1.245073
v -0.995222 2.533105 -1.394317
v -0.671402 2.512336 -1.254602
v -0.679548 2.481112 -1.403786
v -0.688855 2.440191 -1.394317
v -0.680768 2.471164 -1.245073
v -0.790977 2.472667 -1.394317
v -0.783537 2.503948 -1.245073
v -0.893100 2.503709 -1.394317
v -0.886307 2.535294 -1.245073
v -0.883792 2.544890 -1.403786
v -0.876941 2.576726 -1.254602
v -0.781670 2.513709 -1.403787
v -0.774171 2.545240 -1.254602
v -0.911686 2.506971 -1.596919
v -0.885720 2.510298 -1.531338
v -0.863318 2.489079 -1.612490
v -0.886002 2.523601 -1.495979
v -0.916851 2.468807 -1.590607
v -0.894924 2.483732 -1.490089
v -0.875110 2.453422 -1.604044
v -0.892579 2.479949 -1.524359
v -0.885720 2.510298 -1.531338
v -0.892579 2.479949 -1.524359
vn -0.9748 0.1946 0.1089
vn 0.4766 -0.2991 0.8267
vn 0.9678 -0.2387 0.0799
vn 0.0616 0.2102 -0.9757
vn 0.2988 0.9343 0.1943
vn -0.2715 -0.9348 -0.2291
vn -0.2976 -0.9276 -0.2259
vn -0.2845 -0.9311 -0.2281
vn 0.2748 0.9414 0.1958
vn 0.2877 0.9377 0.1950
vn -0.0377 0.2332 -0.9717
vn 0.0645 0.2102 -0.9755
vn 0.2845 0.9327 0.2216
vn 0.6029 0.7483 0.2767
vn -0.2847 -0.9374 -0.2004
vn 0.2858 0.9345 0.2122
vn 0.1309 -0.9844 -0.1176
vn 0.2721 0.9384 0.2131
vn 0.9186 -0.2243 0.3254
vn -0.2848 -0.9352 -0.2105
vn -0.2923 -0.9356 -0.1980
vn -0.2967 -0.9316 -0.2097
vn -0.9364 0.1967 0.2905
vn -0.2708 -0.9391 -0.2114
vn 0.2991 0.9278 0.2231
vn 0.2976 0.9310 0.2114
vn 0.9633 -0.2446 0.1103
vn 0.9747 -0.2232 0.0065
vn -0.9621 0.2445 -0.1210
vn -0.9759 0.2183 0.0064
vn -0.3715 0.8680 0.3295
vn 0.2674 0.9371 0.2245
vn -0.8278 -0.5610 -0.0053
vn -0.2748 -0.9407 -0.1989
vn -0.5784 -0.0563 0.8138
vn -0.0641 -0.2102 0.9756
vn -0.9748 0.1946 -0.1089
vn 0.4766 -0.2991 -0.8267
vn 0.9678 -0.2387 -0.0799
vn 0.0616 0.2102 0.9757
vn 0.2988 0.9343 -0.1943
vn -0.2715 -0.9348 0.2291
vn -0.2976 -0.9276 0.2259
vn -0.2845 -0.9311 0.2281
vn 0.2748 0.9414 -0.1958
vn 0.2877 0.9377 -0.1950
vn -0.0377 0.2332 0.9717
vn 0.0645 0.2102 0.9755
vn 0.2845 0.9327 -0.2216
vn 0.6029 0.7483 -0.2767
vn -0.2847 -0.9374 0.2004
vn 0.2858 0.9345 -0.2122
vn 0.1308 -0.9844 0.1176
vn 0.2721 0.9384 -0.2131
vn 0.9186 -0.2243 -0.3254
vn -0.2848 -0.9352 0.2105
vn -0.2923 -0.9356 0.1980
vn -0.2967 -0.9316 0.2097
vn -0.9364 0.1967 -0.2905
vn -0.2708 -0.9391 0.2114
vn 0.2991 0.9278 -0.2231
vn 0.2976 0.9310 -0.2114
vn 0.9633 -0.2446 -0.1103
vn 0.9747 -0.2232 -0.0065
vn -0.9621 0.2445 0.1210
vn -0.9759 0.2183 -0.0064
vn -0.3715 0.8680 -0.3295
vn 0.2674 0.9371 -0.2245
vn -0.8278 -0.5610 0.0053
vn -0.2748 -0.9407 0.1989
vn -0.5784 -0.0563 -0.8138
vn -0.0641 -0.2102 -0.9756
vt 0.375000 0.166667
vt 0.625000 0.166667
vt 0.625000 0.250000
vt 0.375000 0.250000
vt 0.375000 0.416667
vt 0.625000 0.416667
vt 0.625000 0.500000
vt 0.375000 0.500000
vt 0.375000 0.666667
vt 0.625000 0.666667
vt 0.625000 0.750000
vt 0.375000 0.750000
vt 0.375000 0.916667
vt 0.625000 0.916667
vt 0.625000 1.000000
vt 0.375000 1.000000
vt 0.291667 0.666667
vt 0.291667 0.750000
vt 0.791667 0.666667
vt 0.875000 0.666667
vt 0.875000 0.750000
vt 0.791667 0.750000
vt 0.708333 0.666667
vt 0.708333 0.750000
vt 0.125000 0.666667
vt 0.208333 0.666667
vt 0.208333 0.750000
vt 0.125000 0.750000
vt 0.625000 0.833333
vt 0.375000 0.833333
vt 0.208333 0.546522
vt 0.231642 0.500000
vt 0.291667 0.500000
vt 0.291667 0.583333
vt 0.208333 0.583333
vt 0.186707 0.500000
vt 0.398309 0.333333
vt 0.708333 0.500000
vt 0.771551 0.500000
vt 0.791667 0.545279
vt 0.791667 0.583333
vt 0.708333 0.583333
vt 0.625000 0.314670
vt 0.604884 0.333333
vt 0.125000 0.583333
vt 0.375000 0.311707
vt 0.625000 0.583333
vt 0.375000 0.356642
vt 0.625000 0.353449
vt 0.875000 0.583333
vt 0.375000 0.583333
vt 0.375000 0.000000
vt 0.625000 0.000000
vt 0.625000 0.083333
vt 0.375000 0.083333
vt 0.125000 0.500000
vt 0.810330 0.500000
vt 0.875000 0.500000
s 0
f 1751/1319/1532 1754/1320/1532 1740/1321/1532 1739/1322/1532
f 1745/1323/1533 1746/1324/1533 1744/1325/1533 1743/1326/1533
f 1755/1327/1534 1758/1328/1534 1742/1329/1534 1741/1330/1534
f 1747/1331/1535 1750/1332/1535 1738/1333/1535 1737/1334/1535
f 1766/1335/1536 1755/1327/1536 1741/1330/1536 1748/1336/1536
f 1762/1337/1537 1753/1338/1537 1738/1339/1537 1750/1340/1537
f 1758/1328/1538 1760/1341/1538 1749/1342/1538 1742/1329/1538
f 1760/1341/1539 1762/1337/1539 1750/1340/1539 1749/1342/1539
f 1752/1343/1540 1764/1344/1540 1747/1345/1540 1737/1346/1540
f 1764/1344/1541 1766/1335/1541 1748/1336/1541 1747/1345/1541
f 1741/1330/1542 1742/1329/1542 1749/1347/1542 1748/1348/1542
f 1748/1348/1543 1749/1347/1543 1750/1332/1543 1747/1331/1543
f 1770/1349/1544 1769/1350/1544 1745/1351/1544 1765/1352/1544 1763/1353/1544
f 1767/1354/1545 1768/1355/1545 1770/1349/1545
f 1746/1356/1546 1773/1357/1546 1772/1358/1546 1761/1359/1546 1759/1360/1546
f 1763/1353/1547 1765/1352/1547 1766/1335/1547 1764/1344/1547
f 1771/1361/1548 1772/1358/1548 1774/1362/1548
f 1751/1363/1549 1763/1353/1549 1764/1344/1549 1752/1343/1549
f 1767/1364/1550 1771/1361/1550 1774/1362/1550 1768/1355/1550
f 1759/1360/1551 1761/1359/1551 1762/1337/1551 1760/1341/1551
f 1744/1325/1552 1746/1356/1552 1759/1360/1552 1757/1365/1552
f 1757/1365/1553 1759/1360/1553 1760/1341/1553 1758/1328/1553
f 1769/1366/1554 1768/1355/1554 1774/1362/1554 1773/1367/1554
f 1761/1359/1555 1754/1368/1555 1753/1338/1555 1762/1337/1555
f 1745/1351/1556 1743/1326/1556 1756/1369/1556 1765/1352/1556
f 1765/1352/1557 1756/1369/1557 1755/1327/1557 1766/1335/1557
f 1743/1326/1558 1744/1325/1558 1757/1365/1558 1756/1369/1558
f 1756/1369/1559 1757/1365/1559 1758/1328/1559 1755/1327/1559
f 1737/1370/1560 1738/1371/1560 1753/1372/1560 1752/1373/1560
f 1752/1373/1561 1753/1372/1561 1754/1320/1561 1751/1319/1561
f 1768/1355/1562 1769/1366/1562 1770/1349/1562
f 1739/1374/1563 1767/1354/1563 1770/1349/1563 1763/1353/1563 1751/1363/1563
f 1772/1358/1564 1773/1357/1564 1774/1362/1564
f 1772/1358/1565 1771/1375/1565 1740/1376/1565 1754/1368/1565 1761/1359/1565
f 1739/1322/1566 1740/1321/1566 1771/1361/1566 1767/1364/1566
f 1745/1323/1567 1769/1366/1567 1773/1367/1567 1746/1324/1567
f 1791/1319/1568 1779/1322/1568 1780/1321/1568 1794/1320/1568
f 1785/1323/1569 1783/1326/1569 1784/1325/1569 1786/1324/1569
f 1795/1327/1570 1781/1330/1570 1782/1329/1570 1798/1328/1570
f 1787/1331/1571 1777/1334/1571 1778/1333/1571 1790/1332/1571
f 1806/1335/1572 1788/1336/1572 1781/1330/1572 1795/1327/1572
f 1802/1337/1573 1790/1340/1573 1778/1339/1573 1793/1338/1573
f 1798/1328/1574 1782/1329/1574 1789/1342/1574 1800/1341/1574
f 1800/1341/1575 1789/1342/1575 1790/1340/1575 1802/1337/1575
f 1792/1343/1576 1777/1346/1576 1787/1345/1576 1804/1344/1576
f 1804/1344/1577 1787/1345/1577 1788/1336/1577 1806/1335/1577
f 1781/1330/1578 1788/1348/1578 1789/1347/1578 1782/1329/1578
f 1788/1348/1579 1787/1331/1579 1790/1332/1579 1789/1347/1579
f 1810/1349/1580 1803/1353/1580 1805/1352/1580 1785/1351/1580 1809/1350/1580
f 1807/1354/1581 1810/1349/1581 1808/1355/1581
f 1786/1356/1582 1799/1360/1582 1801/1359/1582 1812/1358/1582 1813/1357/1582
f 1803/1353/1583 1804/1344/1583 1806/1335/1583 1805/1352/1583
f 1811/1361/1584 1814/1362/1584 1812/1358/1584
f 1791/1363/1585 1792/1343/1585 1804/1344/1585 1803/1353/1585
f 1807/1364/1586 1808/1355/1586 1814/1362/1586 1811/1361/1586
f 1799/1360/1587 1800/1341/1587 1802/1337/1587 1801/1359/1587
f 1784/1325/1588 1797/1365/1588 1799/1360/1588 1786/1356/1588
f 1797/1365/1589 1798/1328/1589 1800/1341/1589 1799/1360/1589
f 1809/1366/1590 1813/1367/1590 1814/1362/1590 1808/1355/1590
f 1801/1359/1591 1802/1337/1591 1793/1338/1591 1794/1368/1591
f 1785/1351/1592 1805/1352/1592 1796/1369/1592 1783/1326/1592
f 1805/1352/1593 1806/1335/1593 1795/1327/1593 1796/1369/1593
f 1783/1326/1594 1796/1369/1594 1797/1365/1594 1784/1325/1594
f 1796/1369/1595 1795/1327/1595 1798/1328/1595 1797/1365/1595
f 1777/1370/1596 1792/1373/1596 1793/1372/1596 1778/1371/1596
f 1792/1373/1597 1791/1319/1597 1794/1320/1597 1793/1372/1597
f 1808/1355/1598 1810/1349/1598 1809/1366/1598
f 1779/1374/1599 1791/1363/1599 1803/1353/1599 1810/1349/1599 1807/1354/1599
f 1812/1358/1600 1814/1362/1600 1813/1357/1600
f 1812/1358/1601 1801/1359/1601 1794/1368/1601 1780/1376/1601 1811/1375/1601
f 1779/1322/1602 1807/1364/1602 1811/1361/1602 1780/1321/1602
f 1785/1323/1603 1786/1324/1603 1813/1367/1603 1809/1366/1603
l 1775 1776
l 1815 1816
o tile1.011
v -0.665086 2.404718 -0.141970
v -0.675003 2.370388 -0.154915
v -0.682741 2.253582 0.289813
v -0.692719 2.219021 0.276788
v -0.964413 2.513374 -0.139981
v -0.974329 2.478618 -0.152926
v -0.953190 2.347382 0.303318
v -0.963168 2.312433 0.290294
v -0.865521 2.297007 0.356692
v -0.875499 2.262199 0.343668
v -0.754687 2.437123 -0.137496
v -0.844288 2.468481 -0.133021
v -0.854204 2.433917 -0.145966
v -0.764604 2.402684 -0.150441
v -0.659576 2.299983 0.145855
v -0.652410 2.350053 0.001925
v -0.663668 2.311095 -0.012770
v -0.670763 2.261262 0.131252
v -0.957563 2.456400 0.017164
v -0.962807 2.405398 0.160998
v -0.973994 2.366193 0.146395
v -0.968821 2.416956 0.002469
v -0.872917 2.332720 0.141347
v -0.867103 2.383180 -0.002611
v -0.771840 2.297674 0.136300
v -0.765385 2.347823 -0.007690
v -0.760653 2.336534 0.150903
v -0.754127 2.386919 0.007005
v -0.861730 2.371741 0.155950
v -0.855845 2.422438 0.012085
v -0.751333 2.262677 0.336002
v -0.772979 2.289631 0.273458
v -0.800587 2.274590 0.353449
v -0.767155 2.305258 0.239820
v -0.764604 2.228449 0.325196
v -0.778009 2.267251 0.228939
v -0.807110 2.238673 0.340253
v -0.781223 2.260980 0.262696
v -0.772979 2.289631 0.273458
v -0.781223 2.260980 0.262696
v -0.665087 2.404718 -1.415478
v -0.675003 2.370388 -1.402533
v -0.682741 2.253582 -1.847261
v -0.692719 2.219021 -1.834237
v -0.964413 2.513374 -1.417467
v -0.974330 2.478618 -1.404522
v -0.953190 2.347383 -1.860767
v -0.963168 2.312433 -1.847742
v -0.865521 2.297007 -1.914140
v -0.875499 2.262199 -1.901116
v -0.754687 2.437123 -1.419952
v -0.844288 2.468481 -1.424427
v -0.854205 2.433917 -1.411482
v -0.764604 2.402684 -1.407008
v -0.659576 2.299984 -1.703304
v -0.652410 2.350053 -1.559374
v -0.663668 2.311095 -1.544678
v -0.670763 2.261262 -1.688701
v -0.957563 2.456400 -1.574612
v -0.962807 2.405398 -1.718446
v -0.973994 2.366193 -1.703844
v -0.968821 2.416957 -1.559917
v -0.872917 2.332720 -1.698796
v -0.867103 2.383180 -1.554837
v -0.771840 2.297674 -1.693748
v -0.765386 2.347823 -1.549758
v -0.760653 2.336534 -1.708351
v -0.754128 2.386919 -1.564453
v -0.861730 2.371741 -1.713399
v -0.855845 2.422439 -1.569533
v -0.751333 2.262677 -1.893450
v -0.772979 2.289630 -1.830906
v -0.800587 2.274590 -1.910898
v -0.767155 2.305258 -1.797268
v -0.764604 2.228449 -1.882644
v -0.778009 2.267252 -1.786387
v -0.807110 2.238673 -1.897701
v -0.781224 2.260980 -1.820145
v -0.772979 2.289630 -1.830906
v -0.781224 2.260980 -1.820145
vn 0.9531 -0.2970 0.0576
vn -0.5717 -0.1384 0.8087
vn -0.9654 0.2289 0.1251
vn 0.0732 0.3328 -0.9401
vn 0.3160 0.8965 0.3105
vn -0.3341 -0.8791 -0.3399
vn -0.3109 -0.8870 -0.3414
vn -0.3241 -0.8823 -0.3412
vn 0.3375 0.8895 0.3080
vn 0.3275 0.8928 0.3092
vn 0.1672 0.3026 -0.9383
vn 0.0693 0.3329 -0.9404
vn 0.3241 0.8847 0.3350
vn -0.0589 0.9092 0.4122
vn -0.3243 -0.8921 -0.3146
vn 0.3258 0.8875 0.3258
vn -0.6664 -0.7191 -0.1970
vn 0.3363 0.8841 0.3245
vn -0.9113 0.1858 0.3673
vn -0.3246 -0.8885 -0.3243
vn -0.3166 -0.8951 -0.3138
vn -0.3122 -0.8924 -0.3257
vn 0.9225 -0.3008 0.2419
vn -0.3353 -0.8850 -0.3230
vn 0.3090 0.8887 0.3387
vn 0.3136 0.8914 0.3272
vn -0.9638 0.2178 0.1539
vn -0.9654 0.2549 0.0552
vn 0.9623 -0.2152 -0.1665
vn 0.9640 -0.2622 -0.0432
vn 0.7905 0.4916 0.3653
vn 0.3378 0.8794 0.3355
vn 0.3892 -0.9116 -0.1323
vn -0.3317 -0.8905 -0.3116
vn 0.4660 -0.4261 0.7754
vn -0.0677 -0.3329 0.9405
vn 0.9531 -0.2970 -0.0576
vn -0.5717 -0.1384 -0.8087
vn -0.9654 0.2289 -0.1251
vn 0.0732 0.3328 0.9401
vn 0.3160 0.8965 -0.3105
vn -0.3341 -0.8791 0.3399
vn -0.3109 -0.8870 0.3414
vn -0.3241 -0.8823 0.3412
vn 0.3375 0.8895 -0.3080
vn 0.3275 0.8928 -0.3092
vn 0.1672 0.3026 0.9383
vn 0.0693 0.3329 0.9404
vn 0.3241 0.8847 -0.3350
vn -0.0589 0.9092 -0.4122
vn -0.3243 -0.8921 0.3146
vn 0.3258 0.8875 -0.3258
vn -0.6664 -0.7191 0.1971
vn 0.3363 0.8841 -0.3245
vn -0.9113 0.1858 -0.3673
vn -0.3247 -0.8885 0.3243
vn -0.3166 -0.8951 0.3138
vn -0.3122 -0.8924 0.3257
vn 0.9225 -0.3008 -0.2419
vn -0.3353 -0.8850 0.3230
vn 0.3090 0.8887 -0.3387
vn 0.3136 0.8914 -0.3272
vn -0.9638 0.2178 -0.1539
vn -0.9654 0.2549 -0.0552
vn 0.9623 -0.2152 0.1665
vn 0.9640 -0.2622 0.0432
vn 0.7905 0.4916 -0.3653
vn 0.3378 0.8794 -0.3355
vn 0.3892 -0.9116 0.1323
vn -0.3317 -0.8905 0.3116
vn 0.4660 -0.4261 -0.7754
vn -0.0677 -0.3329 -0.9405
vt 0.375000 0.166667
vt 0.625000 0.166667
vt 0.625000 0.250000
vt 0.375000 0.250000
vt 0.375000 0.416667
vt 0.625000 0.416667
vt 0.625000 0.500000
vt 0.375000 0.500000
vt 0.375000 0.666667
vt 0.625000 0.666667
vt 0.625000 0.750000
vt 0.375000 0.750000
vt 0.375000 0.916667
vt 0.625000 0.916667
vt 0.625000 1.000000
vt 0.375000 1.000000
vt 0.291667 0.666667
vt 0.291667 0.750000
vt 0.791667 0.666667
vt 0.875000 0.666667
vt 0.875000 0.750000
vt 0.791667 0.750000
vt 0.708333 0.666667
vt 0.708333 0.750000
vt 0.125000 0.666667
vt 0.208333 0.666667
vt 0.208333 0.750000
vt 0.125000 0.750000
vt 0.625000 0.833333
vt 0.375000 0.833333
vt 0.208333 0.546522
vt 0.231642 0.500000
vt 0.291667 0.500000
vt 0.291667 0.583333
vt 0.208333 0.583333
vt 0.186707 0.500000
vt 0.398309 0.333333
vt 0.708333 0.500000
vt 0.771551 0.500000
vt 0.791667 0.545279
vt 0.791667 0.583333
vt 0.708333 0.583333
vt 0.625000 0.314670
vt 0.604884 0.333333
vt 0.125000 0.583333
vt 0.375000 0.311707
vt 0.625000 0.583333
vt 0.375000 0.356642
vt 0.625000 0.353449
vt 0.875000 0.583333
vt 0.375000 0.583333
vt 0.375000 0.000000
vt 0.625000 0.000000
vt 0.625000 0.083333
vt 0.375000 0.083333
vt 0.125000 0.500000
vt 0.810330 0.500000
vt 0.875000 0.500000
s 0
f 1831/1377/1604 1819/1380/1604 1820/1379/1604 1834/1378/1604
f 1825/1381/1605 1823/1384/1605 1824/1383/1605 1826/1382/1605
f 1835/1385/1606 1821/1388/1606 1822/1387/1606 1838/1386/1606
f 1827/1389/1607 1817/1392/1607 1818/1391/1607 1830/1390/1607
f 1846/1393/1608 1828/1394/1608 1821/1388/1608 1835/1385/1608
f 1842/1395/1609 1830/1398/1609 1818/1397/1609 1833/1396/1609
f 1838/1386/1610 1822/1387/1610 1829/1400/1610 1840/1399/1610
f 1840/1399/1611 1829/1400/1611 1830/1398/1611 1842/1395/1611
f 1832/1401/1612 1817/1404/1612 1827/1403/1612 1844/1402/1612
f 1844/1402/1613 1827/1403/1613 1828/1394/1613 1846/1393/1613
f 1821/1388/1614 1828/1406/1614 1829/1405/1614 1822/1387/1614
f 1828/1406/1615 1827/1389/1615 1830/1390/1615 1829/1405/1615
f 1850/1407/1616 1843/1411/1616 1845/1410/1616 1825/1409/1616 1849/1408/1616
f 1847/1412/1617 1850/1407/1617 1848/1413/1617
f 1826/1414/1618 1839/1418/1618 1841/1417/1618 1852/1416/1618 1853/1415/1618
f 1843/1411/1619 1844/1402/1619 1846/1393/1619 1845/1410/1619
f 1851/1419/1620 1854/1420/1620 1852/1416/1620
f 1831/1421/1621 1832/1401/1621 1844/1402/1621 1843/1411/1621
f 1847/1422/1622 1848/1413/1622 1854/1420/1622 1851/1419/1622
f 1839/1418/1623 1840/1399/1623 1842/1395/1623 1841/1417/1623
f 1824/1383/1624 1837/1423/1624 1839/1418/1624 1826/1414/1624
f 1837/1423/1625 1838/1386/1625 1840/1399/1625 1839/1418/1625
f 1849/1424/1626 1853/1425/1626 1854/1420/1626 1848/1413/1626
f 1841/1417/1627 1842/1395/1627 1833/1396/1627 1834/1426/1627
f 1825/1409/1628 1845/1410/1628 1836/1427/1628 1823/1384/1628
f 1845/1410/1629 1846/1393/1629 1835/1385/1629 1836/1427/1629
f 1823/1384/1630 1836/1427/1630 1837/1423/1630 1824/1383/1630
f 1836/1427/1631 1835/1385/1631 1838/1386/1631 1837/1423/1631
f 1817/1428/1632 1832/1431/1632 1833/1430/1632 1818/1429/1632
f 1832/1431/1633 1831/1377/1633 1834/1378/1633 1833/1430/1633
f 1848/1413/1634 1850/1407/1634 1849/1424/1634
f 1819/1432/1635 1831/1421/1635 1843/1411/1635 1850/1407/1635 1847/1412/1635
f 1852/1416/1636 1854/1420/1636 1853/1415/1636
f 1852/1416/1637 1841/1417/1637 1834/1426/1637 1820/1434/1637 1851/1433/1637
f 1819/1380/1638 1847/1422/1638 1851/1419/1638 1820/1379/1638
f 1825/1381/1639 1826/1382/1639 1853/1425/1639 1849/1424/1639
f 1871/1377/1640 1874/1378/1640 1860/1379/1640 1859/1380/1640
f 1865/1381/1641 1866/1382/1641 1864/1383/1641 1863/1384/1641
f 1875/1385/1642 1878/1386/1642 1862/1387/1642 1861/1388/1642
f 1867/1389/1643 1870/1390/1643 1858/1391/1643 1857/1392/1643
f 1886/1393/1644 1875/1385/1644 1861/1388/1644 1868/1394/1644
f 1882/1395/1645 1873/1396/1645 1858/1397/1645 1870/1398/1645
f 1878/1386/1646 1880/1399/1646 1869/1400/1646 1862/1387/1646
f 1880/1399/1647 1882/1395/1647 1870/1398/1647 1869/1400/1647
f 1872/1401/1648 1884/1402/1648 1867/1403/1648 1857/1404/1648
f 1884/1402/1649 1886/1393/1649 1868/1394/1649 1867/1403/1649
f 1861/1388/1650 1862/1387/1650 1869/1405/1650 1868/1406/1650
f 1868/1406/1651 1869/1405/1651 1870/1390/1651 1867/1389/1651
f 1890/1407/1652 1889/1408/1652 1865/1409/1652 1885/1410/1652 1883/1411/1652
f 1887/1412/1653 1888/1413/1653 1890/1407/1653
f 1866/1414/1654 1893/1415/1654 1892/1416/1654 1881/1417/1654 1879/1418/1654
f 1883/1411/1655 1885/1410/1655 1886/1393/1655 1884/1402/1655
f 1891/1419/1656 1892/1416/1656 1894/1420/1656
f 1871/1421/1657 1883/1411/1657 1884/1402/1657 1872/1401/1657
f 1887/1422/1658 1891/1419/1658 1894/1420/1658 1888/1413/1658
f 1879/1418/1659 1881/1417/1659 1882/1395/1659 1880/1399/1659
f 1864/1383/1660 1866/1414/1660 1879/1418/1660 1877/1423/1660
f 1877/1423/1661 1879/1418/1661 1880/1399/1661 1878/1386/1661
f 1889/1424/1662 1888/1413/1662 1894/1420/1662 1893/1425/1662
f 1881/1417/1663 1874/1426/1663 1873/1396/1663 1882/1395/1663
f 1865/1409/1664 1863/1384/1664 1876/1427/1664 1885/1410/1664
f 1885/1410/1665 1876/1427/1665 1875/1385/1665 1886/1393/1665
f 1863/1384/1666 1864/1383/1666 1877/1423/1666 1876/1427/1666
f 1876/1427/1667 1877/1423/1667 1878/1386/1667 1875/1385/1667
f 1857/1428/1668 1858/1429/1668 1873/1430/1668 1872/1431/1668
f 1872/1431/1669 1873/1430/1669 1874/1378/1669 1871/1377/1669
f 1888/1413/1670 1889/1424/1670 1890/1407/1670
f 1859/1432/1671 1887/1412/1671 1890/1407/1671 1883/1411/1671 1871/1421/1671
f 1892/1416/1672 1893/1415/1672 1894/1420/1672
f 1892/1416/1673 1891/1433/1673 1860/1434/1673 1874/1426/1673 1881/1417/1673
f 1859/1380/1674 1860/1379/1674 1891/1419/1674 1887/1422/1674
f 1865/1381/1675 1889/1424/1675 1893/1425/1675 1866/1382/1675
l 1855 1856
l 1895 1896
o tile1.012
v -0.428567 2.377218 -0.141970
v -0.438483 2.343098 -0.154915
v -0.446221 2.226460 0.289813
v -0.456199 2.192120 0.276788
v -0.727893 2.494280 -0.139981
v -0.737810 2.459875 -0.152926
v -0.716670 2.327898 0.303318
v -0.726648 2.293296 0.290294
v -0.629001 2.274669 0.356692
v -0.638979 2.240168 0.343668
v -0.518167 2.411696 -0.137496
v -0.607768 2.445507 -0.133021
v -0.617685 2.411238 -0.145966
v -0.528084 2.377510 -0.150441
v -0.423056 2.272368 0.145855
v -0.415890 2.322292 0.001925
v -0.427148 2.283565 -0.012770
v -0.434243 2.233881 0.131252
v -0.721043 2.437067 0.017164
v -0.726287 2.386249 0.160998
v -0.737474 2.347438 0.146395
v -0.732301 2.398018 0.002469
v -0.636397 2.310608 0.141347
v -0.630583 2.360890 -0.002611
v -0.535320 2.272687 0.136300
v -0.528865 2.322669 -0.007690
v -0.524133 2.311259 0.150903
v -0.517608 2.361479 0.007005
v -0.625210 2.349288 0.155950
v -0.619325 2.399808 0.012085
v -0.514813 2.237166 0.336002
v -0.536459 2.264674 0.273458
v -0.564067 2.250373 0.353449
v -0.530635 2.280150 0.239820
v -0.528084 2.203275 0.325196
v -0.541489 2.242427 0.228938
v -0.570590 2.214635 0.340253
v -0.544704 2.236240 0.262696
v -0.536459 2.264674 0.273458
v -0.544704 2.236240 0.262696
v -0.428567 2.377218 -1.415478
v -0.438483 2.343098 -1.402533
v -0.446221 2.226460 -1.847261
v -0.456199 2.192119 -1.834237
v -0.727893 2.494280 -1.417467
v -0.737810 2.459875 -1.404522
v -0.716670 2.327898 -1.860767
v -0.726648 2.293296 -1.847742
v -0.629001 2.274669 -1.914140
v -0.638979 2.240168 -1.901116
v -0.518167 2.411696 -1.419952
v -0.607768 2.445507 -1.424427
v -0.617685 2.411237 -1.411482
v -0.528084 2.377510 -1.407007
v -0.423056 2.272368 -1.703304
v -0.415890 2.322292 -1.559374
v -0.427148 2.283566 -1.544679
v -0.434243 2.233881 -1.688701
v -0.721043 2.437067 -1.574612
v -0.726287 2.386248 -1.718446
v -0.737474 2.347438 -1.703844
v -0.732301 2.398018 -1.559917
v -0.636397 2.310608 -1.698796
v -0.630583 2.360890 -1.554837
v -0.535320 2.272688 -1.693748
v -0.528865 2.322669 -1.549758
v -0.524133 2.311259 -1.708351
v -0.517608 2.361479 -1.564453
v -0.625210 2.349288 -1.713399
v -0.619325 2.399808 -1.569533
v -0.514813 2.237166 -1.893451
v -0.536459 2.264674 -1.830906
v -0.564067 2.250373 -1.910898
v -0.530635 2.280150 -1.797268
v -0.528084 2.203275 -1.882644
v -0.541489 2.242427 -1.786387
v -0.570590 2.214635 -1.897701
v -0.544704 2.236240 -1.820144
v -0.536459 2.264674 -1.830906
v -0.544704 2.236240 -1.820144
vn 0.9525 -0.2988 0.0580
vn -0.5748 -0.1381 0.8066
vn -0.9648 0.2307 0.1260
vn 0.0809 0.3326 -0.9396
vn 0.3418 0.8880 0.3077
vn -0.3523 -0.8730 -0.3374
vn -0.3368 -0.8787 -0.3383
vn -0.3460 -0.8751 -0.3383
vn 0.3554 0.8833 0.3057
vn 0.3492 0.8855 0.3065
vn 0.1768 0.3021 -0.9367
vn 0.0785 0.3327 -0.9398
vn 0.3461 0.8774 0.3323
vn -0.0355 0.9102 0.4126
vn -0.3469 -0.8845 -0.3120
vn 0.3476 0.8802 0.3231
vn -0.6767 -0.7101 -0.1946
vn 0.3541 0.8779 0.3223
vn -0.9105 0.1867 0.3689
vn -0.3469 -0.8811 -0.3216
vn -0.3429 -0.8865 -0.3108
vn -0.3385 -0.8839 -0.3226
vn 0.9213 -0.3030 0.2438
vn -0.3536 -0.8787 -0.3207
vn 0.3348 0.8805 0.3356
vn 0.3394 0.8830 0.3242
vn -0.9632 0.2194 0.1550
vn -0.9648 0.2572 0.0557
vn 0.9619 -0.2162 -0.1672
vn 0.9636 -0.2636 -0.0435
vn 0.7954 0.4864 0.3615
vn 0.3559 0.8731 0.3332
vn 0.3677 -0.9203 -0.1336
vn -0.3505 -0.8840 -0.3094
vn 0.4580 -0.4281 0.7791
vn -0.0774 -0.3327 0.9399
vn 0.9525 -0.2988 -0.0580
vn -0.5748 -0.1381 -0.8066
vn -0.9648 0.2307 -0.1260
vn 0.0810 0.3326 0.9396
vn 0.3418 0.8880 -0.3077
vn -0.3523 -0.8730 0.3374
vn -0.3368 -0.8787 0.3383
vn -0.3460 -0.8751 0.3383
vn 0.3554 0.8833 -0.3057
vn 0.3492 0.8855 -0.3065
vn 0.1768 0.3021 0.9367
vn 0.0785 0.3327 0.9398
vn 0.3461 0.8774 -0.3323
vn -0.0355 0.9102 -0.4126
vn -0.3469 -0.8845 0.3120
vn 0.3476 0.8802 -0.3231
vn -0.6767 -0.7101 0.1946
vn 0.3541 0.8779 -0.3223
vn -0.9105 0.1867 -0.3689
vn -0.3469 -0.8811 0.3216
vn -0.3429 -0.8865 0.3108
vn -0.3385 -0.8839 0.3226
vn 0.9213 -0.3030 -0.2438
vn -0.3536 -0.8787 0.3207
vn 0.3348 0.8805 -0.3356
vn 0.3394 0.8830 -0.3242
vn -0.9632 0.2194 -0.1550
vn -0.9648 0.2572 -0.0557
vn 0.9619 -0.2162 0.1672
vn 0.9636 -0.2636 0.0435
vn 0.7954 0.4864 -0.3615
vn 0.3559 0.8731 -0.3332
vn 0.3677 -0.9203 0.1336
vn -0.3505 -0.8840 0.3094
vn 0.4580 -0.4281 -0.7791
vn -0.0774 -0.3327 -0.9399
vt 0.375000 0.166667
vt 0.625000 0.166667
vt 0.625000 0.250000
vt 0.375000 0.250000
vt 0.375000 0.416667
vt 0.625000 0.416667
vt 0.625000 0.500000
vt 0.375000 0.500000
vt 0.375000 0.666667
vt 0.625000 0.666667
vt 0.625000 0.750000
vt 0.375000 0.750000
vt 0.375000 0.916667
vt 0.625000 0.916667
vt 0.625000 1.000000
vt 0.375000 1.000000
vt 0.291667 0.666667
vt 0.291667 0.750000
vt 0.791667 0.666667
vt 0.875000 0.666667
vt 0.875000 0.750000
vt 0.791667 0.750000
vt 0.708333 0.666667
vt 0.708333 0.750000
vt 0.125000 0.666667
vt 0.208333 0.666667
vt 0.208333 0.750000
vt 0.125000 0.750000
vt 0.625000 0.833333
vt 0.375000 0.833333
vt 0.208333 0.546522
vt 0.231642 0.500000
vt 0.291667 0.500000
vt 0.291667 0.583333
vt 0.208333 0.583333
vt 0.186707 0.500000
vt 0.398309 0.333333
vt 0.708333 0.500000
vt 0.771551 0.500000
vt 0.791667 0.545279
vt 0.791667 0.583333
vt 0.708333 0.583333
vt 0.625000 0.314670
vt 0.604884 0.333333
vt 0.125000 0.583333
vt 0.375000 0.311707
vt 0.625000 0.583333
vt 0.375000 0.356642
vt 0.625000 0.353449
vt 0.875000 0.583333
vt 0.375000 0.583333
vt 0.375000 0.000000
vt 0.625000 0.000000
vt 0.625000 0.083333
vt 0.375000 0.083333
vt 0.125000 0.500000
vt 0.810330 0.500000
vt 0.875000 0.500000
s 0
f 1911/1435/1676 1899/1438/1676 1900/1437/1676 1914/1436/1676
f 1905/1439/1677 1903/1442/1677 1904/1441/1677 1906/1440/1677
f 1915/1443/1678 1901/1446/1678 1902/1445/1678 1918/1444/1678
f 1907/1447/1679 1897/1450/1679 1898/1449/1679 1910/1448/1679
f 1926/1451/1680 1908/1452/1680 1901/1446/1680 1915/1443/1680
f 1922/1453/1681 1910/1456/1681 1898/1455/1681 1913/1454/1681
f 1918/1444/1682 1902/1445/1682 1909/1458/1682 1920/1457/1682
f 1920/1457/1683 1909/1458/1683 1910/1456/1683 1922/1453/1683
f 1912/1459/1684 1897/1462/1684 1907/1461/1684 1924/1460/1684
f 1924/1460/1685 1907/1461/1685 1908/1452/1685 1926/1451/1685
f 1901/1446/1686 1908/1464/1686 1909/1463/1686 1902/1445/1686
f 1908/1464/1687 1907/1447/1687 1910/1448/1687 1909/1463/1687
f 1930/1465/1688 1923/1469/1688 1925/1468/1688 1905/1467/1688 1929/1466/1688
f 1927/1470/1689 1930/1465/1689 1928/1471/1689
f 1906/1472/1690 1919/1476/1690 1921/1475/1690 1932/1474/1690 1933/1473/1690
f 1923/1469/1691 1924/1460/1691 1926/1451/1691 1925/1468/1691
f 1931/1477/1692 1934/1478/1692 1932/1474/1692
f 1911/1479/1693 1912/1459/1693 1924/1460/1693 1923/1469/1693
f 1927/1480/1694 1928/1471/1694 1934/1478/1694 1931/1477/1694
f 1919/1476/1695 1920/1457/1695 1922/1453/1695 1921/1475/1695
f 1904/1441/1696 1917/1481/1696 1919/1476/1696 1906/1472/1696
f 1917/1481/1697 1918/1444/1697 1920/1457/1697 1919/1476/1697
f 1929/1482/1698 1933/1483/1698 1934/1478/1698 1928/1471/1698
f 1921/1475/1699 1922/1453/1699 1913/1454/1699 1914/1484/1699
f 1905/1467/1700 1925/1468/1700 1916/1485/1700 1903/1442/1700
f 1925/1468/1701 1926/1451/1701 1915/1443/1701 1916/1485/1701
f 1903/1442/1702 1916/1485/1702 1917/1481/1702 1904/1441/1702
f 1916/1485/1703 1915/1443/1703 1918/1444/1703 1917/1481/1703
f 1897/1486/1704 1912/1489/1704 1913/1488/1704 1898/1487/1704
f 1912/1489/1705 1911/1435/1705 1914/1436/1705 1913/1488/1705
f 1928/1471/1706 1930/1465/1706 1929/1482/1706
f 1899/1490/1707 1911/1479/1707 1923/1469/1707 1930/1465/1707 1927/1470/1707
f 1932/1474/1708 1934/1478/1708 1933/1473/1708
f 1932/1474/1709 1921/1475/1709 1914/1484/1709 1900/1492/1709 1931/1491/1709
f 1899/1438/1710 1927/1480/1710 1931/1477/1710 1900/1437/1710
f 1905/1439/1711 1906/1440/1711 1933/1483/1711 1929/1482/1711
f 1951/1435/1712 1954/1436/1712 1940/1437/1712 1939/1438/1712
f 1945/1439/1713 1946/1440/1713 1944/1441/1713 1943/1442/1713
f 1955/1443/1714 1958/1444/1714 1942/1445/1714 1941/1446/1714
f 1947/1447/1715 1950/1448/1715 1938/1449/1715 1937/1450/1715
f 1966/1451/1716 1955/1443/1716 1941/1446/1716 1948/1452/1716
f 1962/1453/1717 1953/1454/1717 1938/1455/1717 1950/1456/1717
f 1958/1444/1718 1960/1457/1718 1949/1458/1718 1942/1445/1718
f 1960/1457/1719 1962/1453/1719 1950/1456/1719 1949/1458/1719
f 1952/1459/1720 1964/1460/1720 1947/1461/1720 1937/1462/1720
f 1964/1460/1721 1966/1451/1721 1948/1452/1721 1947/1461/1721
f 1941/1446/1722 1942/1445/1722 1949/1463/1722 1948/1464/1722
f 1948/1464/1723 1949/1463/1723 1950/1448/1723 1947/1447/1723
f 1970/1465/1724 1969/1466/1724 1945/1467/1724 1965/1468/1724 1963/1469/1724
f 1967/1470/1725 1968/1471/1725 1970/1465/1725
f 1946/1472/1726 1973/1473/1726 1972/1474/1726 1961/1475/1726 1959/1476/1726
f 1963/1469/1727 1965/1468/1727 1966/1451/1727 1964/1460/1727
f 1971/1477/1728 1972/1474/1728 1974/1478/1728
f 1951/1479/1729 1963/1469/1729 1964/1460/1729 1952/1459/1729
f 1967/1480/1730 1971/1477/1730 1974/1478/1730 1968/1471/1730
f 1959/1476/1731 1961/1475/1731 1962/1453/1731 1960/1457/1731
f 1944/1441/1732 1946/1472/1732 1959/1476/1732 1957/1481/1732
f 1957/1481/1733 1959/1476/1733 1960/1457/1733 1958/1444/1733
f 1969/1482/1734 1968/1471/1734 1974/1478/1734 1973/1483/1734
f 1961/1475/1735 1954/1484/1735 1953/1454/1735 1962/1453/1735
f 1945/1467/1736 1943/1442/1736 1956/1485/1736 1965/1468/1736
f 1965/1468/1737 1956/1485/1737 1955/1443/1737 1966/1451/1737
f 1943/1442/1738 1944/1441/1738 1957/1481/1738 1956/1485/1738
f 1956/1485/1739 1957/1481/1739 1958/1444/1739 1955/1443/1739
f 1937/1486/1740 1938/1487/1740 1953/1488/1740 1952/1489/1740
f 1952/1489/1741 1953/1488/1741 1954/1436/1741 1951/1435/1741
f 1968/1471/1742 1969/1482/1742 1970/1465/1742
f 1939/1490/1743 1967/1470/1743 1970/1465/1743 1963/1469/1743 1951/1479/1743
f 1972/1474/1744 1973/1473/1744 1974/1478/1744
f 1972/1474/1745 1971/1491/1745 1940/1492/1745 1954/1484/1745 1961/1475/1745
f 1939/1438/1746 1940/1437/1746 1971/1477/1746 1967/1480/1746
f 1945/1439/1747 1969/1482/1747 1973/1483/1747 1946/1440/1747
l 1935 1936
l 1975 1976
o tile1.013
v 0.112270 2.265647 -0.123892
v 0.102353 2.231028 -0.136837
v 0.094615 2.114022 0.307891
v 0.084638 2.079233 0.294867
v -0.187056 2.379610 -0.121903
v -0.196973 2.345470 -0.134848
v -0.175834 2.212951 0.321396
v -0.185811 2.178593 0.308372
v -0.088165 2.158513 0.374770
v -0.098143 2.124061 0.361746
v 0.022669 2.296691 -0.119418
v -0.066931 2.329327 -0.114943
v -0.076848 2.295055 -0.127888
v 0.012752 2.262268 -0.132363
v 0.117781 2.161088 0.163933
v 0.124947 2.211403 0.020004
v 0.113689 2.172069 0.005308
v 0.106594 2.122021 0.149331
v -0.180207 2.322225 0.035242
v -0.185451 2.271537 0.179076
v -0.196638 2.233024 0.164473
v -0.191465 2.283463 0.020547
v -0.095561 2.194486 0.159426
v -0.089747 2.244740 0.015467
v 0.005517 2.157291 0.154378
v 0.011971 2.207410 0.010388
v 0.016704 2.196108 0.168981
v 0.023229 2.246488 0.025083
v -0.084374 2.233119 0.174029
v -0.078489 2.283627 0.030163
v 0.026024 2.122247 0.354080
v 0.004377 2.149254 0.291536
v -0.023231 2.134500 0.371528
v 0.010202 2.164852 0.257898
v 0.012753 2.088034 0.343274
v -0.000653 2.126909 0.247017
v -0.029754 2.098686 0.358331
v -0.003867 2.120664 0.280774
v 0.004377 2.149254 0.291536
v -0.003867 2.120664 0.280774
v 0.112270 2.265647 -1.433556
v 0.102353 2.231028 -1.420612
v 0.094615 2.114022 -1.865339
v 0.084638 2.079233 -1.852315
v -0.187056 2.379610 -1.435545
v -0.196973 2.345470 -1.422601
v -0.175834 2.212951 -1.878845
v -0.185812 2.178593 -1.865821
v -0.088165 2.158513 -1.932218
v -0.098143 2.124061 -1.919195
v 0.022669 2.296691 -1.438031
v -0.066931 2.329327 -1.442505
v -0.076848 2.295055 -1.429560
v 0.012752 2.262268 -1.425086
v 0.117780 2.161088 -1.721382
v 0.124947 2.211403 -1.577452
v 0.113689 2.172069 -1.562757
v 0.106593 2.122021 -1.706779
v -0.180207 2.322225 -1.592691
v -0.185451 2.271537 -1.736524
v -0.196638 2.233024 -1.721922
v -0.191465 2.283463 -1.577995
v -0.095561 2.194486 -1.716874
v -0.089747 2.244740 -1.572916
v 0.005516 2.157291 -1.711827
v 0.011971 2.207410 -1.567836
v 0.016704 2.196108 -1.726429
v 0.023229 2.246488 -1.582532
v -0.084374 2.233119 -1.731477
v -0.078489 2.283627 -1.587611
v 0.026023 2.122247 -1.911528
v 0.004377 2.149254 -1.848984
v -0.023231 2.134501 -1.928977
v 0.010202 2.164852 -1.815346
v 0.012753 2.088034 -1.900722
v -0.000653 2.126909 -1.804465
v -0.029754 2.098685 -1.915779
v -0.003867 2.120663 -1.838223
v 0.004377 2.149254 -1.848984
v -0.003867 2.120663 -1.838223
vn 0.9539 -0.2947 0.0572
vn -0.5762 -0.1379 0.8056
vn -0.9644 0.2321 0.1268
vn 0.0687 0.3329 -0.9405
vn 0.3517 0.8843 0.3071
vn -0.3242 -0.8826 -0.3406
vn -0.3485 -0.8745 -0.3374
vn -0.3386 -0.8778 -0.3389
vn 0.3244 0.8940 0.3089
vn 0.3396 0.8890 0.3073
vn 0.1807 0.3018 -0.9361
vn 0.0745 0.3328 -0.9401
vn 0.3396 0.8793 0.3338
vn -0.0559 0.9095 0.4120
vn -0.3425 -0.8858 -0.3132
vn 0.3391 0.8831 0.3242
vn -0.6690 -0.7168 -0.1963
vn 0.3234 0.8883 0.3261
vn -0.9112 0.1859 0.3675
vn -0.3407 -0.8832 -0.3224
vn -0.3556 -0.8819 -0.3096
vn -0.3511 -0.8796 -0.3210
vn 0.9220 -0.3017 0.2427
vn -0.3255 -0.8882 -0.3242
vn 0.3457 0.8767 0.3345
vn 0.3501 0.8793 0.3228
vn -0.9628 0.2206 0.1559
vn -0.9643 0.2588 0.0561
vn 0.9628 -0.2138 -0.1654
vn 0.9646 -0.2601 -0.0429
vn 0.7931 0.4885 0.3638
vn 0.3278 0.8823 0.3378
vn 0.3778 -0.9162 -0.1335
vn -0.3245 -0.8925 -0.3134
vn 0.4695 -0.4254 0.7737
vn -0.0764 -0.3328 0.9399
vn 0.9539 -0.2947 -0.0572
vn -0.5762 -0.1379 -0.8056
vn -0.9644 0.2320 -0.1268
vn 0.0687 0.3329 0.9405
vn 0.3517 0.8843 -0.3071
vn -0.3242 -0.8826 0.3406
vn -0.3485 -0.8745 0.3374
vn -0.3386 -0.8778 0.3389
vn 0.3244 0.8940 -0.3089
vn 0.3396 0.8890 -0.3073
vn 0.1807 0.3018 0.9361
vn 0.0745 0.3328 0.9401
vn 0.3396 0.8793 -0.3338
vn -0.0559 0.9095 -0.4120
vn -0.3425 -0.8858 0.3132
vn 0.3391 0.8831 -0.3242
vn -0.6690 -0.7168 0.1963
vn 0.3234 0.8883 -0.3261
vn -0.9112 0.1859 -0.3675
vn -0.3407 -0.8832 0.3224
vn -0.3556 -0.8819 0.3096
vn -0.3511 -0.8796 0.3210
vn 0.9220 -0.3017 -0.2427
vn -0.3255 -0.8882 0.3242
vn 0.3457 0.8767 -0.3345
vn 0.3501 0.8793 -0.3228
vn -0.9628 0.2206 -0.1559
vn -0.9643 0.2588 -0.0561
vn 0.9628 -0.2138 0.1654
vn 0.9646 -0.2601 0.0429
vn 0.7931 0.4884 -0.3638
vn 0.3278 0.8823 -0.3378
vn 0.3778 -0.9162 0.1335
vn -0.3245 -0.8925 0.3134
vn 0.4695 -0.4254 -0.7737
vn -0.0764 -0.3328 -0.9399
vt 0.375000 0.166667
vt 0.625000 0.166667
vt 0.625000 0.250000
vt 0.375000 0.250000
vt 0.375000 0.416667
vt 0.625000 0.416667
vt 0.625000 0.500000
vt 0.375000 0.500000
vt 0.375000 0.666667
vt 0.625000 0.666667
vt 0.625000 0.750000
vt 0.375000 0.750000
vt 0.375000 0.916667
vt 0.625000 0.916667
vt 0.625000 1.000000
vt 0.375000 1.000000
vt 0.291667 0.666667
vt 0.291667 0.750000
vt 0.791667 0.666667
vt 0.875000 0.666667
vt 0.875000 0.750000
vt 0.791667 0.750000
vt 0.708333 0.666667
vt 0.708333 0.750000
vt 0.125000 0.666667
vt 0.208333 0.666667
vt 0.208333 0.750000
vt 0.125000 0.750000
vt 0.625000 0.833333
vt 0.375000 0.833333
vt 0.208333 0.546522
vt 0.231642 0.500000
vt 0.291667 0.500000
vt 0.291667 0.583333
vt 0.208333 0.583333
vt 0.186707 0.500000
vt 0.398309 0.333333
vt 0.708333 0.500000
vt 0.771551 0.500000
vt 0.791667 0.545279
vt 0.791667 0.583333
vt 0.708333 0.583333
vt 0.625000 0.314670
vt 0.604884 0.333333
vt 0.125000 0.583333
vt 0.375000 0.311707
vt 0.625000 0.583333
vt 0.375000 0.356642
vt 0.625000 0.353449
vt 0.875000 0.583333
vt 0.375000 0.583333
vt 0.375000 0.000000
vt 0.625000 0.000000
vt 0.625000 0.083333
vt 0.375000 0.083333
vt 0.125000 0.500000
vt 0.810330 0.500000
vt 0.875000 0.500000
s 0
f 1991/1493/1748 1979/1496/1748 1980/1495/1748 1994/1494/1748
f 1985/1497/1749 1983/1500/1749 1984/1499/1749 1986/1498/1749
f 1995/1501/1750 1981/1504/1750 1982/1503/1750 1998/1502/1750
f 1987/1505/1751 1977/1508/1751 1978/1507/1751 1990/1506/1751
f 2006/1509/1752 1988/1510/1752 1981/1504/1752 1995/1501/1752
f 2002/1511/1753 1990/1514/1753 1978/1513/1753 1993/1512/1753
f 1998/1502/1754 1982/1503/1754 1989/1516/1754 2000/1515/1754
f 2000/1515/1755 1989/1516/1755 1990/1514/1755 2002/1511/1755
f 1992/1517/1756 1977/1520/1756 1987/1519/1756 2004/1518/1756
f 2004/1518/1757 1987/1519/1757 1988/1510/1757 2006/1509/1757
f 1981/1504/1758 1988/1522/1758 1989/1521/1758 1982/1503/1758
f 1988/1522/1759 1987/1505/1759 1990/1506/1759 1989/1521/1759
f 2010/1523/1760 2003/1527/1760 2005/1526/1760 1985/1525/1760 2009/1524/1760
f 2007/1528/1761 2010/1523/1761 2008/1529/1761
f 1986/1530/1762 1999/1534/1762 2001/1533/1762 2012/1532/1762 2013/1531/1762
f 2003/1527/1763 2004/1518/1763 2006/1509/1763 2005/1526/1763
f 2011/1535/1764 2014/1536/1764 2012/1532/1764
f 1991/1537/1765 1992/1517/1765 2004/1518/1765 2003/1527/1765
f 2007/1538/1766 2008/1529/1766 2014/1536/1766 2011/1535/1766
f 1999/1534/1767 2000/1515/1767 2002/1511/1767 2001/1533/1767
f 1984/1499/1768 1997/1539/1768 1999/1534/1768 1986/1530/1768
f 1997/1539/1769 1998/1502/1769 2000/1515/1769 1999/1534/1769
f 2009/1540/1770 2013/1541/1770 2014/1536/1770 2008/1529/1770
f 2001/1533/1771 2002/1511/1771 1993/1512/1771 1994/1542/1771
f 1985/1525/1772 2005/1526/1772 1996/1543/1772 1983/1500/1772
f 2005/1526/1773 2006/1509/1773 1995/1501/1773 1996/1543/1773
f 1983/1500/1774 1996/1543/1774 1997/1539/1774 1984/1499/1774
f 1996/1543/1775 1995/1501/1775 1998/1502/1775 1997/1539/1775
f 1977/1544/1776 1992/1547/1776 1993/1546/1776 1978/1545/1776
f 1992/1547/1777 1991/1493/1777 1994/1494/1777 1993/1546/1777
f 2008/1529/1778 2010/1523/1778 2009/1540/1778
f 1979/1548/1779 1991/1537/1779 2003/1527/1779 2010/1523/1779 2007/1528/1779
f 2012/1532/1780 2014/1536/1780 2013/1531/1780
f 2012/1532/1781 2001/1533/1781 1994/1542/1781 1980/1550/1781 2011/1549/1781
f 1979/1496/1782 2007/1538/1782 2011/1535/1782 1980/1495/1782
f 1985/1497/1783 1986/1498/1783 2013/1541/1783 2009/1540/1783
f 2031/1493/1784 2034/1494/1784 2020/1495/1784 2019/1496/1784
f 2025/1497/1785 2026/1498/1785 2024/1499/1785 2023/1500/1785
f 2035/1501/1786 2038/1502/1786 2022/1503/1786 2021/1504/1786
f 2027/1505/1787 2030/1506/1787 2018/1507/1787 2017/1508/1787
f 2046/1509/1788 2035/1501/1788 2021/1504/1788 2028/1510/1788
f 2042/1511/1789 2033/1512/1789 2018/1513/1789 2030/1514/1789
f 2038/1502/1790 2040/1515/1790 2029/1516/1790 2022/1503/1790
f 2040/1515/1791 2042/1511/1791 2030/1514/1791 2029/1516/1791
f 2032/1517/1792 2044/1518/1792 2027/1519/1792 2017/1520/1792
f 2044/1518/1793 2046/1509/1793 2028/1510/1793 2027/1519/1793
f 2021/1504/1794 2022/1503/1794 2029/1521/1794 2028/1522/1794
f 2028/1522/1795 2029/1521/1795 2030/1506/1795 2027/1505/1795
f 2050/1523/1796 2049/1524/1796 2025/1525/1796 2045/1526/1796 2043/1527/1796
f 2047/1528/1797 2048/1529/1797 2050/1523/1797
f 2026/1530/1798 2053/1531/1798 2052/1532/1798 2041/1533/1798 2039/1534/1798
f 2043/1527/1799 2045/1526/1799 2046/1509/1799 2044/1518/1799
f 2051/1535/1800 2052/1532/1800 2054/1536/1800
f 2031/1537/1801 2043/1527/1801 2044/1518/1801 2032/1517/1801
f 2047/1538/1802 2051/1535/1802 2054/1536/1802 2048/1529/1802
f 2039/1534/1803 2041/1533/1803 2042/1511/1803 2040/1515/1803
f 2024/1499/1804 2026/1530/1804 2039/1534/1804 2037/1539/1804
f 2037/1539/1805 2039/1534/1805 2040/1515/1805 2038/1502/1805
f 2049/1540/1806 2048/1529/1806 2054/1536/1806 2053/1541/1806
f 2041/1533/1807 2034/1542/1807 2033/1512/1807 2042/1511/1807
f 2025/1525/1808 2023/1500/1808 2036/1543/1808 2045/1526/1808
f 2045/1526/1809 2036/1543/1809 2035/1501/1809 2046/1509/1809
f 2023/1500/1810 2024/1499/1810 2037/1539/1810 2036/1543/1810
f 2036/1543/1811 2037/1539/1811 2038/1502/1811 2035/1501/1811
f 2017/1544/1812 2018/1545/1812 2033/1546/1812 2032/1547/1812
f 2032/1547/1813 2033/1546/1813 2034/1494/1813 2031/1493/1813
f 2048/1529/1814 2049/1540/1814 2050/1523/1814
f 2019/1548/1815 2047/1528/1815 2050/1523/1815 2043/1527/1815 2031/1537/1815
f 2052/1532/1816 2053/1531/1816 2054/1536/1816
f 2052/1532/1817 2051/1549/1817 2020/1550/1817 2034/1542/1817 2041/1533/1817
f 2019/1496/1818 2020/1495/1818 2051/1535/1818 2047/1538/1818
f 2025/1497/1819 2049/1540/1819 2053/1541/1819 2026/1498/1819
l 2015 2016
l 2055 2056
o tile2.010
v -0.193914 2.213656 0.261316
v -0.203309 2.179971 0.250491
v -0.176300 2.357833 -0.186871
v -0.185696 2.324135 -0.197696
v -0.464210 2.313411 0.285241
v -0.473605 2.279717 0.274415
v -0.469651 2.450846 -0.150327
v -0.479047 2.417149 -0.161152
v -0.379552 2.417698 -0.158302
v -0.289454 2.384309 -0.166277
v -0.298849 2.350666 -0.177102
v -0.388948 2.384048 -0.169127
v -0.283135 2.224664 0.339579
v -0.373233 2.258053 0.347554
v -0.382629 2.224406 0.336729
v -0.292530 2.191019 0.328754
v -0.181583 2.299164 -0.029552
v -0.179769 2.253353 0.115637
v -0.189165 2.219658 0.104812
v -0.190978 2.265471 -0.040377
v -0.485857 2.367134 0.139620
v -0.487671 2.412944 -0.005569
v -0.497067 2.379234 -0.016394
v -0.495253 2.333426 0.128795
v -0.387134 2.338228 -0.023938
v -0.385321 2.292408 0.121251
v -0.297036 2.304844 -0.031913
v -0.295222 2.259023 0.113277
v -0.287640 2.338488 -0.021088
v -0.285826 2.292667 0.124102
v -0.377739 2.371877 -0.013113
v -0.375925 2.326056 0.132077
v -0.193914 2.213656 -1.818764
v -0.203310 2.179971 -1.807939
v -0.176300 2.357833 -1.370577
v -0.185696 2.324135 -1.359752
v -0.464210 2.313411 -1.842689
v -0.473606 2.279717 -1.831864
v -0.469651 2.450846 -1.407121
v -0.479047 2.417149 -1.396296
v -0.379552 2.417697 -1.399146
v -0.289454 2.384309 -1.391171
v -0.298849 2.350666 -1.380347
v -0.388948 2.384048 -1.388321
v -0.283135 2.224664 -1.897028
v -0.373233 2.258053 -1.905002
v -0.382629 2.224406 -1.894177
v -0.292530 2.191019 -1.886203
v -0.181583 2.299164 -1.527896
v -0.179769 2.253353 -1.673085
v -0.189165 2.219658 -1.662260
v -0.190978 2.265471 -1.517071
v -0.485857 2.367135 -1.697069
v -0.487671 2.412944 -1.551879
v -0.497067 2.379234 -1.541054
v -0.495253 2.333426 -1.686244
v -0.387134 2.338228 -1.533510
v -0.385321 2.292408 -1.678699
v -0.297036 2.304844 -1.525536
v -0.295222 2.259023 -1.670725
v -0.287640 2.338488 -1.536361
v -0.285826 2.292667 -1.681550
v -0.377739 2.371877 -1.544336
v -0.375925 2.326056 -1.689525
vn 0.9664 -0.2499 -0.0608
vn 0.0257 0.2995 -0.9538
vn -0.9564 0.1976 0.2151
vn 0.5790 -0.3916 0.7152
vn 0.3532 0.8935 0.2774
vn -0.3538 -0.8932 -0.2776
vn -0.3528 -0.8936 -0.2774
vn -0.3553 -0.8927 -0.2773
vn 0.3535 0.8933 0.2776
vn 0.3554 0.8927 0.2773
vn -0.5990 -0.0887 0.7958
vn -0.0265 -0.2994 0.9537
vn -0.0941 0.3284 -0.9398
vn 0.0265 0.2994 -0.9537
vn 0.3553 0.8927 0.2773
vn 0.3109 0.8973 0.3135
vn 0.3534 0.8934 0.2775
vn -0.3526 -0.8936 -0.2778
vn -0.3525 -0.8937 -0.2776
vn -0.3113 -0.8971 -0.3134
vn -0.3537 -0.8932 -0.2775
vn 0.3530 0.8934 0.2777
vn 0.3529 0.8936 0.2776
vn -0.9584 0.2818 -0.0455
vn -0.9665 0.2411 0.0881
vn 0.9615 -0.2741 0.0187
vn 0.9665 -0.2412 -0.0882
vn 0.9664 -0.2499 0.0608
vn 0.0257 0.2994 0.9538
vn -0.9564 0.1976 -0.2151
vn 0.5790 -0.3916 -0.7152
vn 0.3532 0.8935 -0.2774
vn -0.3538 -0.8932 0.2776
vn -0.3528 -0.8936 0.2774
vn -0.3553 -0.8927 0.2773
vn 0.3535 0.8933 -0.2776
vn 0.3553 0.8927 -0.2773
vn -0.5990 -0.0887 -0.7958
vn -0.0265 -0.2994 -0.9537
vn -0.0941 0.3284 0.9398
vn 0.0265 0.2994 0.9537
vn 0.3109 0.8973 -0.3135
vn 0.3534 0.8934 -0.2775
vn -0.3526 -0.8936 0.2778
vn -0.3525 -0.8937 0.2776
vn -0.3113 -0.8971 0.3134
vn -0.3537 -0.8932 0.2775
vn 0.3530 0.8934 -0.2777
vn 0.3529 0.8936 -0.2776
vn -0.9584 0.2818 0.0455
vn -0.9665 0.2411 -0.0881
vn 0.9615 -0.2741 -0.0187
vn 0.9665 -0.2412 0.0882
vt 0.375000 0.166667
vt 0.625000 0.166667
vt 0.625000 0.250000
vt 0.375000 0.250000
vt 0.375000 0.416667
vt 0.625000 0.416667
vt 0.625000 0.500000
vt 0.375000 0.500000
vt 0.375000 0.666667
vt 0.625000 0.666667
vt 0.625000 0.750000
vt 0.375000 0.750000
vt 0.375000 0.916667
vt 0.625000 0.916667
vt 0.625000 1.000000
vt 0.375000 1.000000
vt 0.291667 0.666667
vt 0.291667 0.750000
vt 0.791667 0.666667
vt 0.875000 0.666667
vt 0.875000 0.750000
vt 0.791667 0.750000
vt 0.708333 0.666667
vt 0.708333 0.750000
vt 0.125000 0.666667
vt 0.208333 0.666667
vt 0.208333 0.750000
vt 0.125000 0.750000
vt 0.625000 0.833333
vt 0.375000 0.833333
vt 0.625000 0.333333
vt 0.375000 0.333333
vt 0.208333 0.500000
vt 0.291667 0.500000
vt 0.291667 0.583333
vt 0.208333 0.583333
vt 0.125000 0.500000
vt 0.125000 0.583333
vt 0.708333 0.500000
vt 0.791667 0.500000
vt 0.791667 0.583333
vt 0.708333 0.583333
vt 0.625000 0.583333
vt 0.875000 0.500000
vt 0.875000 0.583333
vt 0.375000 0.583333
vt 0.375000 0.000000
vt 0.625000 0.000000
vt 0.625000 0.083333
vt 0.375000 0.083333
s 0
f 2073/1551/1820 2076/1552/1820 2060/1553/1820 2059/1554/1820
f 2065/1555/1821 2068/1556/1821 2064/1557/1821 2063/1558/1821
f 2077/1559/1822 2080/1560/1822 2062/1561/1822 2061/1562/1822
f 2069/1563/1823 2072/1564/1823 2058/1565/1823 2057/1566/1823
f 2088/1567/1824 2077/1559/1824 2061/1562/1824 2070/1568/1824
f 2084/1569/1825 2075/1570/1825 2058/1571/1825 2072/1572/1825
f 2080/1560/1826 2082/1573/1826 2071/1574/1826 2062/1561/1826
f 2082/1573/1827 2084/1569/1827 2072/1572/1827 2071/1574/1827
f 2074/1575/1828 2086/1576/1828 2069/1577/1828 2057/1578/1828
f 2086/1576/1829 2088/1567/1829 2070/1568/1829 2069/1577/1829
f 2061/1562/1830 2062/1561/1830 2071/1579/1830 2070/1580/1830
f 2070/1580/1831 2071/1579/1831 2072/1564/1831 2069/1563/1831
f 2059/1554/1832 2060/1553/1832 2067/1581/1832 2066/1582/1832
f 2066/1582/1833 2067/1581/1833 2068/1556/1833 2065/1555/1833
f 2066/1583/1834 2065/1584/1834 2087/1585/1834 2085/1586/1834
f 2085/1586/1834 2087/1585/1834 2088/1567/1834 2086/1576/1834
f 2059/1587/1835 2066/1583/1835 2085/1586/1835 2073/1588/1835
f 2073/1588/1836 2085/1586/1836 2086/1576/1836 2074/1575/1836
f 2068/1589/1827 2067/1590/1827 2083/1591/1827 2081/1592/1827
f 2081/1592/1827 2083/1591/1827 2084/1569/1827 2082/1573/1827
f 2064/1557/1837 2068/1589/1837 2081/1592/1837 2079/1593/1837
f 2079/1593/1838 2081/1592/1838 2082/1573/1838 2080/1560/1838
f 2067/1590/1839 2060/1594/1839 2076/1595/1839 2083/1591/1839
f 2083/1591/1840 2076/1595/1840 2075/1570/1840 2084/1569/1840
f 2065/1584/1841 2063/1558/1841 2078/1596/1841 2087/1585/1841
f 2087/1585/1842 2078/1596/1842 2077/1559/1842 2088/1567/1842
f 2063/1558/1843 2064/1557/1843 2079/1593/1843 2078/1596/1843
f 2078/1596/1844 2079/1593/1844 2080/1560/1844 2077/1559/1844
f 2057/1597/1845 2058/1598/1845 2075/1599/1845 2074/1600/1845
f 2074/1600/1846 2075/1599/1846 2076/1552/1846 2073/1551/1846
f 2105/1551/1847 2091/1554/1847 2092/1553/1847 2108/1552/1847
f 2097/1555/1848 2095/1558/1848 2096/1557/1848 2100/1556/1848
f 2109/1559/1849 2093/1562/1849 2094/1561/1849 2112/1560/1849
f 2101/1563/1850 2089/1566/1850 2090/1565/1850 2104/1564/1850
f 2120/1567/1851 2102/1568/1851 2093/1562/1851 2109/1559/1851
f 2116/1569/1852 2104/1572/1852 2090/1571/1852 2107/1570/1852
f 2112/1560/1853 2094/1561/1853 2103/1574/1853 2114/1573/1853
f 2114/1573/1854 2103/1574/1854 2104/1572/1854 2116/1569/1854
f 2106/1575/1855 2089/1578/1855 2101/1577/1855 2118/1576/1855
f 2118/1576/1856 2101/1577/1856 2102/1568/1856 2120/1567/1856
f 2093/1562/1857 2102/1580/1857 2103/1579/1857 2094/1561/1857
f 2102/1580/1858 2101/1563/1858 2104/1564/1858 2103/1579/1858
f 2091/1554/1859 2098/1582/1859 2099/1581/1859 2092/1553/1859
f 2098/1582/1860 2097/1555/1860 2100/1556/1860 2099/1581/1860
f 2098/1583/1856 2117/1586/1856 2119/1585/1856 2097/1584/1856
f 2117/1586/1856 2118/1576/1856 2120/1567/1856 2119/1585/1856
f 2091/1587/1861 2105/1588/1861 2117/1586/1861 2098/1583/1861
f 2105/1588/1862 2106/1575/1862 2118/1576/1862 2117/1586/1862
f 2100/1589/1854 2113/1592/1854 2115/1591/1854 2099/1590/1854
f 2113/1592/1854 2114/1573/1854 2116/1569/1854 2115/1591/1854
f 2096/1557/1863 2111/1593/1863 2113/1592/1863 2100/1589/1863
f 2111/1593/1864 2112/1560/1864 2114/1573/1864 2113/1592/1864
f 2099/1590/1865 2115/1591/1865 2108/1595/1865 2092/1594/1865
f 2115/1591/1866 2116/1569/1866 2107/1570/1866 2108/1595/1866
f 2097/1584/1867 2119/1585/1867 2110/1596/1867 2095/1558/1867
f 2119/1585/1868 2120/1567/1868 2109/1559/1868 2110/1596/1868
f 2095/1558/1869 2110/1596/1869 2111/1593/1869 2096/1557/1869
f 2110/1596/1870 2109/1559/1870 2112/1560/1870 2111/1593/1870
f 2089/1597/1871 2106/1600/1871 2107/1599/1871 2090/1598/1871
f 2106/1600/1872 2105/1551/1872 2108/1552/1872 2107/1599/1872
o tile2.011
v 0.369537 2.129256 0.273622
v 0.360142 2.094500 0.262797
v 0.387151 2.275482 -0.174565
v 0.377756 2.240684 -0.185390
v 0.099241 2.206329 0.297547
v 0.089846 2.172215 0.286721
v 0.093800 2.343518 -0.138021
v 0.084405 2.309415 -0.148846
v 0.183899 2.315649 -0.145996
v 0.273998 2.289834 -0.153971
v 0.264602 2.255306 -0.164796
v 0.174503 2.281335 -0.156821
v 0.280317 2.130795 0.351885
v 0.190218 2.156466 0.359860
v 0.180822 2.122137 0.349035
v 0.270921 2.096251 0.341060
v 0.381868 2.216192 -0.017246
v 0.383682 2.170594 0.127943
v 0.374287 2.135805 0.117118
v 0.372473 2.181408 -0.028071
v 0.077594 2.259124 0.151926
v 0.075780 2.304862 0.006737
v 0.066385 2.270798 -0.004088
v 0.068198 2.225057 0.141101
v 0.176317 2.235641 -0.011632
v 0.178131 2.189949 0.133557
v 0.266416 2.209653 -0.019607
v 0.268229 2.164002 0.125582
v 0.275811 2.244186 -0.008782
v 0.277625 2.198539 0.136408
v 0.185713 2.269960 -0.000807
v 0.187526 2.224272 0.144382
v 0.369538 2.129256 -1.831070
v 0.360142 2.094501 -1.820246
v 0.387151 2.275481 -1.382884
v 0.377756 2.240684 -1.372059
v 0.099241 2.206329 -1.854995
v 0.089846 2.172215 -1.844170
v 0.093800 2.343518 -1.419427
v 0.084405 2.309415 -1.408602
v 0.183899 2.315649 -1.411452
v 0.273998 2.289834 -1.403478
v 0.264602 2.255306 -1.392653
v 0.174503 2.281335 -1.400627
v 0.280317 2.130795 -1.909333
v 0.190218 2.156466 -1.917310
v 0.180823 2.122137 -1.906484
v 0.270921 2.096252 -1.898509
v 0.381868 2.216192 -1.540202
v 0.383682 2.170594 -1.685391
v 0.374287 2.135805 -1.674567
v 0.372473 2.181408 -1.529377
v 0.077594 2.259124 -1.709375
v 0.075780 2.304862 -1.564185
v 0.066385 2.270799 -1.553360
v 0.068198 2.225057 -1.698549
v 0.176317 2.235641 -1.545816
v 0.178131 2.189949 -1.691006
v 0.266416 2.209653 -1.537842
v 0.268230 2.164002 -1.683031
v 0.275811 2.244186 -1.548667
v 0.277625 2.198539 -1.693856
v 0.185713 2.269960 -1.556642
v 0.187526 2.224272 -1.701831
vn 0.9682 -0.2431 -0.0591
vn 0.0086 0.2996 -0.9540
vn -0.9571 0.1960 0.2134
vn 0.6054 -0.3823 0.6981
vn 0.3061 0.9090 0.2829
vn -0.2682 -0.9198 -0.2863
vn -0.3081 -0.9084 -0.2828
vn -0.2882 -0.9145 -0.2841
vn 0.2662 0.9204 0.2864
vn 0.2862 0.9150 0.2842
vn -0.5957 -0.0890 0.7983
vn -0.0013 -0.2996 0.9541
vn -0.1285 0.3272 -0.9362
vn 0.0017 0.2996 -0.9541
vn 0.2871 0.9148 0.2842
vn 0.2867 0.9149 0.2842
vn 0.2205 0.9207 0.3219
vn 0.2656 0.9207 0.2860
vn -0.2890 -0.9142 -0.2840
vn -0.2887 -0.9143 -0.2840
vn -0.3090 -0.9085 -0.2814
vn -0.3096 -0.9081 -0.2821
vn -0.2226 -0.9203 -0.3218
vn -0.2677 -0.9201 -0.2858
vn 0.3071 0.9091 0.2816
vn 0.3077 0.9087 0.2823
vn -0.9593 0.2787 -0.0450
vn -0.9671 0.2390 0.0874
vn 0.9638 -0.2661 0.0181
vn 0.9682 -0.2348 -0.0858
vn 0.9682 -0.2431 0.0591
vn 0.0086 0.2996 0.9540
vn -0.9571 0.1960 -0.2134
vn 0.6054 -0.3823 -0.6982
vn 0.3061 0.9090 -0.2829
vn -0.2682 -0.9198 0.2863
vn -0.3081 -0.9084 0.2828
vn -0.2882 -0.9145 0.2841
vn 0.2662 0.9204 -0.2864
vn 0.2862 0.9150 -0.2842
vn -0.5957 -0.0890 -0.7983
vn -0.0013 -0.2996 -0.9541
vn -0.1285 0.3272 0.9362
vn 0.0017 0.2996 0.9541
vn 0.2871 0.9148 -0.2842
vn 0.2867 0.9149 -0.2842
vn 0.2205 0.9207 -0.3219
vn 0.2656 0.9207 -0.2860
vn -0.2890 -0.9142 0.2840
vn -0.2887 -0.9143 0.2840
vn -0.3090 -0.9085 0.2814
vn -0.3096 -0.9081 0.2821
vn -0.2226 -0.9203 0.3218
vn -0.2677 -0.9201 0.2858
vn 0.3071 0.9091 -0.2816
vn 0.3077 0.9087 -0.2823
vn -0.9593 0.2787 0.0450
vn -0.9671 0.2390 -0.0874
vn 0.9638 -0.2661 -0.0181
vn 0.9682 -0.2348 0.0858
vt 0.375000 0.166667
vt 0.625000 0.166667
vt 0.625000 0.250000
vt 0.375000 0.250000
vt 0.375000 0.416667
vt 0.625000 0.416667
vt 0.625000 0.500000
vt 0.375000 0.500000
vt 0.375000 0.666667
vt 0.625000 0.666667
vt 0.625000 0.750000
vt 0.375000 0.750000
vt 0.375000 0.916667
vt 0.625000 0.916667
vt 0.625000 1.000000
vt 0.375000 1.000000
vt 0.291667 0.666667
vt 0.291667 0.750000
vt 0.791667 0.666667
vt 0.875000 0.666667
vt 0.875000 0.750000
vt 0.791667 0.750000
vt 0.708333 0.666667
vt 0.708333 0.750000
vt 0.125000 0.666667
vt 0.208333 0.666667
vt 0.208333 0.750000
vt 0.125000 0.750000
vt 0.625000 0.833333
vt 0.375000 0.833333
vt 0.625000 0.333333
vt 0.375000 0.333333
vt 0.208333 0.500000
vt 0.291667 0.500000
vt 0.291667 0.583333
vt 0.208333 0.583333
vt 0.125000 0.500000
vt 0.125000 0.583333
vt 0.708333 0.500000
vt 0.791667 0.500000
vt 0.791667 0.583333
vt 0.708333 0.583333
vt 0.625000 0.583333
vt 0.875000 0.500000
vt 0.875000 0.583333
vt 0.375000 0.583333
vt 0.375000 0.000000
vt 0.625000 0.000000
vt 0.625000 0.083333
vt 0.375000 0.083333
s 0
f 2137/1601/1873 2140/1602/1873 2124/1603/1873 2123/1604/1873
f 2129/1605/1874 2132/1606/1874 2128/1607/1874 2127/1608/1874
f 2141/1609/1875 2144/1610/1875 2126/1611/1875 2125/1612/1875
f 2133/1613/1876 2136/1614/1876 2122/1615/1876 2121/1616/1876
f 2152/1617/1877 2141/1609/1877 2125/1612/1877 2134/1618/1877
f 2148/1619/1878 2139/1620/1878 2122/1621/1878 2136/1622/1878
f 2144/1610/1879 2146/1623/1879 2135/1624/1879 2126/1611/1879
f 2146/1623/1880 2148/1619/1880 2136/1622/1880 2135/1624/1880
f 2138/1625/1881 2150/1626/1881 2133/1627/1881 2121/1628/1881
f 2150/1626/1882 2152/1617/1882 2134/1618/1882 2133/1627/1882
f 2125/1612/1883 2126/1611/1883 2135/1629/1883 2134/1630/1883
f 2134/1630/1884 2135/1629/1884 2136/1614/1884 2133/1613/1884
f 2123/1604/1885 2124/1603/1885 2131/1631/1885 2130/1632/1885
f 2130/1632/1886 2131/1631/1886 2132/1606/1886 2129/1605/1886
f 2130/1633/1887 2129/1634/1887 2151/1635/1887 2149/1636/1887
f 2149/1636/1888 2151/1635/1888 2152/1617/1888 2150/1626/1888
f 2123/1637/1889 2130/1633/1889 2149/1636/1889 2137/1638/1889
f 2137/1638/1890 2149/1636/1890 2150/1626/1890 2138/1625/1890
f 2132/1639/1891 2131/1640/1891 2147/1641/1891 2145/1642/1891
f 2145/1642/1892 2147/1641/1892 2148/1619/1892 2146/1623/1892
f 2128/1607/1893 2132/1639/1893 2145/1642/1893 2143/1643/1893
f 2143/1643/1894 2145/1642/1894 2146/1623/1894 2144/1610/1894
f 2131/1640/1895 2124/1644/1895 2140/1645/1895 2147/1641/1895
f 2147/1641/1896 2140/1645/1896 2139/1620/1896 2148/1619/1896
f 2129/1634/1897 2127/1608/1897 2142/1646/1897 2151/1635/1897
f 2151/1635/1898 2142/1646/1898 2141/1609/1898 2152/1617/1898
f 2127/1608/1899 2128/1607/1899 2143/1643/1899 2142/1646/1899
f 2142/1646/1900 2143/1643/1900 2144/1610/1900 2141/1609/1900
f 2121/1647/1901 2122/1648/1901 2139/1649/1901 2138/1650/1901
f 2138/1650/1902 2139/1649/1902 2140/1602/1902 2137/1601/1902
f 2169/1601/1903 2155/1604/1903 2156/1603/1903 2172/1602/1903
f 2161/1605/1904 2159/1608/1904 2160/1607/1904 2164/1606/1904
f 2173/1609/1905 2157/1612/1905 2158/1611/1905 2176/1610/1905
f 2165/1613/1906 2153/1616/1906 2154/1615/1906 2168/1614/1906
f 2184/1617/1907 2166/1618/1907 2157/1612/1907 2173/1609/1907
f 2180/1619/1908 2168/1622/1908 2154/1621/1908 2171/1620/1908
f 2176/1610/1909 2158/1611/1909 2167/1624/1909 2178/1623/1909
f 2178/1623/1910 2167/1624/1910 2168/1622/1910 2180/1619/1910
f 2170/1625/1911 2153/1628/1911 2165/1627/1911 2182/1626/1911
f 2182/1626/1912 2165/1627/1912 2166/1618/1912 2184/1617/1912
f 2157/1612/1913 2166/1630/1913 2167/1629/1913 2158/1611/1913
f 2166/1630/1914 2165/1613/1914 2168/1614/1914 2167/1629/1914
f 2155/1604/1915 2162/1632/1915 2163/1631/1915 2156/1603/1915
f 2162/1632/1916 2161/1605/1916 2164/1606/1916 2163/1631/1916
f 2162/1633/1917 2181/1636/1917 2183/1635/1917 2161/1634/1917
f 2181/1636/1918 2182/1626/1918 2184/1617/1918 2183/1635/1918
f 2155/1637/1919 2169/1638/1919 2181/1636/1919 2162/1633/1919
f 2169/1638/1920 2170/1625/1920 2182/1626/1920 2181/1636/1920
f 2164/1639/1921 2177/1642/1921 2179/1641/1921 2163/1640/1921
f 2177/1642/1922 2178/1623/1922 2180/1619/1922 2179/1641/1922
f 2160/1607/1923 2175/1643/1923 2177/1642/1923 2164/1639/1923
f 2175/1643/1924 2176/1610/1924 2178/1623/1924 2177/1642/1924
f 2163/1640/1925 2179/1641/1925 2172/1645/1925 2156/1644/1925
f 2179/1641/1926 2180/1619/1926 2171/1620/1926 2172/1645/1926
f 2161/1634/1927 2183/1635/1927 2174/1646/1927 2159/1608/1927
f 2183/1635/1928 2184/1617/1928 2173/1609/1928 2174/1646/1928
f 2159/1608/1929 2174/1646/1929 2175/1643/1929 2160/1607/1929
f 2174/1646/1930 2173/1609/1930 2176/1610/1930 2175/1643/1930
f 2153/1647/1931 2170/1650/1931 2171/1649/1931 2154/1648/1931
f 2170/1650/1932 2169/1601/1932 2172/1602/1932 2171/1649/1932
o tile1.014
v 0.653695 2.262706 -0.123892
v 0.643779 2.226729 -0.136837
v 0.636041 2.108663 0.307891
v 0.626063 2.072510 0.294867
v 0.354369 2.338371 -0.121903
v 0.344452 2.303144 -0.134848
v 0.365592 2.172962 0.321396
v 0.355614 2.137492 0.308372
v 0.453261 2.128952 0.374770
v 0.443283 2.093260 0.361746
v 0.564095 2.281558 -0.119418
v 0.474494 2.302441 -0.114943
v 0.464577 2.266913 -0.127888
v 0.554178 2.245805 -0.132362
v 0.659206 2.158902 0.163933
v 0.666372 2.210199 0.020004
v 0.655114 2.169322 0.005308
v 0.648019 2.118303 0.149331
v 0.361219 2.281747 0.035242
v 0.355975 2.230475 0.179076
v 0.344788 2.190734 0.164473
v 0.349961 2.241739 0.020547
v 0.445865 2.164005 0.159426
v 0.451679 2.214981 0.015467
v 0.546942 2.139861 0.154378
v 0.553397 2.190842 0.010388
v 0.558129 2.180174 0.168981
v 0.564655 2.231430 0.025083
v 0.457052 2.204032 0.174029
v 0.462937 2.255279 0.030163
v 0.567449 2.107565 0.354080
v 0.545803 2.131672 0.291536
v 0.518195 2.113266 0.371527
v 0.551627 2.148047 0.257898
v 0.554178 2.071570 0.343274
v 0.540773 2.108658 0.247017
v 0.511672 2.076596 0.358331
v 0.537558 2.101985 0.280774
v 0.545803 2.131672 0.291536
v 0.537558 2.101985 0.280774
v 0.653696 2.262706 -1.433557
v 0.643779 2.226729 -1.420612
v 0.636041 2.108663 -1.865339
v 0.626063 2.072510 -1.852315
v 0.354369 2.338371 -1.435546
v 0.344452 2.303144 -1.422600
v 0.365592 2.172962 -1.878845
v 0.355614 2.137492 -1.865821
v 0.453261 2.128952 -1.932218
v 0.443283 2.093260 -1.919194
v 0.564095 2.281558 -1.438031
v 0.474494 2.302441 -1.442505
v 0.464577 2.266913 -1.429560
v 0.554178 2.245805 -1.425086
v 0.659206 2.158902 -1.721382
v 0.666372 2.210199 -1.577452
v 0.655114 2.169322 -1.562757
v 0.648019 2.118303 -1.706779
v 0.361219 2.281747 -1.592690
v 0.355975 2.230475 -1.736525
v 0.344788 2.190735 -1.721922
v 0.349961 2.241739 -1.577995
v 0.445865 2.164004 -1.716874
v 0.451679 2.214982 -1.572916
v 0.546942 2.139861 -1.711827
v 0.553397 2.190842 -1.567836
v 0.558129 2.180174 -1.726430
v 0.564655 2.231430 -1.582531
v 0.457052 2.204032 -1.731477
v 0.462937 2.255279 -1.587611
v 0.567449 2.107564 -1.911528
v 0.545803 2.131672 -1.848985
v 0.518195 2.113266 -1.928976
v 0.551627 2.148048 -1.815347
v 0.554178 2.071571 -1.900723
v 0.540773 2.108658 -1.804465
v 0.511672 2.076597 -1.915779
v 0.537558 2.101985 -1.838223
v 0.545803 2.131672 -1.848985
v 0.537558 2.101985 -1.838223
vn 0.9573 -0.2838 0.0551
vn -0.5651 -0.1392 0.8132
vn -0.9661 0.2265 0.1237
vn 0.0236 0.3336 -0.9424
vn 0.2542 0.9135 0.3176
vn -0.2111 -0.9119 -0.3519
vn -0.2533 -0.9024 -0.3486
vn -0.2321 -0.9075 -0.3502
vn 0.2096 0.9242 0.3193
vn 0.2309 0.9196 0.3177
vn 0.1458 0.3037 -0.9416
vn 0.0311 0.3336 -0.9422
vn 0.2333 0.9090 0.3454
vn -0.1751 0.8968 0.4063
vn -0.2364 -0.9160 -0.3242
vn 0.2316 0.9132 0.3353
vn -0.6110 -0.7635 -0.2091
vn 0.2092 0.9180 0.3370
vn -0.9153 0.1818 0.3594
vn -0.2341 -0.9133 -0.3334
vn -0.2605 -0.9109 -0.3200
vn -0.2561 -0.9081 -0.3314
vn 0.9276 -0.2910 0.2341
vn -0.2118 -0.9181 -0.3351
vn 0.2493 0.9047 0.3454
vn 0.2536 0.9081 0.3334
vn -0.9646 0.2155 0.1523
vn -0.9662 0.2519 0.0546
vn 0.9648 -0.2080 -0.1609
vn 0.9670 -0.2515 -0.0415
vn 0.7673 0.5142 0.3832
vn 0.2150 0.9120 0.3493
vn 0.4738 -0.8714 -0.1271
vn -0.2105 -0.9224 -0.3240
vn 0.5126 -0.4137 0.7524
vn -0.0339 -0.3336 0.9421
vn 0.9573 -0.2838 -0.0551
vn -0.5651 -0.1392 -0.8132
vn -0.9661 0.2265 -0.1237
vn 0.0236 0.3336 0.9424
vn 0.2542 0.9135 -0.3176
vn -0.2111 -0.9119 0.3519
vn -0.2533 -0.9024 0.3486
vn -0.2321 -0.9075 0.3501
vn 0.2096 0.9242 -0.3193
vn 0.2309 0.9196 -0.3177
vn 0.1458 0.3037 0.9416
vn 0.0311 0.3336 0.9422
vn 0.2333 0.9090 -0.3454
vn -0.1751 0.8968 -0.4063
vn -0.2364 -0.9160 0.3242
vn 0.2316 0.9132 -0.3353
vn -0.6110 -0.7636 0.2091
vn 0.2092 0.9180 -0.3370
vn -0.9153 0.1818 -0.3594
vn -0.2341 -0.9133 0.3334
vn -0.2605 -0.9109 0.3200
vn -0.2561 -0.9081 0.3314
vn 0.9277 -0.2910 -0.2341
vn -0.2118 -0.9181 0.3351
vn 0.2493 0.9047 -0.3454
vn 0.2536 0.9081 -0.3334
vn -0.9646 0.2155 -0.1523
vn -0.9662 0.2519 -0.0546
vn 0.9648 -0.2080 0.1609
vn 0.9670 -0.2515 0.0415
vn 0.7674 0.5141 -0.3832
vn 0.2150 0.9120 -0.3493
vn 0.4738 -0.8714 0.1271
vn -0.2105 -0.9224 0.3240
vn 0.5126 -0.4137 -0.7524
vn -0.0339 -0.3336 -0.9421
vt 0.375000 0.166667
vt 0.625000 0.166667
vt 0.625000 0.250000
vt 0.375000 0.250000
vt 0.375000 0.416667
vt 0.625000 0.416667
vt 0.625000 0.500000
vt 0.375000 0.500000
vt 0.375000 0.666667
vt 0.625000 0.666667
vt 0.625000 0.750000
vt 0.375000 0.750000
vt 0.375000 0.916667
vt 0.625000 0.916667
vt 0.625000 1.000000
vt 0.375000 1.000000
vt 0.291667 0.666667
vt 0.291667 0.750000
vt 0.791667 0.666667
vt 0.875000 0.666667
vt 0.875000 0.750000
vt 0.791667 0.750000
vt 0.708333 0.666667
vt 0.708333 0.750000
vt 0.125000 0.666667
vt 0.208333 0.666667
vt 0.208333 0.750000
vt 0.125000 0.750000
vt 0.625000 0.833333
vt 0.375000 0.833333
vt 0.208333 0.546522
vt 0.231642 0.500000
vt 0.291667 0.500000
vt 0.291667 0.583333
vt 0.208333 0.583333
vt 0.186707 0.500000
vt 0.398309 0.333333
vt 0.708333 0.500000
vt 0.771551 0.500000
vt 0.791667 0.545279
vt 0.791667 0.583333
vt 0.708333 0.583333
vt 0.625000 0.314670
vt 0.604884 0.333333
vt 0.125000 0.583333
vt 0.375000 0.311707
vt 0.625000 0.583333
vt 0.375000 0.356642
vt 0.625000 0.353449
vt 0.875000 0.583333
vt 0.375000 0.583333
vt 0.375000 0.000000
vt 0.625000 0.000000
vt 0.625000 0.083333
vt 0.375000 0.083333
vt 0.125000 0.500000
vt 0.810330 0.500000
vt 0.875000 0.500000
s 0
f 2199/1651/1933 2187/1654/1933 2188/1653/1933 2202/1652/1933
f 2193/1655/1934 2191/1658/1934 2192/1657/1934 2194/1656/1934
f 2203/1659/1935 2189/1662/1935 2190/1661/1935 2206/1660/1935
f 2195/1663/1936 2185/1666/1936 2186/1665/1936 2198/1664/1936
f 2214/1667/1937 2196/1668/1937 2189/1662/1937 2203/1659/1937
f 2210/1669/1938 2198/1672/1938 2186/1671/1938 2201/1670/1938
f 2206/1660/1939 2190/1661/1939 2197/1674/1939 2208/1673/1939
f 2208/1673/1940 2197/1674/1940 2198/1672/1940 2210/1669/1940
f 2200/1675/1941 2185/1678/1941 2195/1677/1941 2212/1676/1941
f 2212/1676/1942 2195/1677/1942 2196/1668/1942 2214/1667/1942
f 2189/1662/1943 2196/1680/1943 2197/1679/1943 2190/1661/1943
f 2196/1680/1944 2195/1663/1944 2198/1664/1944 2197/1679/1944
f 2218/1681/1945 2211/1685/1945 2213/1684/1945 2193/1683/1945 2217/1682/1945
f 2215/1686/1946 2218/1681/1946 2216/1687/1946
f 2194/1688/1947 2207/1692/1947 2209/1691/1947 2220/1690/1947 2221/1689/1947
f 2211/1685/1948 2212/1676/1948 2214/1667/1948 2213/1684/1948
f 2219/1693/1949 2222/1694/1949 2220/1690/1949
f 2199/1695/1950 2200/1675/1950 2212/1676/1950 2211/1685/1950
f 2215/1696/1951 2216/1687/1951 2222/1694/1951 2219/1693/1951
f 2207/1692/1952 2208/1673/1952 2210/1669/1952 2209/1691/1952
f 2192/1657/1953 2205/1697/1953 2207/1692/1953 2194/1688/1953
f 2205/1697/1954 2206/1660/1954 2208/1673/1954 2207/1692/1954
f 2217/1698/1955 2221/1699/1955 2222/1694/1955 2216/1687/1955
f 2209/1691/1956 2210/1669/1956 2201/1670/1956 2202/1700/1956
f 2193/1683/1957 2213/1684/1957 2204/1701/1957 2191/1658/1957
f 2213/1684/1958 2214/1667/1958 2203/1659/1958 2204/1701/1958
f 2191/1658/1959 2204/1701/1959 2205/1697/1959 2192/1657/1959
f 2204/1701/1960 2203/1659/1960 2206/1660/1960 2205/1697/1960
f 2185/1702/1961 2200/1705/1961 2201/1704/1961 2186/1703/1961
f 2200/1705/1962 2199/1651/1962 2202/1652/1962 2201/1704/1962
f 2216/1687/1963 2218/1681/1963 2217/1698/1963
f 2187/1706/1964 2199/1695/1964 2211/1685/1964 2218/1681/1964 2215/1686/1964
f 2220/1690/1965 2222/1694/1965 2221/1689/1965
f 2220/1690/1966 2209/1691/1966 2202/1700/1966 2188/1708/1966 2219/1707/1966
f 2187/1654/1967 2215/1696/1967 2219/1693/1967 2188/1653/1967
f 2193/1655/1968 2194/1656/1968 2221/1699/1968 2217/1698/1968
f 2239/1651/1969 2242/1652/1969 2228/1653/1969 2227/1654/1969
f 2233/1655/1970 2234/1656/1970 2232/1657/1970 2231/1658/1970
f 2243/1659/1971 2246/1660/1971 2230/1661/1971 2229/1662/1971
f 2235/1663/1972 2238/1664/1972 2226/1665/1972 2225/1666/1972
f 2254/1667/1973 2243/1659/1973 2229/1662/1973 2236/1668/1973
f 2250/1669/1974 2241/1670/1974 2226/1671/1974 2238/1672/1974
f 2246/1660/1975 2248/1673/1975 2237/1674/1975 2230/1661/1975
f 2248/1673/1976 2250/1669/1976 2238/1672/1976 2237/1674/1976
f 2240/1675/1977 2252/1676/1977 2235/1677/1977 2225/1678/1977
f 2252/1676/1978 2254/1667/1978 2236/1668/1978 2235/1677/1978
f 2229/1662/1979 2230/1661/1979 2237/1679/1979 2236/1680/1979
f 2236/1680/1980 2237/1679/1980 2238/1664/1980 2235/1663/1980
f 2258/1681/1981 2257/1682/1981 2233/1683/1981 2253/1684/1981 2251/1685/1981
f 2255/1686/1982 2256/1687/1982 2258/1681/1982
f 2234/1688/1983 2261/1689/1983 2260/1690/1983 2249/1691/1983 2247/1692/1983
f 2251/1685/1984 2253/1684/1984 2254/1667/1984 2252/1676/1984
f 2259/1693/1985 2260/1690/1985 2262/1694/1985
f 2239/1695/1986 2251/1685/1986 2252/1676/1986 2240/1675/1986
f 2255/1696/1987 2259/1693/1987 2262/1694/1987 2256/1687/1987
f 2247/1692/1988 2249/1691/1988 2250/1669/1988 2248/1673/1988
f 2232/1657/1989 2234/1688/1989 2247/1692/1989 2245/1697/1989
f 2245/1697/1990 2247/1692/1990 2248/1673/1990 2246/1660/1990
f 2257/1698/1991 2256/1687/1991 2262/1694/1991 2261/1699/1991
f 2249/1691/1992 2242/1700/1992 2241/1670/1992 2250/1669/1992
f 2233/1683/1993 2231/1658/1993 2244/1701/1993 2253/1684/1993
f 2253/1684/1994 2244/1701/1994 2243/1659/1994 2254/1667/1994
f 2231/1658/1995 2232/1657/1995 2245/1697/1995 2244/1701/1995
f 2244/1701/1996 2245/1697/1996 2246/1660/1996 2243/1659/1996
f 2225/1702/1997 2226/1703/1997 2241/1704/1997 2240/1705/1997
f 2240/1705/1998 2241/1704/1998 2242/1652/1998 2239/1651/1998
f 2256/1687/1999 2257/1698/1999 2258/1681/1999
f 2227/1706/2000 2255/1686/2000 2258/1681/2000 2251/1685/2000 2239/1695/2000
f 2260/1690/2001 2261/1689/2001 2262/1694/2001
f 2260/1690/2002 2259/1707/2002 2228/1708/2002 2242/1700/2002 2249/1691/2002
f 2227/1654/2003 2228/1653/2003 2259/1693/2003 2255/1696/2003
f 2233/1655/2004 2257/1698/2004 2261/1699/2004 2234/1656/2004
l 2223 2224
l 2263 2264
o tile2.012
v 0.922165 2.162289 0.260537
v 0.912770 2.126358 0.249712
v 0.939779 2.310687 -0.187650
v 0.930384 2.274736 -0.198475
v 0.651869 2.202748 0.284462
v 0.642474 2.167321 0.273637
v 0.646428 2.339176 -0.151106
v 0.637033 2.303762 -0.161931
v 0.736527 2.323898 -0.159081
v 0.826625 2.310450 -0.167056
v 0.817230 2.274655 -0.177881
v 0.727131 2.288275 -0.169906
v 0.832945 2.152260 0.338801
v 0.742846 2.165594 0.346775
v 0.733450 2.129957 0.335950
v 0.823549 2.116454 0.327975
v 0.934496 2.250751 -0.030331
v 0.936310 2.205375 0.114858
v 0.926915 2.169428 0.104033
v 0.925101 2.214806 -0.041156
v 0.630222 2.252521 0.138841
v 0.628408 2.298007 -0.006348
v 0.619013 2.262636 -0.017173
v 0.620826 2.217146 0.128016
v 0.728945 2.242834 -0.024717
v 0.730759 2.197394 0.120473
v 0.819044 2.229248 -0.032692
v 0.820857 2.183841 0.112498
v 0.828439 2.265046 -0.021866
v 0.830253 2.219643 0.123323
v 0.738340 2.278461 -0.013892
v 0.740154 2.233025 0.131298
v 0.922165 2.162289 -1.817986
v 0.912770 2.126358 -1.807161
v 0.939779 2.310687 -1.369799
v 0.930384 2.274736 -1.358974
v 0.651869 2.202748 -1.841910
v 0.642474 2.167321 -1.831085
v 0.646428 2.339177 -1.406343
v 0.637033 2.303762 -1.395517
v 0.736527 2.323898 -1.398368
v 0.826625 2.310450 -1.390393
v 0.817230 2.274655 -1.379568
v 0.727131 2.288275 -1.387542
v 0.832945 2.152260 -1.896249
v 0.742846 2.165595 -1.904225
v 0.733450 2.129958 -1.893399
v 0.823549 2.116453 -1.885424
v 0.934496 2.250751 -1.527118
v 0.936310 2.205375 -1.672307
v 0.926914 2.169428 -1.661481
v 0.925101 2.214806 -1.516293
v 0.630222 2.252522 -1.696290
v 0.628408 2.298007 -1.551101
v 0.619013 2.262636 -1.540276
v 0.620826 2.217146 -1.685465
v 0.728945 2.242834 -1.532732
v 0.730759 2.197394 -1.677921
v 0.819044 2.229248 -1.524757
v 0.820857 2.183841 -1.669947
v 0.828439 2.265046 -1.535582
v 0.830253 2.219643 -1.680771
v 0.738340 2.278461 -1.543557
v 0.740154 2.233025 -1.688746
vn 0.9700 -0.2362 -0.0574
vn -0.0333 0.2994 -0.9535
vn -0.9593 0.1910 0.2079
vn 0.6355 -0.3708 0.6772
vn 0.1850 0.9383 0.2921
vn -0.1521 -0.9438 -0.2935
vn -0.1871 -0.9380 -0.2920
vn -0.1673 -0.9415 -0.2925
vn 0.1509 0.9440 0.2935
vn 0.1655 0.9418 0.2926
vn -0.5875 -0.0896 0.8042
vn 0.0398 -0.2994 0.9533
vn -0.1698 0.3252 -0.9303
vn -0.0394 0.2994 -0.9533
vn 0.1663 0.9417 0.2925
vn 0.1659 0.9417 0.2925
vn 0.1037 0.9389 0.3281
vn 0.1505 0.9441 0.2933
vn -0.1680 -0.9414 -0.2924
vn -0.1677 -0.9415 -0.2924
vn -0.1881 -0.9382 -0.2906
vn -0.1887 -0.9378 -0.2913
vn -0.1050 -0.9388 -0.3281
vn -0.1518 -0.9439 -0.2932
vn 0.1860 0.9386 0.2907
vn 0.1866 0.9382 0.2914
vn -0.9622 0.2687 -0.0434
vn -0.9691 0.2315 0.0846
vn 0.9660 -0.2578 0.0176
vn 0.9700 -0.2284 -0.0835
vn 0.9700 -0.2362 0.0574
vn -0.0333 0.2994 0.9535
vn -0.9593 0.1910 -0.2079
vn 0.6355 -0.3708 -0.6772
vn 0.1849 0.9383 -0.2921
vn -0.1521 -0.9438 0.2935
vn -0.1871 -0.9380 0.2920
vn -0.1673 -0.9415 0.2925
vn 0.1509 0.9440 -0.2935
vn 0.1655 0.9418 -0.2926
vn -0.5876 -0.0897 -0.8042
vn 0.0398 -0.2994 -0.9533
vn -0.1698 0.3252 0.9303
vn -0.0394 0.2994 0.9533
vn 0.1663 0.9417 -0.2925
vn 0.1659 0.9417 -0.2925
vn 0.1037 0.9389 -0.3281
vn 0.1505 0.9441 -0.2933
vn -0.1680 -0.9414 0.2924
vn -0.1677 -0.9415 0.2924
vn -0.1881 -0.9382 0.2906
vn -0.1887 -0.9378 0.2913
vn -0.1050 -0.9388 0.3281
vn -0.1518 -0.9439 0.2932
vn 0.1860 0.9386 -0.2907
vn 0.1866 0.9382 -0.2914
vn -0.9622 0.2687 0.0434
vn -0.9691 0.2315 -0.0846
vn 0.9660 -0.2578 -0.0176
vn 0.9700 -0.2284 0.0835
vt 0.375000 0.166667
vt 0.625000 0.166667
vt 0.625000 0.250000
vt 0.375000 0.250000
vt 0.375000 0.416667
vt 0.625000 0.416667
vt 0.625000 0.500000
vt 0.375000 0.500000
vt 0.375000 0.666667
vt 0.625000 0.666667
vt 0.625000 0.750000
vt 0.375000 0.750000
vt 0.375000 0.916667
vt 0.625000 0.916667
vt 0.625000 1.000000
vt 0.375000 1.000000
vt 0.291667 0.666667
vt 0.291667 0.750000
vt 0.791667 0.666667
vt 0.875000 0.666667
vt 0.875000 0.750000
vt 0.791667 0.750000
vt 0.708333 0.666667
vt 0.708333 0.750000
vt 0.125000 0.666667
vt 0.208333 0.666667
vt 0.208333 0.750000
vt 0.125000 0.750000
vt 0.625000 0.833333
vt 0.375000 0.833333
vt 0.625000 0.333333
vt 0.375000 0.333333
vt 0.208333 0.500000
vt 0.291667 0.500000
vt 0.291667 0.583333
vt 0.208333 0.583333
vt 0.125000 0.500000
vt 0.125000 0.583333
vt 0.708333 0.500000
vt 0.791667 0.500000
vt 0.791667 0.583333
vt 0.708333 0.583333
vt 0.625000 0.583333
vt 0.875000 0.500000
vt 0.875000 0.583333
vt 0.375000 0.583333
vt 0.375000 0.000000
vt 0.625000 0.000000
vt 0.625000 0.083333
vt 0.375000 0.083333
s 0
f 2281/1709/2005 2284/1710/2005 2268/1711/2005 2267/1712/2005
f 2273/1713/2006 2276/1714/2006 2272/1715/2006 2271/1716/2006
f 2285/1717/2007 2288/1718/2007 2270/1719/2007 2269/1720/2007
f 2277/1721/2008 2280/1722/2008 2266/1723/2008 2265/1724/2008
f 2296/1725/2009 2285/1717/2009 2269/1720/2009 2278/1726/2009
f 2292/1727/2010 2283/1728/2010 2266/1729/2010 2280/1730/2010
f 2288/1718/2011 2290/1731/2011 2279/1732/2011 2270/1719/2011
f 2290/1731/2012 2292/1727/2012 2280/1730/2012 2279/1732/2012
f 2282/1733/2013 2294/1734/2013 2277/1735/2013 2265/1736/2013
f 2294/1734/2014 2296/1725/2014 2278/1726/2014 2277/1735/2014
f 2269/1720/2015 2270/1719/2015 2279/1737/2015 2278/1738/2015
f 2278/1738/2016 2279/1737/2016 2280/1722/2016 2277/1721/2016
f 2267/1712/2017 2268/1711/2017 2275/1739/2017 2274/1740/2017
f 2274/1740/2018 2275/1739/2018 2276/1714/2018 2273/1713/2018
f 2274/1741/2019 2273/1742/2019 2295/1743/2019 2293/1744/2019
f 2293/1744/2020 2295/1743/2020 2296/1725/2020 2294/1734/2020
f 2267/1745/2021 2274/1741/2021 2293/1744/2021 2281/1746/2021
f 2281/1746/2022 2293/1744/2022 2294/1734/2022 2282/1733/2022
f 2276/1747/2023 2275/1748/2023 2291/1749/2023 2289/1750/2023
f 2289/1750/2024 2291/1749/2024 2292/1727/2024 2290/1731/2024
f 2272/1715/2025 2276/1747/2025 2289/1750/2025 2287/1751/2025
f 2287/1751/2026 2289/1750/2026 2290/1731/2026 2288/1718/2026
f 2275/1748/2027 2268/1752/2027 2284/1753/2027 2291/1749/2027
f 2291/1749/2028 2284/1753/2028 2283/1728/2028 2292/1727/2028
f 2273/1742/2029 2271/1716/2029 2286/1754/2029 2295/1743/2029
f 2295/1743/2030 2286/1754/2030 2285/1717/2030 2296/1725/2030
f 2271/1716/2031 2272/1715/2031 2287/1751/2031 2286/1754/2031
f 2286/1754/2032 2287/1751/2032 2288/1718/2032 2285/1717/2032
f 2265/1755/2033 2266/1756/2033 2283/1757/2033 2282/1758/2033
f 2282/1758/2034 2283/1757/2034 2284/1710/2034 2281/1709/2034
f 2313/1709/2035 2299/1712/2035 2300/1711/2035 2316/1710/2035
f 2305/1713/2036 2303/1716/2036 2304/1715/2036 2308/1714/2036
f 2317/1717/2037 2301/1720/2037 2302/1719/2037 2320/1718/2037
f 2309/1721/2038 2297/1724/2038 2298/1723/2038 2312/1722/2038
f 2328/1725/2039 2310/1726/2039 2301/1720/2039 2317/1717/2039
f 2324/1727/2040 2312/1730/2040 2298/1729/2040 2315/1728/2040
f 2320/1718/2041 2302/1719/2041 2311/1732/2041 2322/1731/2041
f 2322/1731/2042 2311/1732/2042 2312/1730/2042 2324/1727/2042
f 2314/1733/2043 2297/1736/2043 2309/1735/2043 2326/1734/2043
f 2326/1734/2044 2309/1735/2044 2310/1726/2044 2328/1725/2044
f 2301/1720/2045 2310/1738/2045 2311/1737/2045 2302/1719/2045
f 2310/1738/2046 2309/1721/2046 2312/1722/2046 2311/1737/2046
f 2299/1712/2047 2306/1740/2047 2307/1739/2047 2300/1711/2047
f 2306/1740/2048 2305/1713/2048 2308/1714/2048 2307/1739/2048
f 2306/1741/2049 2325/1744/2049 2327/1743/2049 2305/1742/2049
f 2325/1744/2050 2326/1734/2050 2328/1725/2050 2327/1743/2050
f 2299/1745/2051 2313/1746/2051 2325/1744/2051 2306/1741/2051
f 2313/1746/2052 2314/1733/2052 2326/1734/2052 2325/1744/2052
f 2308/1747/2053 2321/1750/2053 2323/1749/2053 2307/1748/2053
f 2321/1750/2054 2322/1731/2054 2324/1727/2054 2323/1749/2054
f 2304/1715/2055 2319/1751/2055 2321/1750/2055 2308/1747/2055
f 2319/1751/2056 2320/1718/2056 2322/1731/2056 2321/1750/2056
f 2307/1748/2057 2323/1749/2057 2316/1753/2057 2300/1752/2057
f 2323/1749/2058 2324/1727/2058 2315/1728/2058 2316/1753/2058
f 2305/1742/2059 2327/1743/2059 2318/1754/2059 2303/1716/2059
f 2327/1743/2060 2328/1725/2060 2317/1717/2060 2318/1754/2060
f 2303/1716/2061 2318/1754/2061 2319/1751/2061 2304/1715/2061
f 2318/1754/2062 2317/1717/2062 2320/1718/2062 2319/1751/2062
f 2297/1755/2063 2314/1758/2063 2315/1757/2063 2298/1756/2063
f 2314/1758/2064 2313/1709/2064 2316/1710/2064 2315/1757/2064
o tile2.013
v 1.180290 2.194568 0.260537
v 1.170894 2.158514 0.249712
v 1.197904 2.343163 -0.187650
v 1.188508 2.307113 -0.198475
v 0.909994 2.226330 0.284462
v 0.900598 2.190414 0.273637
v 0.904553 2.362476 -0.151106
v 0.895157 2.326567 -0.161931
v 0.994652 2.351350 -0.159081
v 1.084750 2.340874 -0.167056
v 1.075355 2.304824 -0.177881
v 0.985256 2.315348 -0.169906
v 1.091069 2.182848 0.338801
v 1.000971 2.193293 0.346775
v 0.991575 2.157287 0.335950
v 1.081674 2.146796 0.327975
v 1.192621 2.283172 -0.030331
v 1.194435 2.237816 0.114858
v 1.185039 2.201765 0.104033
v 1.183226 2.247121 -0.041156
v 0.888347 2.274959 0.138841
v 0.886533 2.320346 -0.006348
v 0.877137 2.284460 -0.017173
v 0.878951 2.239071 0.128016
v 0.987070 2.269982 -0.024717
v 0.988883 2.224615 0.120473
v 1.077168 2.259467 -0.032692
v 1.078982 2.214110 0.112498
v 1.086564 2.295518 -0.021866
v 1.088378 2.250162 0.123323
v 0.996465 2.305984 -0.013892
v 0.998279 2.260620 0.131298
v 1.180290 2.194568 -1.817986
v 1.170895 2.158514 -1.807160
v 1.197904 2.343163 -1.369799
v 1.188508 2.307113 -1.358974
v 0.909994 2.226330 -1.841910
v 0.900598 2.190414 -1.831085
v 0.904553 2.362476 -1.406342
v 0.895157 2.326567 -1.395517
v 0.994652 2.351350 -1.398368
v 1.084750 2.340874 -1.390393
v 1.075355 2.304824 -1.379568
v 0.985256 2.315348 -1.387543
v 1.091069 2.182847 -1.896249
v 1.000971 2.193294 -1.904224
v 0.991575 2.157287 -1.893399
v 1.081674 2.146796 -1.885424
v 1.192621 2.283173 -1.527117
v 1.194435 2.237816 -1.672306
v 1.185039 2.201765 -1.661482
v 1.183226 2.247121 -1.516292
v 0.888347 2.274960 -1.696290
v 0.886533 2.320346 -1.551100
v 0.877137 2.284460 -1.540275
v 0.878951 2.239071 -1.685465
v 0.987070 2.269982 -1.532732
v 0.988883 2.224615 -1.677921
v 1.077168 2.259467 -1.524757
v 1.078982 2.214111 -1.669946
v 1.086564 2.295518 -1.535582
v 1.088377 2.250162 -1.680772
v 0.996465 2.305984 -1.543557
v 0.998279 2.260620 -1.688746
vn 0.9702 -0.2356 -0.0573
vn -0.0472 0.2993 -0.9530
vn -0.9601 0.1892 0.2059
vn 0.6398 -0.3691 0.6741
vn 0.1428 0.9451 0.2939
vn -0.1336 -0.9464 -0.2940
vn -0.1437 -0.9450 -0.2938
vn -0.1362 -0.9461 -0.2939
vn 0.1336 0.9464 0.2940
vn 0.1358 0.9461 0.2939
vn -0.5848 -0.0899 0.8062
vn 0.0496 -0.2992 0.9529
vn -0.1757 0.3248 -0.9293
vn -0.0495 0.2992 -0.9529
vn 0.1360 0.9461 0.2939
vn 0.1359 0.9461 0.2939
vn 0.0867 0.9405 0.3285
vn -0.1365 -0.9461 -0.2939
vn -0.1364 -0.9461 -0.2939
vn -0.1442 -0.9451 -0.2932
vn -0.1445 -0.9450 -0.2935
vn -0.0867 -0.9405 -0.3285
vn 0.1432 0.9453 0.2932
vn 0.1435 0.9451 0.2936
vn -0.9633 0.2650 -0.0428
vn -0.9699 0.2287 0.0836
vn 0.9662 -0.2571 0.0175
vn 0.9701 -0.2278 -0.0833
vn 0.9702 -0.2356 0.0573
vn -0.0472 0.2993 0.9530
vn -0.9601 0.1892 -0.2059
vn 0.6398 -0.3691 -0.6741
vn 0.1428 0.9451 -0.2939
vn -0.1336 -0.9464 0.2940
vn -0.1437 -0.9450 0.2938
vn -0.1362 -0.9461 0.2939
vn 0.1336 0.9464 -0.2940
vn 0.1358 0.9461 -0.2939
vn -0.5848 -0.0899 -0.8062
vn 0.0496 -0.2992 -0.9529
vn -0.1757 0.3248 0.9293
vn -0.0495 0.2992 0.9529
vn 0.1360 0.9461 -0.2939
vn 0.1359 0.9461 -0.2939
vn 0.0867 0.9405 -0.3285
vn -0.1365 -0.9461 0.2939
vn -0.1364 -0.9461 0.2939
vn -0.1442 -0.9451 0.2932
vn -0.1445 -0.9450 0.2935
vn -0.0867 -0.9405 0.3285
vn 0.1432 0.9453 -0.2932
vn 0.1435 0.9451 -0.2936
vn -0.9633 0.2650 0.0428
vn -0.9699 0.2287 -0.0836
vn 0.9662 -0.2571 -0.0175
vn 0.9701 -0.2278 0.0833
vt 0.375000 0.166667
vt 0.625000 0.166667
vt 0.625000 0.250000
vt 0.375000 0.250000
vt 0.375000 0.416667
vt 0.625000 0.416667
vt 0.625000 0.500000
vt 0.375000 0.500000
vt 0.375000 0.666667
vt 0.625000 0.666667
vt 0.625000 0.750000
vt 0.375000 0.750000
vt 0.375000 0.916667
vt 0.625000 0.916667
vt 0.625000 1.000000
vt 0.375000 1.000000
vt 0.291667 0.666667
vt 0.291667 0.750000
vt 0.791667 0.666667
vt 0.875000 0.666667
vt 0.875000 0.750000
vt 0.791667 0.750000
vt 0.708333 0.666667
vt 0.708333 0.750000
vt 0.125000 0.666667
vt 0.208333 0.666667
vt 0.208333 0.750000
vt 0.125000 0.750000
vt 0.625000 0.833333
vt 0.375000 0.833333
vt 0.625000 0.333333
vt 0.375000 0.333333
vt 0.208333 0.500000
vt 0.291667 0.500000
vt 0.291667 0.583333
vt 0.208333 0.583333
vt 0.125000 0.500000
vt 0.125000 0.583333
vt 0.708333 0.500000
vt 0.791667 0.500000
vt 0.791667 0.583333
vt 0.708333 0.583333
vt 0.625000 0.583333
vt 0.875000 0.500000
vt 0.875000 0.583333
vt 0.375000 0.583333
vt 0.375000 0.000000
vt 0.625000 0.000000
vt 0.625000 0.083333
vt 0.375000 0.083333
s 0
f 2345/1759/2065 2348/1760/2065 2332/1761/2065 2331/1762/2065
f 2337/1763/2066 2340/1764/2066 2336/1765/2066 2335/1766/2066
f 2349/1767/2067 2352/1768/2067 2334/1769/2067 2333/1770/2067
f 2341/1771/2068 2344/1772/2068 2330/1773/2068 2329/1774/2068
f 2360/1775/2069 2349/1767/2069 2333/1770/2069 2342/1776/2069
f 2356/1777/2070 2347/1778/2070 2330/1779/2070 2344/1780/2070
f 2352/1768/2071 2354/1781/2071 2343/1782/2071 2334/1769/2071
f 2354/1781/2072 2356/1777/2072 2344/1780/2072 2343/1782/2072
f 2346/1783/2073 2358/1784/2073 2341/1785/2073 2329/1786/2073
f 2358/1784/2074 2360/1775/2074 2342/1776/2074 2341/1785/2074
f 2333/1770/2075 2334/1769/2075 2343/1787/2075 2342/1788/2075
f 2342/1788/2076 2343/1787/2076 2344/1772/2076 2341/1771/2076
f 2331/1762/2077 2332/1761/2077 2339/1789/2077 2338/1790/2077
f 2338/1790/2078 2339/1789/2078 2340/1764/2078 2337/1763/2078
f 2338/1791/2079 2337/1792/2079 2359/1793/2079 2357/1794/2079
f 2357/1794/2080 2359/1793/2080 2360/1775/2080 2358/1784/2080
f 2331/1795/2081 2338/1791/2081 2357/1794/2081 2345/1796/2081
f 2345/1796/2073 2357/1794/2073 2358/1784/2073 2346/1783/2073
f 2340/1797/2082 2339/1798/2082 2355/1799/2082 2353/1800/2082
f 2353/1800/2083 2355/1799/2083 2356/1777/2083 2354/1781/2083
f 2336/1765/2084 2340/1797/2084 2353/1800/2084 2351/1801/2084
f 2351/1801/2085 2353/1800/2085 2354/1781/2085 2352/1768/2085
f 2339/1798/2086 2332/1802/2086 2348/1803/2086 2355/1799/2086
f 2355/1799/2070 2348/1803/2070 2347/1778/2070 2356/1777/2070
f 2337/1792/2087 2335/1766/2087 2350/1804/2087 2359/1793/2087
f 2359/1793/2088 2350/1804/2088 2349/1767/2088 2360/1775/2088
f 2335/1766/2089 2336/1765/2089 2351/1801/2089 2350/1804/2089
f 2350/1804/2090 2351/1801/2090 2352/1768/2090 2349/1767/2090
f 2329/1805/2091 2330/1806/2091 2347/1807/2091 2346/1808/2091
f 2346/1808/2092 2347/1807/2092 2348/1760/2092 2345/1759/2092
f 2377/1759/2093 2363/1762/2093 2364/1761/2093 2380/1760/2093
f 2369/1763/2094 2367/1766/2094 2368/1765/2094 2372/1764/2094
f 2381/1767/2095 2365/1770/2095 2366/1769/2095 2384/1768/2095
f 2373/1771/2096 2361/1774/2096 2362/1773/2096 2376/1772/2096
f 2392/1775/2097 2374/1776/2097 2365/1770/2097 2381/1767/2097
f 2388/1777/2098 2376/1780/2098 2362/1779/2098 2379/1778/2098
f 2384/1768/2099 2366/1769/2099 2375/1782/2099 2386/1781/2099
f 2386/1781/2100 2375/1782/2100 2376/1780/2100 2388/1777/2100
f 2378/1783/2101 2361/1786/2101 2373/1785/2101 2390/1784/2101
f 2390/1784/2102 2373/1785/2102 2374/1776/2102 2392/1775/2102
f 2365/1770/2103 2374/1788/2103 2375/1787/2103 2366/1769/2103
f 2374/1788/2104 2373/1771/2104 2376/1772/2104 2375/1787/2104
f 2363/1762/2105 2370/1790/2105 2371/1789/2105 2364/1761/2105
f 2370/1790/2106 2369/1763/2106 2372/1764/2106 2371/1789/2106
f 2370/1791/2107 2389/1794/2107 2391/1793/2107 2369/1792/2107
f 2389/1794/2108 2390/1784/2108 2392/1775/2108 2391/1793/2108
f 2363/1795/2109 2377/1796/2109 2389/1794/2109 2370/1791/2109
f 2377/1796/2101 2378/1783/2101 2390/1784/2101 2389/1794/2101
f 2372/1797/2110 2385/1800/2110 2387/1799/2110 2371/1798/2110
f 2385/1800/2111 2386/1781/2111 2388/1777/2111 2387/1799/2111
f 2368/1765/2112 2383/1801/2112 2385/1800/2112 2372/1797/2112
f 2383/1801/2113 2384/1768/2113 2386/1781/2113 2385/1800/2113
f 2371/1798/2114 2387/1799/2114 2380/1803/2114 2364/1802/2114
f 2387/1799/2098 2388/1777/2098 2379/1778/2098 2380/1803/2098
f 2369/1792/2115 2391/1793/2115 2382/1804/2115 2367/1766/2115
f 2391/1793/2116 2392/1775/2116 2381/1767/2116 2382/1804/2116
f 2367/1766/2117 2382/1804/2117 2383/1801/2117 2368/1765/2117
f 2382/1804/2118 2381/1767/2118 2384/1768/2118 2383/1801/2118
f 2361/1805/2119 2378/1808/2119 2379/1807/2119 2362/1806/2119
f 2378/1808/2120 2377/1759/2120 2380/1760/2120 2379/1807/2120
o tile1.015
v 1.493579 2.394476 -0.137541
v 1.483662 2.358089 -0.150486
v 1.475924 2.239678 0.294242
v 1.465947 2.203048 0.281218
v 1.194252 2.442672 -0.135552
v 1.184336 2.406039 -0.148497
v 1.205475 2.278821 0.307747
v 1.195497 2.241968 0.294723
v 1.293144 2.245650 0.361121
v 1.283166 2.208848 0.348097
v 1.403978 2.408329 -0.133067
v 1.314377 2.421391 -0.128592
v 1.304461 2.384830 -0.141537
v 1.394061 2.371847 -0.146012
v 1.499089 2.290884 0.150284
v 1.506255 2.342440 0.006355
v 1.494998 2.301147 -0.008341
v 1.487902 2.249843 0.135682
v 1.201102 2.387003 0.021593
v 1.195858 2.335001 0.165427
v 1.184671 2.293677 0.150824
v 1.189844 2.345418 0.006898
v 1.285748 2.279884 0.145777
v 1.291562 2.331506 0.001818
v 1.386825 2.265349 0.140729
v 1.393280 2.316825 -0.003261
v 1.398012 2.306511 0.155332
v 1.404538 2.358241 0.011434
v 1.296935 2.321143 0.160380
v 1.302820 2.373022 0.016514
v 1.407332 2.234575 0.340431
v 1.385686 2.257072 0.277887
v 1.358078 2.236374 0.357878
v 1.391510 2.273896 0.244249
v 1.394061 2.197613 0.329625
v 1.380656 2.233659 0.233368
v 1.351555 2.199125 0.344682
v 1.377442 2.226728 0.267125
v 1.385686 2.257072 0.277887
v 1.377442 2.226728 0.267125
v 1.493579 2.394476 -1.419907
v 1.483662 2.358089 -1.406963
v 1.475924 2.239678 -1.851690
v 1.465946 2.203048 -1.838666
v 1.194252 2.442672 -1.421897
v 1.184336 2.406039 -1.408951
v 1.205475 2.278821 -1.865196
v 1.195497 2.241967 -1.852172
v 1.293144 2.245650 -1.918570
v 1.283166 2.208848 -1.905545
v 1.403978 2.408329 -1.424382
v 1.314377 2.421391 -1.428856
v 1.304461 2.384830 -1.415912
v 1.394061 2.371847 -1.411437
v 1.499089 2.290884 -1.707733
v 1.506255 2.342440 -1.563803
v 1.494998 2.301148 -1.549108
v 1.487902 2.249843 -1.693130
v 1.201102 2.387003 -1.579042
v 1.195858 2.335002 -1.722876
v 1.184671 2.293677 -1.708272
v 1.189844 2.345418 -1.564346
v 1.285748 2.279884 -1.703225
v 1.291562 2.331506 -1.559267
v 1.386825 2.265349 -1.698178
v 1.393280 2.316825 -1.554187
v 1.398012 2.306511 -1.712780
v 1.404538 2.358241 -1.568883
v 1.296935 2.321143 -1.717828
v 1.302820 2.373021 -1.573962
v 1.407332 2.234575 -1.897880
v 1.385686 2.257072 -1.835335
v 1.358078 2.236374 -1.915327
v 1.391510 2.273896 -1.801697
v 1.394061 2.197613 -1.887073
v 1.380656 2.233659 -1.790816
v 1.351555 2.199125 -1.902130
v 1.377442 2.226728 -1.824574
v 1.385686 2.257072 -1.835335
v 1.377442 2.226728 -1.824574
vn 0.9583 -0.2805 0.0544
vn -0.5531 -0.1406 0.8212
vn -0.9682 0.2197 0.1200
vn 0.0043 0.3337 -0.9427
vn 0.1458 0.9347 0.3240
vn -0.1595 -0.9208 -0.3560
vn -0.1432 -0.9235 -0.3558
vn -0.1511 -0.9220 -0.3564
vn 0.1607 0.9327 0.3229
vn 0.1521 0.9340 0.3233
vn 0.1088 0.3052 -0.9461
vn 0.0014 0.3337 -0.9427
vn 0.1508 0.9245 0.3502
vn -0.2392 0.8843 0.4009
vn -0.1500 -0.9323 -0.3290
vn 0.1516 0.9279 0.3406
vn -0.5711 -0.7917 -0.2169
vn 0.1606 0.9266 0.3401
vn -0.9175 0.1796 0.3549
vn -0.1507 -0.9287 -0.3389
vn -0.1481 -0.9332 -0.3273
vn -0.1439 -0.9296 -0.3393
vn 0.9309 -0.2845 0.2289
vn -0.1595 -0.9274 -0.3384
vn 0.1402 0.9252 0.3527
vn 0.1445 0.9289 0.3410
vn -0.9666 0.2094 0.1480
vn -0.9685 0.2435 0.0527
vn 0.9654 -0.2063 -0.1597
vn 0.9676 -0.2492 -0.0411
vn 0.7479 0.5328 0.3960
vn 0.1634 0.9217 0.3517
vn 0.5298 -0.8393 -0.1219
vn -0.1546 -0.9325 -0.3263
vn 0.5308 -0.4082 0.7427
vn -0.0005 -0.3337 0.9427
vn 0.9583 -0.2805 -0.0544
vn -0.5531 -0.1406 -0.8212
vn -0.9682 0.2197 -0.1200
vn 0.0043 0.3337 0.9427
vn 0.1458 0.9347 -0.3240
vn -0.1595 -0.9208 0.3560
vn -0.1432 -0.9235 0.3558
vn -0.1511 -0.9220 0.3564
vn 0.1607 0.9327 -0.3229
vn 0.1521 0.9340 -0.3233
vn 0.1088 0.3052 0.9461
vn 0.0014 0.3337 0.9427
vn 0.1508 0.9245 -0.3502
vn -0.2392 0.8843 -0.4009
vn -0.1500 -0.9323 0.3290
vn 0.1516 0.9279 -0.3406
vn -0.5711 -0.7917 0.2169
vn 0.1606 0.9266 -0.3401
vn -0.9175 0.1796 -0.3549
vn -0.1507 -0.9287 0.3389
vn -0.1481 -0.9332 0.3273
vn -0.1439 -0.9296 0.3393
vn 0.9309 -0.2845 -0.2289
vn -0.1595 -0.9274 0.3384
vn 0.1402 0.9252 -0.3527
vn 0.1445 0.9289 -0.3410
vn -0.9666 0.2094 -0.1480
vn -0.9685 0.2435 -0.0527
vn 0.9654 -0.2063 0.1597
vn 0.9676 -0.2492 0.0411
vn 0.7479 0.5328 -0.3960
vn 0.1634 0.9217 -0.3517
vn 0.5298 -0.8393 0.1219
vn -0.1546 -0.9325 0.3263
vn 0.5308 -0.4082 -0.7427
vn -0.0005 -0.3337 -0.9427
vt 0.375000 0.166667
vt 0.625000 0.166667
vt 0.625000 0.250000
vt 0.375000 0.250000
vt 0.375000 0.416667
vt 0.625000 0.416667
vt 0.625000 0.500000
vt 0.375000 0.500000
vt 0.375000 0.666667
vt 0.625000 0.666667
vt 0.625000 0.750000
vt 0.375000 0.750000
vt 0.375000 0.916667
vt 0.625000 0.916667
vt 0.625000 1.000000
vt 0.375000 1.000000
vt 0.291667 0.666667
vt 0.291667 0.750000
vt 0.791667 0.666667
vt 0.875000 0.666667
vt 0.875000 0.750000
vt 0.791667 0.750000
vt 0.708333 0.666667
vt 0.708333 0.750000
vt 0.125000 0.666667
vt 0.208333 0.666667
vt 0.208333 0.750000
vt 0.125000 0.750000
vt 0.625000 0.833333
vt 0.375000 0.833333
vt 0.208333 0.546522
vt 0.231642 0.500000
vt 0.291667 0.500000
vt 0.291667 0.583333
vt 0.208333 0.583333
vt 0.186707 0.500000
vt 0.398309 0.333333
vt 0.708333 0.500000
vt 0.771551 0.500000
vt 0.791667 0.545279
vt 0.791667 0.583333
vt 0.708333 0.583333
vt 0.625000 0.314670
vt 0.604884 0.333333
vt 0.125000 0.583333
vt 0.375000 0.311707
vt 0.625000 0.583333
vt 0.375000 0.356642
vt 0.625000 0.353449
vt 0.875000 0.583333
vt 0.375000 0.583333
vt 0.375000 0.000000
vt 0.625000 0.000000
vt 0.625000 0.083333
vt 0.375000 0.083333
vt 0.125000 0.500000
vt 0.810330 0.500000
vt 0.875000 0.500000
s 0
f 2407/1809/2121 2395/1812/2121 2396/1811/2121 2410/1810/2121
f 2401/1813/2122 2399/1816/2122 2400/1815/2122 2402/1814/2122
f 2411/1817/2123 2397/1820/2123 2398/1819/2123 2414/1818/2123
f 2403/1821/2124 2393/1824/2124 2394/1823/2124 2406/1822/2124
f 2422/1825/2125 2404/1826/2125 2397/1820/2125 2411/1817/2125
f 2418/1827/2126 2406/1830/2126 2394/1829/2126 2409/1828/2126
f 2414/1818/2127 2398/1819/2127 2405/1832/2127 2416/1831/2127
f 2416/1831/2128 2405/1832/2128 2406/1830/2128 2418/1827/2128
f 2408/1833/2129 2393/1836/2129 2403/1835/2129 2420/1834/2129
f 2420/1834/2130 2403/1835/2130 2404/1826/2130 2422/1825/2130
f 2397/1820/2131 2404/1838/2131 2405/1837/2131 2398/1819/2131
f 2404/1838/2132 2403/1821/2132 2406/1822/2132 2405/1837/2132
f 2426/1839/2133 2419/1843/2133 2421/1842/2133 2401/1841/2133 2425/1840/2133
f 2423/1844/2134 2426/1839/2134 2424/1845/2134
f 2402/1846/2135 2415/1850/2135 2417/1849/2135 2428/1848/2135 2429/1847/2135
f 2419/1843/2136 2420/1834/2136 2422/1825/2136 2421/1842/2136
f 2427/1851/2137 2430/1852/2137 2428/1848/2137
f 2407/1853/2138 2408/1833/2138 2420/1834/2138 2419/1843/2138
f 2423/1854/2139 2424/1845/2139 2430/1852/2139 2427/1851/2139
f 2415/1850/2140 2416/1831/2140 2418/1827/2140 2417/1849/2140
f 2400/1815/2141 2413/1855/2141 2415/1850/2141 2402/1846/2141
f 2413/1855/2142 2414/1818/2142 2416/1831/2142 2415/1850/2142
f 2425/1856/2143 2429/1857/2143 2430/1852/2143 2424/1845/2143
f 2417/1849/2144 2418/1827/2144 2409/1828/2144 2410/1858/2144
f 2401/1841/2145 2421/1842/2145 2412/1859/2145 2399/1816/2145
f 2421/1842/2146 2422/1825/2146 2411/1817/2146 2412/1859/2146
f 2399/1816/2147 2412/1859/2147 2413/1855/2147 2400/1815/2147
f 2412/1859/2148 2411/1817/2148 2414/1818/2148 2413/1855/2148
f 2393/1860/2149 2408/1863/2149 2409/1862/2149 2394/1861/2149
f 2408/1863/2150 2407/1809/2150 2410/1810/2150 2409/1862/2150
f 2424/1845/2151 2426/1839/2151 2425/1856/2151
f 2395/1864/2152 2407/1853/2152 2419/1843/2152 2426/1839/2152 2423/1844/2152
f 2428/1848/2153 2430/1852/2153 2429/1847/2153
f 2428/1848/2154 2417/1849/2154 2410/1858/2154 2396/1866/2154 2427/1865/2154
f 2395/1812/2155 2423/1854/2155 2427/1851/2155 2396/1811/2155
f 2401/1813/2156 2402/1814/2156 2429/1857/2156 2425/1856/2156
f 2447/1809/2157 2450/1810/2157 2436/1811/2157 2435/1812/2157
f 2441/1813/2158 2442/1814/2158 2440/1815/2158 2439/1816/2158
f 2451/1817/2159 2454/1818/2159 2438/1819/2159 2437/1820/2159
f 2443/1821/2160 2446/1822/2160 2434/1823/2160 2433/1824/2160
f 2462/1825/2161 2451/1817/2161 2437/1820/2161 2444/1826/2161
f 2458/1827/2162 2449/1828/2162 2434/1829/2162 2446/1830/2162
f 2454/1818/2163 2456/1831/2163 2445/1832/2163 2438/1819/2163
f 2456/1831/2164 2458/1827/2164 2446/1830/2164 2445/1832/2164
f 2448/1833/2165 2460/1834/2165 2443/1835/2165 2433/1836/2165
f 2460/1834/2166 2462/1825/2166 2444/1826/2166 2443/1835/2166
f 2437/1820/2167 2438/1819/2167 2445/1837/2167 2444/1838/2167
f 2444/1838/2168 2445/1837/2168 2446/1822/2168 2443/1821/2168
f 2466/1839/2169 2465/1840/2169 2441/1841/2169 2461/1842/2169 2459/1843/2169
f 2463/1844/2170 2464/1845/2170 2466/1839/2170
f 2442/1846/2171 2469/1847/2171 2468/1848/2171 2457/1849/2171 2455/1850/2171
f 2459/1843/2172 2461/1842/2172 2462/1825/2172 2460/1834/2172
f 2467/1851/2173 2468/1848/2173 2470/1852/2173
f 2447/1853/2174 2459/1843/2174 2460/1834/2174 2448/1833/2174
f 2463/1854/2175 2467/1851/2175 2470/1852/2175 2464/1845/2175
f 2455/1850/2176 2457/1849/2176 2458/1827/2176 2456/1831/2176
f 2440/1815/2177 2442/1846/2177 2455/1850/2177 2453/1855/2177
f 2453/1855/2178 2455/1850/2178 2456/1831/2178 2454/1818/2178
f 2465/1856/2179 2464/1845/2179 2470/1852/2179 2469/1857/2179
f 2457/1849/2180 2450/1858/2180 2449/1828/2180 2458/1827/2180
f 2441/1841/2181 2439/1816/2181 2452/1859/2181 2461/1842/2181
f 2461/1842/2182 2452/1859/2182 2451/1817/2182 2462/1825/2182
f 2439/1816/2183 2440/1815/2183 2453/1855/2183 2452/1859/2183
f 2452/1859/2184 2453/1855/2184 2454/1818/2184 2451/1817/2184
f 2433/1860/2185 2434/1861/2185 2449/1862/2185 2448/1863/2185
f 2448/1863/2186 2449/1862/2186 2450/1810/2186 2447/1809/2186
f 2464/1845/2187 2465/1856/2187 2466/1839/2187
f 2435/1864/2188 2463/1844/2188 2466/1839/2188 2459/1843/2188 2447/1853/2188
f 2468/1848/2189 2469/1847/2189 2470/1852/2189
f 2468/1848/2190 2467/1865/2190 2436/1866/2190 2450/1858/2190 2457/1849/2190
f 2435/1812/2191 2436/1811/2191 2467/1851/2191 2463/1854/2191
f 2441/1813/2192 2465/1856/2192 2469/1857/2192 2442/1814/2192
l 2431 2432
l 2471 2472
o tile1.016
v 1.771576 2.753732 -0.705841
v 1.763426 2.718115 -0.720605
v 1.719576 2.584091 -0.281773
v 1.711376 2.548185 -0.296628
v 1.471779 2.806802 -0.727318
v 1.463629 2.770840 -0.742082
v 1.447770 2.625862 -0.289641
v 1.439570 2.589659 -0.304496
v 1.531287 2.590066 -0.230187
v 1.523088 2.553941 -0.245041
v 1.681526 2.769434 -0.708448
v 1.591476 2.783888 -0.711055
v 1.583326 2.748046 -0.725819
v 1.673376 2.733698 -0.723212
v 1.754163 2.639927 -0.421729
v 1.772776 2.696362 -0.562981
v 1.763524 2.655929 -0.579742
v 1.744970 2.599720 -0.438384
v 1.466092 2.745056 -0.571859
v 1.449412 2.687561 -0.430551
v 1.440218 2.646970 -0.447206
v 1.456840 2.704225 -0.588620
v 1.541802 2.632590 -0.444266
v 1.559068 2.689550 -0.585661
v 1.643386 2.616909 -0.441325
v 1.661296 2.673522 -0.582701
v 1.652579 2.657263 -0.424670
v 1.670548 2.714107 -0.565940
v 1.550995 2.673071 -0.427610
v 1.568320 2.730268 -0.568900
v 1.647240 2.578443 -0.241632
v 1.630613 2.603543 -0.305069
v 1.596547 2.580245 -0.228297
v 1.639022 2.621505 -0.337600
v 1.635567 2.542150 -0.254559
v 1.629825 2.581919 -0.350494
v 1.591819 2.543655 -0.243052
v 1.623838 2.573783 -0.317343
v 1.630613 2.603543 -0.305069
v 1.623838 2.573783 -0.317343
v 1.771576 2.753732 -0.851607
v 1.763426 2.718115 -0.836843
v 1.719576 2.584091 -1.275675
v 1.711376 2.548185 -1.260821
v 1.471779 2.806802 -0.830130
v 1.463629 2.770840 -0.815366
v 1.447770 2.625862 -1.267807
v 1.439570 2.589659 -1.252952
v 1.531288 2.590066 -1.327262
v 1.523088 2.553941 -1.312407
v 1.681526 2.769434 -0.849000
v 1.591476 2.783888 -0.846394
v 1.583326 2.748046 -0.831629
v 1.673376 2.733698 -0.834236
v 1.754163 2.639927 -1.135720
v 1.772776 2.696362 -0.994467
v 1.763524 2.655929 -0.977706
v 1.744970 2.599720 -1.119064
v 1.466092 2.745056 -0.985589
v 1.449412 2.687561 -1.126898
v 1.440218 2.646970 -1.110242
v 1.456840 2.704225 -0.968829
v 1.541802 2.632589 -1.113183
v 1.559068 2.689550 -0.971788
v 1.643386 2.616909 -1.116124
v 1.661296 2.673522 -0.974747
v 1.652579 2.657263 -1.132779
v 1.670548 2.714107 -0.991508
v 1.550995 2.673071 -1.129838
v 1.568320 2.730268 -0.988549
v 1.647240 2.578443 -1.315817
v 1.630614 2.603543 -1.252380
v 1.596547 2.580245 -1.329151
v 1.639022 2.621505 -1.219849
v 1.635567 2.542150 -1.302889
v 1.629825 2.581919 -1.206954
v 1.591819 2.543655 -1.314397
v 1.623838 2.573783 -1.240105
v 1.630614 2.603543 -1.252380
v 1.623838 2.573783 -1.240105
vn 0.9541 -0.2709 0.1277
vn -0.6194 -0.1740 0.7655
vn -0.9781 0.2032 0.0449
vn 0.0899 0.3632 -0.9274
vn 0.1245 0.9210 0.3691
vn -0.1446 -0.9051 -0.3998
vn -0.1188 -0.9089 -0.3998
vn -0.1317 -0.9068 -0.4005
vn 0.1490 0.9180 0.3676
vn 0.1358 0.9197 0.3683
vn 0.1896 0.3363 -0.9225
vn 0.0850 0.3634 -0.9278
vn 0.1284 0.9099 0.3944
vn -0.2621 0.8719 0.4137
vn -0.1293 -0.9185 -0.3738
vn 0.1321 0.9134 0.3851
vn -0.5503 -0.7824 -0.2914
vn 0.1458 0.9116 0.3844
vn -0.9463 0.1564 0.2829
vn -0.1311 -0.9142 -0.3835
vn -0.1233 -0.9197 -0.3727
vn -0.1194 -0.9156 -0.3841
vn 0.9119 -0.2802 0.2998
vn -0.1446 -0.9125 -0.3828
vn 0.1137 0.9109 0.3967
vn 0.1202 0.9147 0.3857
vn -0.9787 0.1919 0.0726
vn -0.9731 0.2293 -0.0216
vn 0.9784 -0.1890 -0.0841
vn 0.9712 -0.2361 0.0336
vn 0.7065 0.5263 0.4732
vn 0.1454 0.9067 0.3959
vn 0.5356 -0.8374 -0.1088
vn -0.1388 -0.9183 -0.3707
vn 0.4644 -0.4265 0.7762
vn -0.0814 -0.3634 0.9281
vn 0.9541 -0.2709 -0.1277
vn -0.6194 -0.1740 -0.7655
vn -0.9781 0.2032 -0.0449
vn 0.0899 0.3632 0.9274
vn 0.1245 0.9210 -0.3691
vn -0.1446 -0.9051 0.3998
vn -0.1188 -0.9089 0.3998
vn -0.1317 -0.9068 0.4005
vn 0.1490 0.9180 -0.3676
vn 0.1358 0.9197 -0.3683
vn 0.1896 0.3363 0.9225
vn 0.0850 0.3634 0.9278
vn 0.1284 0.9099 -0.3944
vn -0.2621 0.8719 -0.4137
vn -0.1293 -0.9185 0.3738
vn 0.1321 0.9134 -0.3851
vn -0.5504 -0.7824 0.2914
vn 0.1458 0.9116 -0.3844
vn -0.9463 0.1564 -0.2829
vn -0.1311 -0.9142 0.3835
vn -0.1233 -0.9197 0.3727
vn -0.1194 -0.9156 0.3841
vn 0.9119 -0.2802 -0.2998
vn -0.1446 -0.9125 0.3828
vn 0.1137 0.9109 -0.3967
vn 0.1202 0.9147 -0.3857
vn -0.9787 0.1919 -0.0726
vn -0.9731 0.2293 0.0216
vn 0.9784 -0.1890 0.0841
vn 0.9712 -0.2361 -0.0336
vn 0.7065 0.5263 -0.4732
vn 0.1454 0.9067 -0.3959
vn 0.5356 -0.8374 0.1088
vn -0.1388 -0.9183 0.3707
vn 0.4644 -0.4265 -0.7762
vn -0.0814 -0.3634 -0.9281
vt 0.375000 0.166667
vt 0.625000 0.166667
vt 0.625000 0.250000
vt 0.375000 0.250000
vt 0.375000 0.416667
vt 0.625000 0.416667
vt 0.625000 0.500000
vt 0.375000 0.500000
vt 0.375000 0.666667
vt 0.625000 0.666667
vt 0.625000 0.750000
vt 0.375000 0.750000
vt 0.375000 0.916667
vt 0.625000 0.916667
vt 0.625000 1.000000
vt 0.375000 1.000000
vt 0.291667 0.666667
vt 0.291667 0.750000
vt 0.791667 0.666667
vt 0.875000 0.666667
vt 0.875000 0.750000
vt 0.791667 0.750000
vt 0.708333 0.666667
vt 0.708333 0.750000
vt 0.125000 0.666667
vt 0.208333 0.666667
vt 0.208333 0.750000
vt 0.125000 0.750000
vt 0.625000 0.833333
vt 0.375000 0.833333
vt 0.208333 0.546522
vt 0.231642 0.500000
vt 0.291667 0.500000
vt 0.291667 0.583333
vt 0.208333 0.583333
vt 0.186707 0.500000
vt 0.398309 0.333333
vt 0.708333 0.500000
vt 0.771551 0.500000
vt 0.791667 0.545279
vt 0.791667 0.583333
vt 0.708333 0.583333
vt 0.625000 0.314670
vt 0.604884 0.333333
vt 0.125000 0.583333
vt 0.375000 0.311707
vt 0.625000 0.583333
vt 0.375000 0.356642
vt 0.625000 0.353449
vt 0.875000 0.583333
vt 0.375000 0.583333
vt 0.375000 0.000000
vt 0.625000 0.000000
vt 0.625000 0.083333
vt 0.375000 0.083333
vt 0.125000 0.500000
vt 0.810330 0.500000
vt 0.875000 0.500000
s 0
f 2487/1867/2193 2475/1870/2193 2476/1869/2193 2490/1868/2193
f 2481/1871/2194 2479/1874/2194 2480/1873/2194 2482/1872/2194
f 2491/1875/2195 2477/1878/2195 2478/1877/2195 2494/1876/2195
f 2483/1879/2196 2473/1882/2196 2474/1881/2196 2486/1880/2196
f 2502/1883/2197 2484/1884/2197 2477/1878/2197 2491/1875/2197
f 2498/1885/2198 2486/1888/2198 2474/1887/2198 2489/1886/2198
f 2494/1876/2199 2478/1877/2199 2485/1890/2199 2496/1889/2199
f 2496/1889/2200 2485/1890/2200 2486/1888/2200 2498/1885/2200
f 2488/1891/2201 2473/1894/2201 2483/1893/2201 2500/1892/2201
f 2500/1892/2202 2483/1893/2202 2484/1884/2202 2502/1883/2202
f 2477/1878/2203 2484/1896/2203 2485/1895/2203 2478/1877/2203
f 2484/1896/2204 2483/1879/2204 2486/1880/2204 2485/1895/2204
f 2506/1897/2205 2499/1901/2205 2501/1900/2205 2481/1899/2205 2505/1898/2205
f 2503/1902/2206 2506/1897/2206 2504/1903/2206
f 2482/1904/2207 2495/1908/2207 2497/1907/2207 2508/1906/2207 2509/1905/2207
f 2499/1901/2208 2500/1892/2208 2502/1883/2208 2501/1900/2208
f 2507/1909/2209 2510/1910/2209 2508/1906/2209
f 2487/1911/2210 2488/1891/2210 2500/1892/2210 2499/1901/2210
f 2503/1912/2211 2504/1903/2211 2510/1910/2211 2507/1909/2211
f 2495/1908/2212 2496/1889/2212 2498/1885/2212 2497/1907/2212
f 2480/1873/2213 2493/1913/2213 2495/1908/2213 2482/1904/2213
f 2493/1913/2214 2494/1876/2214 2496/1889/2214 2495/1908/2214
f 2505/1914/2215 2509/1915/2215 2510/1910/2215 2504/1903/2215
f 2497/1907/2216 2498/1885/2216 2489/1886/2216 2490/1916/2216
f 2481/1899/2217 2501/1900/2217 2492/1917/2217 2479/1874/2217
f 2501/1900/2218 2502/1883/2218 2491/1875/2218 2492/1917/2218
f 2479/1874/2219 2492/1917/2219 2493/1913/2219 2480/1873/2219
f 2492/1917/2220 2491/1875/2220 2494/1876/2220 2493/1913/2220
f 2473/1918/2221 2488/1921/2221 2489/1920/2221 2474/1919/2221
f 2488/1921/2222 2487/1867/2222 2490/1868/2222 2489/1920/2222
f 2504/1903/2223 2506/1897/2223 2505/1914/2223
f 2475/1922/2224 2487/1911/2224 2499/1901/2224 2506/1897/2224 2503/1902/2224
f 2508/1906/2225 2510/1910/2225 2509/1905/2225
f 2508/1906/2226 2497/1907/2226 2490/1916/2226 2476/1924/2226 2507/1923/2226
f 2475/1870/2227 2503/1912/2227 2507/1909/2227 2476/1869/2227
f 2481/1871/2228 2482/1872/2228 2509/1915/2228 2505/1914/2228
f 2527/1867/2229 2530/1868/2229 2516/1869/2229 2515/1870/2229
f 2521/1871/2230 2522/1872/2230 2520/1873/2230 2519/1874/2230
f 2531/1875/2231 2534/1876/2231 2518/1877/2231 2517/1878/2231
f 2523/1879/2232 2526/1880/2232 2514/1881/2232 2513/1882/2232
f 2542/1883/2233 2531/1875/2233 2517/1878/2233 2524/1884/2233
f 2538/1885/2234 2529/1886/2234 2514/1887/2234 2526/1888/2234
f 2534/1876/2235 2536/1889/2235 2525/1890/2235 2518/1877/2235
f 2536/1889/2236 2538/1885/2236 2526/1888/2236 2525/1890/2236
f 2528/1891/2237 2540/1892/2237 2523/1893/2237 2513/1894/2237
f 2540/1892/2238 2542/1883/2238 2524/1884/2238 2523/1893/2238
f 2517/1878/2239 2518/1877/2239 2525/1895/2239 2524/1896/2239
f 2524/1896/2240 2525/1895/2240 2526/1880/2240 2523/1879/2240
f 2546/1897/2241 2545/1898/2241 2521/1899/2241 2541/1900/2241 2539/1901/2241
f 2543/1902/2242 2544/1903/2242 2546/1897/2242
f 2522/1904/2243 2549/1905/2243 2548/1906/2243 2537/1907/2243 2535/1908/2243
f 2539/1901/2244 2541/1900/2244 2542/1883/2244 2540/1892/2244
f 2547/1909/2245 2548/1906/2245 2550/1910/2245
f 2527/1911/2246 2539/1901/2246 2540/1892/2246 2528/1891/2246
f 2543/1912/2247 2547/1909/2247 2550/1910/2247 2544/1903/2247
f 2535/1908/2248 2537/1907/2248 2538/1885/2248 2536/1889/2248
f 2520/1873/2249 2522/1904/2249 2535/1908/2249 2533/1913/2249
f 2533/1913/2250 2535/1908/2250 2536/1889/2250 2534/1876/2250
f 2545/1914/2251 2544/1903/2251 2550/1910/2251 2549/1915/2251
f 2537/1907/2252 2530/1916/2252 2529/1886/2252 2538/1885/2252
f 2521/1899/2253 2519/1874/2253 2532/1917/2253 2541/1900/2253
f 2541/1900/2254 2532/1917/2254 2531/1875/2254 2542/1883/2254
f 2519/1874/2255 2520/1873/2255 2533/1913/2255 2532/1917/2255
f 2532/1917/2256 2533/1913/2256 2534/1876/2256 2531/1875/2256
f 2513/1918/2257 2514/1919/2257 2529/1920/2257 2528/1921/2257
f 2528/1921/2258 2529/1920/2258 2530/1868/2258 2527/1867/2258
f 2544/1903/2259 2545/1914/2259 2546/1897/2259
f 2515/1922/2260 2543/1902/2260 2546/1897/2260 2539/1901/2260 2527/1911/2260
f 2548/1906/2261 2549/1905/2261 2550/1910/2261
f 2548/1906/2262 2547/1923/2262 2516/1924/2262 2530/1916/2262 2537/1907/2262
f 2515/1870/2263 2516/1869/2263 2547/1909/2263 2543/1912/2263
f 2521/1871/2264 2545/1914/2264 2549/1915/2264 2522/1872/2264
l 2511 2512
l 2551 2552
o tile1.017
v 1.470826 2.617947 -0.456313
v 1.462575 2.579954 -0.464707
v 1.448581 2.519423 -0.008645
v 1.440280 2.481177 -0.017091
v 1.774454 2.579358 -0.469776
v 1.766204 2.541718 -0.478170
v 1.721827 2.483410 -0.008645
v 1.713525 2.445468 -0.017090
v 1.627871 2.483384 0.051356
v 1.619570 2.445323 0.042911
v 1.561353 2.606865 -0.456313
v 1.651880 2.594719 -0.456313
v 1.643629 2.556919 -0.464707
v 1.553102 2.568962 -0.464707
v 1.439669 2.556556 -0.157347
v 1.445874 2.589728 -0.306531
v 1.436508 2.546571 -0.316060
v 1.430362 2.513664 -0.166816
v 1.754182 2.548420 -0.306531
v 1.746036 2.515812 -0.157347
v 1.736729 2.473306 -0.166816
v 1.744816 2.505658 -0.316060
v 1.634606 2.488195 -0.166816
v 1.642047 2.520765 -0.316060
v 1.532484 2.501577 -0.166816
v 1.539277 2.534331 -0.316060
v 1.541792 2.544359 -0.157347
v 1.548643 2.577376 -0.306531
v 1.643914 2.530849 -0.157347
v 1.651413 2.563679 -0.306531
v 1.513898 2.501650 0.035785
v 1.539864 2.509436 -0.029796
v 1.562266 2.492080 0.051356
v 1.539582 2.522689 -0.065154
v 1.508733 2.462603 0.029473
v 1.530660 2.481286 -0.071045
v 1.550474 2.454388 0.042911
v 1.533005 2.477906 -0.036774
v 1.539864 2.509436 -0.029796
v 1.533005 2.477906 -0.036774
v 1.470826 2.617947 -1.101135
v 1.462575 2.579954 -1.092741
v 1.448581 2.519423 -1.548804
v 1.440280 2.481177 -1.540358
v 1.774454 2.579358 -1.087672
v 1.766204 2.541718 -1.079278
v 1.721826 2.483410 -1.548803
v 1.713525 2.445468 -1.540358
v 1.627871 2.483384 -1.608805
v 1.619570 2.445323 -1.600359
v 1.561353 2.606865 -1.101136
v 1.651880 2.594719 -1.101136
v 1.643629 2.556919 -1.092741
v 1.553102 2.568962 -1.092741
v 1.439669 2.556556 -1.400101
v 1.445874 2.589728 -1.250917
v 1.436507 2.546571 -1.241388
v 1.430362 2.513664 -1.390633
v 1.754182 2.548420 -1.250917
v 1.746036 2.515812 -1.400101
v 1.736729 2.473306 -1.390632
v 1.744816 2.505657 -1.241388
v 1.634606 2.488195 -1.390632
v 1.642047 2.520765 -1.241388
v 1.532484 2.501577 -1.390632
v 1.539277 2.534331 -1.241388
v 1.541792 2.544359 -1.400101
v 1.548643 2.577376 -1.250917
v 1.643914 2.530849 -1.400101
v 1.651413 2.563679 -1.250917
v 1.513898 2.501650 -1.593234
v 1.539864 2.509435 -1.527652
v 1.562266 2.492080 -1.608804
v 1.539582 2.522689 -1.492294
v 1.508733 2.462602 -1.586921
v 1.530660 2.481286 -1.486404
v 1.550474 2.454388 -1.600359
v 1.533005 2.477906 -1.520674
v 1.539864 2.509435 -1.527652
v 1.533005 2.477906 -1.520674
vn -0.9764 0.1886 0.1056
vn 0.5150 -0.2916 0.8060
vn 0.9702 -0.2297 0.0769
vn 0.0257 0.2106 -0.9772
vn 0.1437 0.9689 0.2014
vn -0.1160 -0.9647 -0.2363
vn -0.1433 -0.9616 -0.2341
vn -0.1276 -0.9633 -0.2360
vn 0.1179 0.9722 0.2021
vn 0.1298 0.9708 0.2019
vn -0.0775 0.2327 -0.9695
vn 0.0281 0.2106 -0.9772
vn 0.1274 0.9650 0.2293
vn 0.5112 0.8061 0.2981
vn -0.1269 -0.9700 -0.2074
vn 0.1284 0.9671 0.2196
vn 0.2894 -0.9505 -0.1135
vn 0.1160 0.9686 0.2199
vn 0.9243 -0.2167 0.3143
vn -0.1273 -0.9677 -0.2178
vn -0.1357 -0.9693 -0.2051
vn -0.1414 -0.9658 -0.2174
vn -0.9404 0.1906 0.2816
vn -0.1151 -0.9691 -0.2182
vn 0.1444 0.9621 0.2313
vn 0.1427 0.9652 0.2192
vn 0.9662 -0.2351 0.1060
vn 0.9765 -0.2153 0.0063
vn -0.9650 0.2352 -0.1164
vn -0.9775 0.2108 0.0062
vn -0.4895 0.8152 0.3095
vn 0.1114 0.9664 0.2318
vn -0.7933 -0.6088 -0.0057
vn -0.1191 -0.9714 -0.2055
vn -0.5720 -0.0566 0.8183
vn -0.0278 -0.2105 0.9772
vn -0.9764 0.1886 -0.1056
vn 0.5150 -0.2916 -0.8060
vn 0.9702 -0.2297 -0.0769
vn 0.0257 0.2106 0.9772
vn 0.1437 0.9689 -0.2014
vn -0.1160 -0.9647 0.2363
vn -0.1433 -0.9616 0.2341
vn -0.1276 -0.9633 0.2360
vn 0.1179 0.9722 -0.2021
vn 0.1298 0.9708 -0.2019
vn -0.0775 0.2327 0.9695
vn 0.0281 0.2106 0.9772
vn 0.1274 0.9650 -0.2293
vn 0.5112 0.8061 -0.2981
vn -0.1269 -0.9700 0.2074
vn 0.1284 0.9671 -0.2196
vn 0.2894 -0.9505 0.1135
vn 0.1160 0.9686 -0.2199
vn 0.9243 -0.2166 -0.3143
vn -0.1273 -0.9677 0.2178
vn -0.1357 -0.9693 0.2051
vn -0.1414 -0.9658 0.2174
vn -0.9404 0.1906 -0.2816
vn -0.1151 -0.9691 0.2182
vn 0.1444 0.9621 -0.2313
vn 0.1427 0.9652 -0.2192
vn 0.9662 -0.2351 -0.1060
vn 0.9765 -0.2153 -0.0063
vn -0.9650 0.2352 0.1164
vn -0.9775 0.2108 -0.0062
vn -0.4895 0.8152 -0.3095
vn 0.1114 0.9664 -0.2318
vn -0.7933 -0.6088 0.0057
vn -0.1191 -0.9714 0.2055
vn -0.5720 -0.0566 -0.8183
vn -0.0278 -0.2105 -0.9772
vt 0.375000 0.166667
vt 0.625000 0.166667
vt 0.625000 0.250000
vt 0.375000 0.250000
vt 0.375000 0.416667
vt 0.625000 0.416667
vt 0.625000 0.500000
vt 0.375000 0.500000
vt 0.375000 0.666667
vt 0.625000 0.666667
vt 0.625000 0.750000
vt 0.375000 0.750000
vt 0.375000 0.916667
vt 0.625000 0.916667
vt 0.625000 1.000000
vt 0.375000 1.000000
vt 0.291667 0.666667
vt 0.291667 0.750000
vt 0.791667 0.666667
vt 0.875000 0.666667
vt 0.875000 0.750000
vt 0.791667 0.750000
vt 0.708333 0.666667
vt 0.708333 0.750000
vt 0.125000 0.666667
vt 0.208333 0.666667
vt 0.208333 0.750000
vt 0.125000 0.750000
vt 0.625000 0.833333
vt 0.375000 0.833333
vt 0.208333 0.546522
vt 0.231642 0.500000
vt 0.291667 0.500000
vt 0.291667 0.583333
vt 0.208333 0.583333
vt 0.186707 0.500000
vt 0.398309 0.333333
vt 0.708333 0.500000
vt 0.771551 0.500000
vt 0.791667 0.545279
vt 0.791667 0.583333
vt 0.708333 0.583333
vt 0.625000 0.314670
vt 0.604884 0.333333
vt 0.125000 0.583333
vt 0.375000 0.311707
vt 0.625000 0.583333
vt 0.375000 0.356642
vt 0.625000 0.353449
vt 0.875000 0.583333
vt 0.375000 0.583333
vt 0.375000 0.000000
vt 0.625000 0.000000
vt 0.625000 0.083333
vt 0.375000 0.083333
vt 0.125000 0.500000
vt 0.810330 0.500000
vt 0.875000 0.500000
s 0
f 2567/1925/2265 2570/1926/2265 2556/1927/2265 2555/1928/2265
f 2561/1929/2266 2562/1930/2266 2560/1931/2266 2559/1932/2266
f 2571/1933/2267 2574/1934/2267 2558/1935/2267 2557/1936/2267
f 2563/1937/2268 2566/1938/2268 2554/1939/2268 2553/1940/2268
f 2582/1941/2269 2571/1933/2269 2557/1936/2269 2564/1942/2269
f 2578/1943/2270 2569/1944/2270 2554/1945/2270 2566/1946/2270
f 2574/1934/2271 2576/1947/2271 2565/1948/2271 2558/1935/2271
f 2576/1947/2272 2578/1943/2272 2566/1946/2272 2565/1948/2272
f 2568/1949/2273 2580/1950/2273 2563/1951/2273 2553/1952/2273
f 2580/1950/2274 2582/1941/2274 2564/1942/2274 2563/1951/2274
f 2557/1936/2275 2558/1935/2275 2565/1953/2275 2564/1954/2275
f 2564/1954/2276 2565/1953/2276 2566/1938/2276 2563/1937/2276
f 2586/1955/2277 2585/1956/2277 2561/1957/2277 2581/1958/2277 2579/1959/2277
f 2583/1960/2278 2584/1961/2278 2586/1955/2278
f 2562/1962/2279 2589/1963/2279 2588/1964/2279 2577/1965/2279 2575/1966/2279
f 2579/1959/2280 2581/1958/2280 2582/1941/2280 2580/1950/2280
f 2587/1967/2281 2588/1964/2281 2590/1968/2281
f 2567/1969/2282 2579/1959/2282 2580/1950/2282 2568/1949/2282
f 2583/1970/2283 2587/1967/2283 2590/1968/2283 2584/1961/2283
f 2575/1966/2284 2577/1965/2284 2578/1943/2284 2576/1947/2284
f 2560/1931/2285 2562/1962/2285 2575/1966/2285 2573/1971/2285
f 2573/1971/2286 2575/1966/2286 2576/1947/2286 2574/1934/2286
f 2585/1972/2287 2584/1961/2287 2590/1968/2287 2589/1973/2287
f 2577/1965/2288 2570/1974/2288 2569/1944/2288 2578/1943/2288
f 2561/1957/2289 2559/1932/2289 2572/1975/2289 2581/1958/2289
f 2581/1958/2290 2572/1975/2290 2571/1933/2290 2582/1941/2290
f 2559/1932/2291 2560/1931/2291 2573/1971/2291 2572/1975/2291
f 2572/1975/2292 2573/1971/2292 2574/1934/2292 2571/1933/2292
f 2553/1976/2293 2554/1977/2293 2569/1978/2293 2568/1979/2293
f 2568/1979/2294 2569/1978/2294 2570/1926/2294 2567/1925/2294
f 2584/1961/2295 2585/1972/2295 2586/1955/2295
f 2555/1980/2296 2583/1960/2296 2586/1955/2296 2579/1959/2296 2567/1969/2296
f 2588/1964/2297 2589/1963/2297 2590/1968/2297
f 2588/1964/2298 2587/1981/2298 2556/1982/2298 2570/1974/2298 2577/1965/2298
f 2555/1928/2299 2556/1927/2299 2587/1967/2299 2583/1970/2299
f 2561/1929/2300 2585/1972/2300 2589/1973/2300 2562/1930/2300
f 2607/1925/2301 2595/1928/2301 2596/1927/2301 2610/1926/2301
f 2601/1929/2302 2599/1932/2302 2600/1931/2302 2602/1930/2302
f 2611/1933/2303 2597/1936/2303 2598/1935/2303 2614/1934/2303
f 2603/1937/2304 2593/1940/2304 2594/1939/2304 2606/1938/2304
f 2622/1941/2305 2604/1942/2305 2597/1936/2305 2611/1933/2305
f 2618/1943/2306 2606/1946/2306 2594/1945/2306 2609/1944/2306
f 2614/1934/2307 2598/1935/2307 2605/1948/2307 2616/1947/2307
f 2616/1947/2308 2605/1948/2308 2606/1946/2308 2618/1943/2308
f 2608/1949/2309 2593/1952/2309 2603/1951/2309 2620/1950/2309
f 2620/1950/2310 2603/1951/2310 2604/1942/2310 2622/1941/2310
f 2597/1936/2311 2604/1954/2311 2605/1953/2311 2598/1935/2311
f 2604/1954/2312 2603/1937/2312 2606/1938/2312 2605/1953/2312
f 2626/1955/2313 2619/1959/2313 2621/1958/2313 2601/1957/2313 2625/1956/2313
f 2623/1960/2314 2626/1955/2314 2624/1961/2314
f 2602/1962/2315 2615/1966/2315 2617/1965/2315 2628/1964/2315 2629/1963/2315
f 2619/1959/2316 2620/1950/2316 2622/1941/2316 2621/1958/2316
f 2627/1967/2317 2630/1968/2317 2628/1964/2317
f 2607/1969/2318 2608/1949/2318 2620/1950/2318 2619/1959/2318
f 2623/1970/2319 2624/1961/2319 2630/1968/2319 2627/1967/2319
f 2615/1966/2320 2616/1947/2320 2618/1943/2320 2617/1965/2320
f 2600/1931/2321 2613/1971/2321 2615/1966/2321 2602/1962/2321
f 2613/1971/2322 2614/1934/2322 2616/1947/2322 2615/1966/2322
f 2625/1972/2323 2629/1973/2323 2630/1968/2323 2624/1961/2323
f 2617/1965/2324 2618/1943/2324 2609/1944/2324 2610/1974/2324
f 2601/1957/2325 2621/1958/2325 2612/1975/2325 2599/1932/2325
f 2621/1958/2326 2622/1941/2326 2611/1933/2326 2612/1975/2326
f 2599/1932/2327 2612/1975/2327 2613/1971/2327 2600/1931/2327
f 2612/1975/2328 2611/1933/2328 2614/1934/2328 2613/1971/2328
f 2593/1976/2329 2608/1979/2329 2609/1978/2329 2594/1977/2329
f 2608/1979/2330 2607/1925/2330 2610/1926/2330 2609/1978/2330
f 2624/1961/2331 2626/1955/2331 2625/1972/2331
f 2595/1980/2332 2607/1969/2332 2619/1959/2332 2626/1955/2332 2623/1960/2332
f 2628/1964/2333 2630/1968/2333 2629/1963/2333
f 2628/1964/2334 2617/1965/2334 2610/1974/2334 2596/1982/2334 2627/1981/2334
f 2595/1928/2335 2623/1970/2335 2627/1967/2335 2596/1927/2335
f 2601/1929/2336 2602/1930/2336 2629/1973/2336 2625/1972/2336
l 2591 2592
l 2631 2632
o tile1.018
v 1.760498 2.417079 -0.137541
v 1.750581 2.381068 -0.150486
v 1.742843 2.262947 0.294242
v 1.732866 2.226686 0.281217
v 1.461171 2.474300 -0.135552
v 1.451255 2.437877 -0.148497
v 1.472394 2.310204 0.307747
v 1.462416 2.273569 0.294723
v 1.560063 2.274835 0.361121
v 1.550085 2.238305 0.348097
v 1.670897 2.434139 -0.133067
v 1.581296 2.449980 -0.128592
v 1.571380 2.413701 -0.141537
v 1.660980 2.397985 -0.146012
v 1.766008 2.313276 0.150284
v 1.773174 2.364555 0.006355
v 1.761917 2.323697 -0.008341
v 1.754821 2.272662 0.135682
v 1.468021 2.418483 0.021593
v 1.462777 2.366596 0.165427
v 1.451590 2.325508 0.150824
v 1.456763 2.377141 0.006898
v 1.552667 2.309271 0.145777
v 1.558481 2.360734 0.001818
v 1.653744 2.291724 0.140729
v 1.660199 2.342989 -0.003261
v 1.664931 2.332519 0.155332
v 1.671457 2.384032 0.011434
v 1.563854 2.350223 0.160380
v 1.569739 2.401938 0.016514
v 1.674251 2.260272 0.340431
v 1.652605 2.283483 0.277887
v 1.624997 2.263660 0.357879
v 1.658429 2.300118 0.244249
v 1.660980 2.223751 0.329625
v 1.647575 2.260233 0.233368
v 1.618474 2.226613 0.344682
v 1.644361 2.253405 0.267125
v 1.652605 2.283483 0.277887
v 1.644361 2.253405 0.267125
v 1.760498 2.417079 -1.419907
v 1.750581 2.381068 -1.406962
v 1.742843 2.262947 -1.851690
v 1.732865 2.226685 -1.838666
v 1.461171 2.474300 -1.421896
v 1.451255 2.437877 -1.408951
v 1.472394 2.310204 -1.865196
v 1.462416 2.273570 -1.852172
v 1.560063 2.274834 -1.918569
v 1.550085 2.238305 -1.905545
v 1.670897 2.434139 -1.424382
v 1.581296 2.449980 -1.428856
v 1.571380 2.413700 -1.415911
v 1.660980 2.397985 -1.411437
v 1.766008 2.313276 -1.707733
v 1.773174 2.364555 -1.563803
v 1.761917 2.323697 -1.549108
v 1.754821 2.272662 -1.693130
v 1.468021 2.418483 -1.579042
v 1.462777 2.366596 -1.722875
v 1.451590 2.325508 -1.708273
v 1.456763 2.377141 -1.564346
v 1.552667 2.309271 -1.703225
v 1.558481 2.360734 -1.559267
v 1.653744 2.291724 -1.698177
v 1.660199 2.342989 -1.554187
v 1.664931 2.332519 -1.712780
v 1.671457 2.384032 -1.568882
v 1.563854 2.350223 -1.717828
v 1.569739 2.401938 -1.573962
v 1.674251 2.260273 -1.897880
v 1.652605 2.283483 -1.835336
v 1.624997 2.263660 -1.915326
v 1.658429 2.300118 -1.801697
v 1.660980 2.223750 -1.887073
v 1.647575 2.260233 -1.790816
v 1.618474 2.226613 -1.902130
v 1.644360 2.253405 -1.824574
v 1.652605 2.283483 -1.835336
v 1.644360 2.253405 -1.824574
vn 0.9574 -0.2833 0.0550
vn -0.5555 -0.1403 0.8196
vn -0.9679 0.2207 0.1206
vn 0.0162 0.3337 -0.9425
vn 0.1688 0.9313 0.3227
vn -0.1910 -0.9155 -0.3540
vn -0.1654 -0.9204 -0.3544
vn -0.1782 -0.9178 -0.3548
vn 0.1931 0.9272 0.3211
vn 0.1800 0.9295 0.3219
vn 0.1163 0.3049 -0.9453
vn 0.0117 0.3337 -0.9426
vn 0.1777 0.9203 0.3484
vn -0.2116 0.8902 0.4036
vn -0.1767 -0.9282 -0.3274
vn 0.1791 0.9236 0.3390
vn -0.5880 -0.7801 -0.2138
vn 0.1928 0.9211 0.3381
vn -0.9166 0.1805 0.3568
vn -0.1777 -0.9244 -0.3374
vn -0.1703 -0.9299 -0.3260
vn -0.1660 -0.9264 -0.3381
vn 0.9297 -0.2869 0.2308
vn -0.1912 -0.9221 -0.3365
vn 0.1628 0.9220 0.3514
vn 0.1672 0.9255 0.3398
vn -0.9663 0.2103 0.1486
vn -0.9681 0.2448 0.0530
vn 0.9648 -0.2079 -0.1609
vn 0.9670 -0.2515 -0.0415
vn 0.7550 0.5264 0.3910
vn 0.1949 0.9165 0.3495
vn 0.5107 -0.8508 -0.1235
vn -0.1860 -0.9274 -0.3244
vn 0.5204 -0.4113 0.7484
vn -0.0102 -0.3337 0.9426
vn 0.9574 -0.2833 -0.0550
vn -0.5555 -0.1403 -0.8196
vn -0.9679 0.2207 -0.1206
vn 0.0162 0.3337 0.9425
vn 0.1688 0.9313 -0.3227
vn -0.1910 -0.9155 0.3540
vn -0.1654 -0.9204 0.3544
vn -0.1782 -0.9178 0.3548
vn 0.1931 0.9272 -0.3211
vn 0.1800 0.9295 -0.3219
vn 0.1163 0.3049 0.9453
vn 0.0117 0.3337 0.9426
vn 0.1777 0.9203 -0.3484
vn -0.2116 0.8901 -0.4036
vn -0.1767 -0.9282 0.3274
vn 0.1791 0.9236 -0.3390
vn -0.5880 -0.7801 0.2138
vn 0.1928 0.9211 -0.3381
vn -0.9166 0.1805 -0.3568
vn -0.1777 -0.9244 0.3374
vn -0.1703 -0.9299 0.3260
vn -0.1660 -0.9264 0.3381
vn 0.9297 -0.2869 -0.2308
vn -0.1912 -0.9221 0.3365
vn 0.1628 0.9220 -0.3514
vn 0.1672 0.9255 -0.3398
vn -0.9663 0.2103 -0.1486
vn -0.9681 0.2448 -0.0530
vn 0.9648 -0.2079 0.1609
vn 0.9670 -0.2515 0.0415
vn 0.7550 0.5264 -0.3910
vn 0.1949 0.9165 -0.3495
vn 0.5107 -0.8508 0.1234
vn -0.1860 -0.9274 0.3244
vn 0.5204 -0.4113 -0.7484
vn -0.0102 -0.3337 -0.9426
vt 0.375000 0.166667
vt 0.625000 0.166667
vt 0.625000 0.250000
vt 0.375000 0.250000
vt 0.375000 0.416667
vt 0.625000 0.416667
vt 0.625000 0.500000
vt 0.375000 0.500000
vt 0.375000 0.666667
vt 0.625000 0.666667
vt 0.625000 0.750000
vt 0.375000 0.750000
vt 0.375000 0.916667
vt 0.625000 0.916667
vt 0.625000 1.000000
vt 0.375000 1.000000
vt 0.291667 0.666667
vt 0.291667 0.750000
vt 0.791667 0.666667
vt 0.875000 0.666667
vt 0.875000 0.750000
vt 0.791667 0.750000
vt 0.708333 0.666667
vt 0.708333 0.750000
vt 0.125000 0.666667
vt 0.208333 0.666667
vt 0.208333 0.750000
vt 0.125000 0.750000
vt 0.625000 0.833333
vt 0.375000 0.833333
vt 0.208333 0.546522
vt 0.231642 0.500000
vt 0.291667 0.500000
vt 0.291667 0.583333
vt 0.208333 0.583333
vt 0.186707 0.500000
vt 0.398309 0.333333
vt 0.708333 0.500000
vt 0.771551 0.500000
vt 0.791667 0.545279
vt 0.791667 0.583333
vt 0.708333 0.583333
vt 0.625000 0.314670
vt 0.604884 0.333333
vt 0.125000 0.583333
vt 0.375000 0.311707
vt 0.625000 0.583333
vt 0.375000 0.356642
vt 0.625000 0.353449
vt 0.875000 0.583333
vt 0.375000 0.583333
vt 0.375000 0.000000
vt 0.625000 0.000000
vt 0.625000 0.083333
vt 0.375000 0.083333
vt 0.125000 0.500000
vt 0.810330 0.500000
vt 0.875000 0.500000
s 0
f 2647/1983/2337 2635/1986/2337 2636/1985/2337 2650/1984/2337
f 2641/1987/2338 2639/1990/2338 2640/1989/2338 2642/1988/2338
f 2651/1991/2339 2637/1994/2339 2638/1993/2339 2654/1992/2339
f 2643/1995/2340 2633/1998/2340 2634/1997/2340 2646/1996/2340
f 2662/1999/2341 2644/2000/2341 2637/1994/2341 2651/1991/2341
f 2658/2001/2342 2646/2004/2342 2634/2003/2342 2649/2002/2342
f 2654/1992/2343 2638/1993/2343 2645/2006/2343 2656/2005/2343
f 2656/2005/2344 2645/2006/2344 2646/2004/2344 2658/2001/2344
f 2648/2007/2345 2633/2010/2345 2643/2009/2345 2660/2008/2345
f 2660/2008/2346 2643/2009/2346 2644/2000/2346 2662/1999/2346
f 2637/1994/2347 2644/2012/2347 2645/2011/2347 2638/1993/2347
f 2644/2012/2348 2643/1995/2348 2646/1996/2348 2645/2011/2348
f 2666/2013/2349 2659/2017/2349 2661/2016/2349 2641/2015/2349 2665/2014/2349
f 2663/2018/2350 2666/2013/2350 2664/2019/2350
f 2642/2020/2351 2655/2024/2351 2657/2023/2351 2668/2022/2351 2669/2021/2351
f 2659/2017/2352 2660/2008/2352 2662/1999/2352 2661/2016/2352
f 2667/2025/2353 2670/2026/2353 2668/2022/2353
f 2647/2027/2354 2648/2007/2354 2660/2008/2354 2659/2017/2354
f 2663/2028/2355 2664/2019/2355 2670/2026/2355 2667/2025/2355
f 2655/2024/2356 2656/2005/2356 2658/2001/2356 2657/2023/2356
f 2640/1989/2357 2653/2029/2357 2655/2024/2357 2642/2020/2357
f 2653/2029/2358 2654/1992/2358 2656/2005/2358 2655/2024/2358
f 2665/2030/2359 2669/2031/2359 2670/2026/2359 2664/2019/2359
f 2657/2023/2360 2658/2001/2360 2649/2002/2360 2650/2032/2360
f 2641/2015/2361 2661/2016/2361 2652/2033/2361 2639/1990/2361
f 2661/2016/2362 2662/1999/2362 2651/1991/2362 2652/2033/2362
f 2639/1990/2363 2652/2033/2363 2653/2029/2363 2640/1989/2363
f 2652/2033/2364 2651/1991/2364 2654/1992/2364 2653/2029/2364
f 2633/2034/2365 2648/2037/2365 2649/2036/2365 2634/2035/2365
f 2648/2037/2366 2647/1983/2366 2650/1984/2366 2649/2036/2366
f 2664/2019/2367 2666/2013/2367 2665/2030/2367
f 2635/2038/2368 2647/2027/2368 2659/2017/2368 2666/2013/2368 2663/2018/2368
f 2668/2022/2369 2670/2026/2369 2669/2021/2369
f 2668/2022/2370 2657/2023/2370 2650/2032/2370 2636/2040/2370 2667/2039/2370
f 2635/1986/2371 2663/2028/2371 2667/2025/2371 2636/1985/2371
f 2641/1987/2372 2642/1988/2372 2669/2031/2372 2665/2030/2372
f 2687/1983/2373 2690/1984/2373 2676/1985/2373 2675/1986/2373
f 2681/1987/2374 2682/1988/2374 2680/1989/2374 2679/1990/2374
f 2691/1991/2375 2694/1992/2375 2678/1993/2375 2677/1994/2375
f 2683/1995/2376 2686/1996/2376 2674/1997/2376 2673/1998/2376
f 2702/1999/2377 2691/1991/2377 2677/1994/2377 2684/2000/2377
f 2698/2001/2378 2689/2002/2378 2674/2003/2378 2686/2004/2378
f 2694/1992/2379 2696/2005/2379 2685/2006/2379 2678/1993/2379
f 2696/2005/2380 2698/2001/2380 2686/2004/2380 2685/2006/2380
f 2688/2007/2381 2700/2008/2381 2683/2009/2381 2673/2010/2381
f 2700/2008/2382 2702/1999/2382 2684/2000/2382 2683/2009/2382
f 2677/1994/2383 2678/1993/2383 2685/2011/2383 2684/2012/2383
f 2684/2012/2384 2685/2011/2384 2686/1996/2384 2683/1995/2384
f 2706/2013/2385 2705/2014/2385 2681/2015/2385 2701/2016/2385 2699/2017/2385
f 2703/2018/2386 2704/2019/2386 2706/2013/2386
f 2682/2020/2387 2709/2021/2387 2708/2022/2387 2697/2023/2387 2695/2024/2387
f 2699/2017/2388 2701/2016/2388 2702/1999/2388 2700/2008/2388
f 2707/2025/2389 2708/2022/2389 2710/2026/2389
f 2687/2027/2390 2699/2017/2390 2700/2008/2390 2688/2007/2390
f 2703/2028/2391 2707/2025/2391 2710/2026/2391 2704/2019/2391
f 2695/2024/2392 2697/2023/2392 2698/2001/2392 2696/2005/2392
f 2680/1989/2393 2682/2020/2393 2695/2024/2393 2693/2029/2393
f 2693/2029/2394 2695/2024/2394 2696/2005/2394 2694/1992/2394
f 2705/2030/2395 2704/2019/2395 2710/2026/2395 2709/2031/2395
f 2697/2023/2396 2690/2032/2396 2689/2002/2396 2698/2001/2396
f 2681/2015/2397 2679/1990/2397 2692/2033/2397 2701/2016/2397
f 2701/2016/2398 2692/2033/2398 2691/1991/2398 2702/1999/2398
f 2679/1990/2399 2680/1989/2399 2693/2029/2399 2692/2033/2399
f 2692/2033/2400 2693/2029/2400 2694/1992/2400 2691/1991/2400
f 2673/2034/2401 2674/2035/2401 2689/2036/2401 2688/2037/2401
f 2688/2037/2402 2689/2036/2402 2690/1984/2402 2687/1983/2402
f 2704/2019/2403 2705/2030/2403 2706/2013/2403
f 2675/2038/2404 2703/2018/2404 2706/2013/2404 2699/2017/2404 2687/2027/2404
f 2708/2022/2405 2709/2021/2405 2710/2026/2405
f 2708/2022/2406 2707/2039/2406 2676/2040/2406 2690/2032/2406 2697/2023/2406
f 2675/1986/2407 2676/1985/2407 2707/2025/2407 2703/2028/2407
f 2681/1987/2408 2705/2030/2408 2709/2031/2408 2682/1988/2408
l 2671 2672
l 2711 2712
o Cube
v 0.669476 0.278015 0.133469
v 0.306509 0.297227 0.132730
v 0.374178 0.011894 -0.143686
v 0.621624 0.017256 -0.156239
v 0.828594 0.042625 -0.248759
v 0.993616 0.024672 -0.022247
v 0.139059 0.294920 -0.249771
v 0.121298 0.034162 -0.239212
v 0.137555 0.012078 -0.218443
v -0.019431 0.283254 0.006015
v 0.006222 0.315390 -0.021745
v -0.011758 0.018474 -0.008005
v 0.323815 0.003203 0.101591
v 0.662726 0.040220 0.136233
v 0.369278 0.297460 -0.155324
v 0.609293 0.309607 -0.127858
v 0.607265 0.273174 -0.161421
v 0.991177 0.299774 -0.001928
v 0.883523 0.277880 -0.225888
v -0.027490 0.279781 -0.035643
v 0.846697 0.008870 -0.219270
v 0.646887 0.312717 0.094885
v 0.671401 0.013933 0.093946
v 0.874947 0.048173 -0.234044
v 0.834858 0.298586 -0.244637
v 0.985430 0.044518 0.008512
v 0.999625 0.275382 -0.046988
v 0.103081 0.272676 -0.239380
v 0.322450 0.041413 0.133277
v -0.032484 0.042733 -0.038792
v 1.210258 0.009612 -0.208144
v 0.985591 0.279542 -0.396493
v 1.334668 0.303055 -0.403736
v 1.310903 0.003288 -0.413977
v 1.094914 0.022933 -0.536596
v 1.044591 0.305862 -0.047384
v 0.864976 0.281574 -0.263952
v 1.065044 0.043750 -0.041358
v 0.865138 0.040844 -0.274253
v 0.865311 0.027408 -0.236334
v 1.020096 0.012688 -0.374336
v 1.236514 0.274483 -0.214752
v 1.203157 0.311624 -0.228599
v 1.339637 0.039272 -0.399211
v 1.335776 0.263535 -0.461100
v 1.004653 0.039102 -0.037782
v 1.083274 0.303154 -0.537574
v 0.990332 0.042383 -0.397552
v 1.127072 0.274741 -0.541467
v 1.037895 0.011547 -0.057936
v 1.333134 0.056067 -0.455486
v 0.901736 0.307486 -0.239830
v 0.992697 0.278104 -0.040500
v 1.408792 0.020292 -0.656511
v 1.422911 0.278441 -0.673286
v 1.374951 0.021510 -0.489381
v 1.346825 0.303291 -0.476894
v 1.107377 0.015085 -0.586333
v 1.123770 0.312441 -0.571570
v 1.102515 0.280497 -0.553558
v 1.128837 0.024444 -0.690434
v 1.380183 0.043723 -0.702136
v 1.114275 0.037725 -0.551973
v 1.391364 0.311730 -0.676070
v 1.391116 0.268516 -0.698854
v 1.135474 0.293029 -0.706330
v 1.169821 0.044876 -0.720129
v 1.374493 0.275200 -0.483682
v 1.334906 0.047864 -0.456757
v 1.216015 0.278015 -1.394227
v 1.388547 0.297227 -1.074887
v 1.113337 0.011894 -1.002470
v 0.984241 0.017256 -1.213945
v 0.804180 0.042625 -1.351693
v 0.924509 0.024672 -1.604795
v 1.132288 0.294920 -0.745223
v 1.150042 0.034162 -0.734652
v 1.160537 0.012078 -0.758849
v 1.432701 0.283254 -0.727980
v 1.396065 0.315390 -0.737280
v 1.416719 0.018474 -0.728034
v 1.352924 0.003203 -1.075238
v 1.221664 0.040220 -1.389613
v 1.105447 0.297460 -0.992611
v 1.015067 0.309607 -1.216649
v 0.986538 0.273175 -1.198853
v 0.943530 0.299774 -1.612346
v 0.798072 0.277880 -1.410879
v 1.399936 0.279781 -0.701021
v 0.821458 0.008870 -1.381672
v 1.192884 0.312717 -1.355965
v 1.180362 0.013933 -1.377061
v 0.794996 0.048173 -1.399451
v 0.804814 0.298586 -1.359164
v 0.955448 0.044518 -1.612277
v 0.899899 0.275382 -1.598271
v 1.158586 0.272676 -0.718563
v 1.381422 0.041413 -1.089157
v 1.399552 0.042733 -0.695130
v 0.118666 0.009612 -1.645394
v 0.230743 0.279542 -1.374490
v -0.082102 0.303055 -1.529521
v -0.065768 0.003288 -1.509449
v 0.069017 0.022933 -1.300836
v 0.339902 0.305862 -1.711301
v 0.398984 0.281574 -1.436215
v 0.324556 0.043750 -1.726105
v 0.394077 0.040844 -1.427157
v 0.411461 0.027408 -1.460857
v 0.210399 0.012688 -1.410093
v 0.092330 0.274483 -1.651678
v 0.115501 0.311624 -1.623973
v -0.084415 0.039272 -1.535832
v -0.109616 0.263535 -1.479174
v 0.379753 0.039102 -1.701343
v 0.078884 0.303154 -1.294586
v 0.226050 0.042383 -1.375744
v 0.038252 0.274740 -1.311391
v 0.340958 0.011547 -1.698849
v -0.104677 0.056067 -1.482930
v 0.377549 0.307486 -1.474605
v 0.389096 0.278104 -1.693403
v -0.274177 0.020292 -1.326443
v -0.294306 0.278441 -1.317746
v -0.169207 0.021510 -1.460826
v -0.138465 0.303291 -1.459425
v 0.026822 0.015085 -1.254505
v 0.018757 0.312441 -1.275038
v 0.045820 0.280497 -1.281652
v -0.038902 0.024444 -1.170972
v -0.268977 0.043724 -1.272841
v 0.036009 0.037725 -1.288325
v -0.267329 0.311730 -1.301156
v -0.277290 0.268516 -1.280664
v -0.051943 0.293029 -1.159719
v -0.088836 0.044876 -1.162726
v -0.166250 0.275200 -1.465719
v -0.118803 0.047864 -1.472112
v 0.707781 0.020292 -1.697271
v 0.692357 0.278441 -1.712856
v 0.652406 0.047042 -1.408226
v 0.871147 0.021510 -1.648390
v 0.881027 0.303292 -1.619246
v 0.750292 0.015085 -1.390728
v 0.766483 0.312441 -1.405711
v 0.782490 0.280497 -1.382909
v 0.658721 0.017324 -1.442175
v 0.659746 0.043723 -1.672924
v 0.785136 0.037725 -1.394476
v 0.686719 0.311730 -1.681691
v 0.664008 0.268516 -1.683514
v 0.633343 0.293029 -1.429607
v 0.622721 0.044876 -1.465065
v 0.876780 0.275200 -1.647416
v 0.899998 0.047864 -1.605547
v 0.444999 0.020292 -1.722520
v 0.425819 0.278441 -1.733147
v 0.473022 0.047042 -1.429556
v 0.615518 0.021510 -1.721483
v 0.633184 0.303292 -1.696286
v 0.571883 0.015085 -1.440251
v 0.583215 0.312441 -1.459178
v 0.604981 0.280497 -1.441789
v 0.469549 0.017324 -1.463912
v 0.405734 0.043723 -1.685664
v 0.604273 0.037725 -1.453633
v 0.429160 0.311730 -1.701653
v 0.406850 0.268516 -1.697024
v 0.448722 0.293029 -1.444724
v 0.428570 0.044876 -1.475772
v 0.621198 0.275200 -1.722130
v 0.655239 0.047864 -1.688467
v -0.425742 0.278015 -0.557041
v -0.446573 0.297227 -0.919410
v -0.166624 0.011894 -0.868287
v -0.139390 0.017256 -0.622024
v -0.034734 0.042625 -0.420917
v -0.251039 0.024672 -0.242727
v -0.074699 0.294920 -1.109295
v -0.086295 0.034162 -1.126397
v -0.106061 0.012078 -1.108934
v -0.339451 0.283254 -1.252304
v -0.310216 0.315390 -1.228346
v -0.325000 0.018474 -1.245479
v -0.414460 0.003203 -0.903985
v -0.428902 0.040220 -0.563615
v -0.155299 0.297460 -0.873870
v -0.168453 0.309607 -0.632647
v -0.135070 0.273174 -0.636666
v -0.271468 0.299774 -0.243954
v -0.054301 0.277880 -0.364727
v -0.298346 0.279781 -1.262825
v -0.063095 0.008870 -0.401095
v -0.388569 0.312717 -0.581883
v -0.386174 0.013933 -0.557468
v -0.046669 0.048173 -0.373771
v -0.038476 0.298586 -0.414420
v -0.282231 0.044518 -0.249071
v -0.225985 0.275382 -0.238199
v -0.087210 0.272676 -1.144591
v -0.446172 0.041413 -0.903465
v -0.295499 0.042733 -1.267997
v -0.079852 0.020292 -0.055963
v -0.072095 0.278441 -0.035454
v 0.088237 0.047042 -0.297540
v -0.209242 0.021510 -0.167030
v -0.206422 0.303291 -0.197674
v 0.005915 0.015085 -0.353317
v -0.014968 0.312441 -0.346209
v -0.020324 0.280497 -0.373549
v 0.068667 0.017324 -0.269089
v -0.026068 0.043724 -0.058681
v -0.027444 0.037725 -0.364057
v -0.054276 0.311730 -0.061636
v -0.034266 0.268516 -0.050739
v 0.096962 0.293029 -0.270256
v 0.092253 0.044876 -0.233542
v -0.213993 0.275200 -0.170210
v -0.218187 0.047864 -0.217901
vn 0.3141 -0.5235 -0.7920
vn -0.7402 0.6666 0.0876
vn -0.4829 -0.8159 -0.3178
vn 0.3017 0.0080 -0.9534
vn -0.9805 -0.0386 0.1929
vn -0.2654 -0.0210 -0.9639
vn 0.5225 0.7870 -0.3281
vn -0.3238 0.6507 -0.6868
vn 0.0386 0.7541 0.6556
vn -0.2154 -0.7054 -0.6753
vn 0.3861 0.0290 0.9220
vn 0.0208 -0.9996 -0.0174
vn 0.4703 0.8274 -0.3070
vn -0.0388 -0.9992 -0.0056
vn 0.3680 0.0004 0.9298
vn 0.8670 -0.0695 -0.4935
vn -0.7931 -0.0610 -0.6060
vn 0.8856 0.0246 0.4637
vn 0.0271 -0.9987 0.0439
vn 0.7471 -0.0575 0.6622
vn 0.8040 -0.5380 -0.2535
vn 0.0901 -0.5149 0.8525
vn -1.0000 -0.0009 0.0043
vn 0.3219 -0.6653 -0.6736
vn 0.9927 -0.0159 -0.1195
vn -0.5456 -0.7821 -0.3010
vn -0.0435 -0.9956 -0.0829
vn -0.7016 0.0300 -0.7120
vn -0.8210 -0.0139 -0.5708
vn 0.9998 0.0189 0.0063
vn 0.5954 0.6889 0.4134
vn -0.4148 0.8536 0.3151
vn 0.3292 -0.0603 -0.9423
vn -0.8666 0.0528 0.4962
vn 0.4936 0.4034 -0.7705
vn -0.3739 -0.0409 0.9266
vn -0.2887 0.6088 0.7390
vn -0.9732 -0.0457 0.2254
vn 0.0405 -0.8484 -0.5279
vn -0.8595 0.4900 -0.1452
vn 0.0450 -0.8769 -0.4786
vn 0.6250 -0.0164 0.7804
vn 0.0350 0.0603 -0.9976
vn -0.3058 0.0890 0.9479
vn -0.8459 -0.5235 0.1019
vn 0.4302 0.6666 0.6087
vn -0.0489 -0.8159 0.5761
vn -0.9818 0.0080 0.1897
vn 0.6373 -0.0386 0.7696
vn -0.7205 -0.0210 0.6932
vn -0.5376 0.7870 -0.3026
vn -0.4491 0.6507 0.6122
vn 0.5578 0.7541 -0.3467
vn -0.4907 -0.7054 0.5115
vn 0.6261 0.0290 -0.7792
vn -0.0252 -0.9996 -0.0100
vn -0.4942 0.8274 -0.2669
vn 0.0136 -0.9992 0.0367
vn 0.6416 0.0004 -0.7671
vn -0.8473 -0.0695 -0.5265
vn -0.1541 -0.0610 0.9862
vn -0.5708 0.0246 -0.8208
vn -0.0037 -0.9987 -0.0515
vn -0.3561 -0.0575 -0.9327
vn -0.8300 -0.5380 -0.1471
vn 0.3144 -0.5149 -0.7975
vn 0.8886 -0.0009 0.4587
vn -0.5969 -0.6653 0.4483
vn -0.9354 -0.0159 -0.3532
vn 0.3445 -0.7821 0.5192
vn 0.0002 -0.9956 0.0936
vn 0.2927 0.0300 0.9557
vn 0.4639 -0.0139 0.8858
vn -0.8835 0.0189 -0.4680
vn -0.3367 0.6889 -0.6419
vn 0.5135 0.8536 -0.0875
vn -0.7277 -0.0603 0.6832
vn 0.9978 0.0528 -0.0391
vn -0.7859 0.4034 0.4686
vn 0.5885 0.6088 -0.5320
vn 0.9713 -0.0457 0.2333
vn -0.2722 -0.8484 0.4541
vn 0.7040 0.4900 0.5141
vn -0.2541 -0.8769 0.4080
vn -0.2103 -0.0164 -0.9775
vn -0.4771 0.0603 0.8768
vn 0.6972 0.0890 -0.7113
vn -0.7224 0.4034 -0.5616
vn -0.7031 -0.5947 0.3898
vn 0.7097 0.6087 0.3546
vn 0.1361 -0.0457 0.9896
vn -0.5657 -0.8190 -0.0962
vn -0.2227 0.4900 0.8428
vn -0.4774 -0.8727 -0.1020
vn 0.8340 -0.0164 -0.5515
vn -0.9903 0.0603 -0.1254
vn 0.9162 0.0890 0.3906
vn -0.8511 0.4034 -0.3361
vn -0.5653 -0.5947 0.5716
vn 0.7807 0.6088 0.1410
vn 0.4086 -0.0457 0.9116
vn -0.5699 -0.8190 0.0665
vn 0.0229 0.4900 0.8714
vn -0.4868 -0.8727 0.0362
vn 0.6455 -0.0164 -0.7636
vn -0.9856 0.0603 0.1577
vn 0.9891 0.0890 0.1176
vn 0.8093 -0.5235 0.2665
vn -0.1315 0.6666 -0.7337
vn 0.2886 -0.8159 -0.5010
vn 0.9696 0.0080 0.2445
vn -0.2508 -0.0386 -0.9673
vn 0.9464 -0.0210 -0.3223
vn 0.3585 0.7870 0.5020
vn 0.6664 0.6507 -0.3640
vn -0.6522 0.7541 0.0775
vn 0.6613 -0.7054 -0.2551
vn -0.8974 0.0290 0.4402
vn 0.0186 -0.9996 0.0197
vn 0.3344 0.8274 0.4512
vn 0.0032 -0.9992 -0.0390
vn -0.9063 0.0004 0.4226
vn 0.5441 -0.0695 0.8361
vn 0.5578 -0.0610 -0.8278
vn 0.4318 0.4034 0.8068
vn 0.8008 -0.5947 -0.0704
vn -0.5043 0.6088 -0.6125
vn 0.2779 -0.0457 -0.9595
vn 0.4777 -0.8190 0.3178
vn 0.5461 0.4900 -0.6795
vn 0.3947 -0.8727 0.2872
vn -0.9862 -0.0164 0.1649
vn 0.8538 0.0603 0.5171
vn -0.6784 0.0890 -0.7293
vn 0.0490 -0.9979 0.0435
vn -0.8413 0.0249 -0.5400
vn 0.2293 -0.7982 0.5570
vn 0.8387 -0.0120 -0.5445
vn 0.2492 -0.5597 -0.7903
vn 0.9667 0.0021 0.2559
vn -0.2697 0.7437 0.6117
vn -0.5746 0.7161 -0.3963
vn 0.0149 -0.7526 0.6583
vn 0.0500 0.6752 -0.7359
vn -0.2688 -0.6205 0.7367
vn -0.0027 -0.9997 -0.0261
vn 0.1954 0.7833 0.5901
vn -0.0263 0.9856 0.1670
vn -0.0019 0.0020 1.0000
vn -0.0010 0.9982 -0.0598
vn -0.0058 -0.9999 0.0158
vn 0.0334 0.9992 -0.0231
vn -0.0396 -0.0324 -0.9987
vn 0.6473 -0.6278 -0.4323
vn -0.5373 -0.7529 -0.3800
vn 0.0208 0.9968 -0.0774
vn -0.0086 0.0119 0.9999
vn -0.3741 -0.0078 -0.9274
vn 0.3639 -0.0464 -0.9303
vn 0.9814 -0.0143 0.1917
vn -0.8259 0.0099 0.5638
vn 0.3666 0.0193 -0.9302
vn 0.0862 0.0230 0.9960
vn -0.8171 -0.0343 0.5755
vn -0.0144 0.9997 0.0192
vn 0.3578 -0.0298 -0.9333
vn -0.3733 0.8580 -0.3528
vn -0.6891 0.6022 0.4032
vn 0.4744 -0.6847 0.5532
vn 0.6602 -0.6681 0.3433
vn -0.4016 -0.8293 -0.3885
vn 0.5446 0.6748 0.4980
vn -0.0001 0.9996 -0.0274
vn -0.7939 0.3608 -0.4893
vn 0.8310 -0.0686 0.5520
vn 0.2986 0.7404 -0.6022
vn -0.7396 -0.0118 -0.6729
vn -0.0933 -0.0073 -0.9956
vn 0.6621 0.0688 0.7463
vn -0.8010 -0.0354 -0.5976
vn -0.4526 -0.8134 0.3655
vn -0.0543 -0.9985 -0.0005
vn -0.9784 0.0098 -0.2064
vn -0.3957 -0.0132 0.9183
vn 0.7127 0.6751 0.1907
vn 0.0853 0.0104 -0.9963
vn 0.2961 0.0613 0.9532
vn -0.1773 -0.8341 0.5223
vn -0.0109 0.9993 -0.0347
vn 0.0108 -0.9996 -0.0278
vn 0.9742 -0.0211 0.2245
vn 0.7559 -0.0574 -0.6522
vn 0.0704 0.4649 -0.8826
vn -0.5752 -0.0342 -0.8173
vn 0.9927 -0.0409 -0.1135
vn 0.0149 -0.9979 -0.0638
vn -0.0732 0.0249 0.9970
vn 0.3801 -0.7982 -0.4673
vn -0.8787 -0.0120 -0.4773
vn -0.8135 -0.5597 0.1580
vn -0.2363 0.0021 -0.9717
vn 0.6663 0.7437 -0.0548
vn -0.0741 0.7161 0.6940
vn 0.5714 -0.7526 -0.3272
vn -0.6706 0.6752 0.3072
vn 0.7757 -0.6205 -0.1152
vn -0.0216 -0.9997 0.0149
vn 0.4254 0.7833 -0.4533
vn 0.1593 0.9856 -0.0566
vn 0.8798 0.0020 -0.4754
vn -0.0521 0.9982 0.0294
vn 0.0166 -0.9999 -0.0025
vn -0.0362 0.9992 -0.0183
vn -0.8588 -0.0324 0.5113
vn -0.6888 -0.6278 -0.3626
vn -0.0776 -0.7529 0.6535
vn -0.0779 0.9968 0.0187
vn 0.8829 0.0119 -0.4695
vn -0.6365 -0.0078 0.7712
vn -0.9912 -0.0464 0.1240
vn -0.2998 -0.0143 -0.9539
vn 0.8895 0.0099 0.4568
vn -0.9924 0.0193 0.1216
vn 0.3843 0.0230 -0.9229
vn 0.9906 -0.0343 -0.1323
vn 0.0217 0.9997 -0.0103
vn -0.7489 -0.0298 0.6620
vn 0.1677 0.8580 0.4855
vn 0.7974 0.6022 -0.0388
vn -0.1648 -0.6847 -0.7099
vn -0.4265 -0.6681 -0.6097
vn 0.1764 -0.8293 0.5302
vn -0.2525 0.6748 -0.6934
vn -0.0125 0.9996 0.0243
vn 0.4776 0.3608 0.8011
vn -0.4814 -0.0686 -0.8738
vn -0.5433 0.7404 0.3958
vn 0.3445 -0.0118 0.9387
vn -0.3778 -0.0073 0.9259
vn -0.2418 0.0688 -0.9679
vn 0.4338 -0.0354 0.9003
vn 0.5703 -0.8134 -0.1148
vn 0.0479 -0.9985 0.0256
vn 0.7830 0.0098 0.6220
vn 0.7644 -0.0132 -0.6446
vn -0.5523 0.6751 -0.4891
vn -0.5216 0.0104 0.8531
vn 0.1611 0.0613 -0.9850
vn 0.3921 -0.8341 -0.3880
vn -0.0058 0.9993 0.0359
vn -0.0221 -0.9996 0.0200
vn -0.7712 -0.0211 -0.6363
vn -0.9677 -0.0574 0.2456
vn -0.4574 0.4649 0.7580
vn 0.1492 -0.0342 0.9882
vn -0.2460 0.0320 0.9687
vn 0.8786 -0.0132 0.4775
vn 0.2546 0.6751 -0.6924
vn -0.9844 0.0104 -0.1754
vn 0.9761 0.0613 -0.2083
vn 0.5041 -0.8341 0.2240
vn -0.0355 0.9993 0.0077
vn -0.3446 -0.7372 0.5812
vn 0.0028 -0.9998 -0.0174
vn 0.3121 -0.0211 -0.9498
vn -0.5809 -0.0574 -0.8120
vn -0.8725 0.4649 -0.1503
vn -0.8856 -0.0283 0.4636
vn 0.0360 0.0320 0.9988
vn 0.9773 -0.0132 0.2115
vn 0.0499 0.6751 -0.7360
vn -0.9941 0.0104 0.1081
vn 0.8784 0.0613 -0.4741
vn 0.5467 -0.8341 0.0734
vn -0.0319 0.9993 0.0174
vn -0.1675 -0.7372 0.6546
vn -0.0022 -0.9998 -0.0175
vn 0.0328 -0.0211 -0.9992
vn -0.7855 -0.0574 -0.6162
vn -0.8796 0.4649 0.1008
vn -0.7198 -0.0283 0.6936
vn -0.9472 -0.0409 -0.3181
vn -0.0405 -0.9979 0.0515
vn 0.4891 0.0249 -0.8719
vn -0.5424 -0.7982 0.2620
vn 0.5933 -0.0120 0.8049
vn 0.8037 -0.5597 0.2018
vn -0.1980 0.0021 0.9802
vn -0.6267 0.7437 -0.2329
vn 0.3614 0.7161 -0.5971
vn -0.6562 -0.7526 0.0540
vn 0.7376 0.6752 0.0062
vn -0.7514 -0.6205 -0.2246
vn 0.0259 -0.9997 -0.0043
vn -0.5775 0.7833 0.2301
vn -0.1683 0.9856 -0.0163
vn -0.9983 0.0020 0.0575
vn 0.0597 0.9982 -0.0045
vn -0.0161 -0.9999 -0.0048
vn 0.0251 0.9992 0.0319
vn 0.9946 -0.0324 -0.0989
vn 0.4700 -0.6278 0.6205
vn 0.3474 -0.7529 -0.5589
vn 0.0785 0.9968 0.0161
vn -0.9986 0.0119 0.0508
vn 0.9035 -0.0078 -0.4285
vn 0.9503 -0.0464 0.3080
vn -0.1330 -0.0143 0.9910
vn -0.6119 0.0099 -0.7909
vn 0.9503 0.0193 0.3107
vn 0.6185 0.0320 -0.7851
vn -0.6086 -0.0132 -0.7934
vn -0.5141 0.6751 0.5291
vn 0.8281 0.0104 0.5604
vn -0.9765 0.0613 -0.2065
vn -0.3695 -0.8341 -0.4096
vn 0.0356 0.9993 0.0074
vn 0.5511 -0.7372 -0.3910
vn -0.0097 -0.9998 0.0147
vn -0.6712 -0.0211 0.7409
vn 0.2007 -0.0574 0.9780
vn 0.7361 0.4649 0.4920
vn 0.9976 -0.0283 -0.0636
vt 0.366299 0.528392
vt 0.366299 0.500000
vt 0.375000 0.527454
vt 0.596844 0.027111
vt 0.597546 0.000000
vt 0.625000 0.030810
vt 0.133701 0.738083
vt 0.125000 0.722715
vt 0.133701 0.525444
vt 0.401383 0.534452
vt 0.402454 0.491299
vt 0.606693 0.491299
vt 0.398351 0.000000
vt 0.402454 0.234158
vt 0.598352 0.222546
vt 0.605541 0.258701
vt 0.633701 0.720962
vt 0.596747 0.722546
vt 0.597546 0.534302
vt 0.594871 0.413766
vt 0.625000 0.413766
vt 0.625000 0.836234
vt 0.607539 0.913766
vt 0.596326 0.836233
vt 0.288766 0.514403
vt 0.612589 0.758701
vt 0.402395 0.758701
vt 0.290408 0.725524
vt 0.211234 0.519798
vt 0.633701 0.527454
vt 0.402454 0.836234
vt 0.383543 0.722546
vt 0.402020 0.026851
vt 0.788766 0.530439
vt 0.633701 0.721540
vt 0.606856 0.913766
vt 0.598776 0.991299
vt 0.597038 0.759264
vt 0.866299 0.721142
vt 0.788766 0.722546
vt 0.597546 0.750000
vt 0.625000 0.758701
vt 0.597975 0.027219
vt 0.598776 0.000000
vt 0.625000 0.028858
vt 0.133701 0.722546
vt 0.126978 0.729748
vt 0.131744 0.526511
vt 0.386184 0.734120
vt 0.598559 0.722546
vt 0.597546 0.533247
vt 0.211234 0.723759
vt 0.374610 0.731335
vt 0.211234 0.750000
vt 0.402454 0.913766
vt 0.211234 0.527454
vt 0.366299 0.514537
vt 0.608067 0.491299
vt 0.597546 0.336234
vt 0.625000 0.336234
vt 0.406967 0.257554
vt 0.599003 0.222546
vt 0.608491 0.258701
vt 0.402003 0.535542
vt 0.402387 0.020183
vt 0.402454 0.222546
vt 0.366299 0.526878
vt 0.398351 0.991299
vt 0.399882 0.913767
vt 0.597546 0.991299
vt 0.127095 0.729962
vt 0.131798 0.526079
vt 0.612690 0.014214
vt 0.598401 0.027160
vt 0.401868 0.019968
vt 0.633701 0.722269
vt 0.597643 0.722546
vt 0.597546 0.532608
vt 0.374468 0.733298
vt 0.404117 0.258701
vt 0.598895 0.222546
vt 0.609570 0.258701
vt 0.402071 0.534974
vt 0.388654 0.736706
vt 0.366299 0.528392
vt 0.596844 0.027111
vt 0.625000 0.030810
vt 0.133701 0.525444
vt 0.401383 0.534452
vt 0.398351 0.000000
vt 0.402454 0.234158
vt 0.605541 0.258701
vt 0.633701 0.720962
vt 0.596747 0.722546
vt 0.597546 0.534302
vt 0.594872 0.413766
vt 0.607539 0.913766
vt 0.596326 0.836233
vt 0.288766 0.514403
vt 0.402395 0.758701
vt 0.290408 0.725524
vt 0.383543 0.722546
vt 0.402020 0.026851
vt 0.788766 0.530439
vt 0.633701 0.721540
vt 0.606856 0.913766
vt 0.598776 0.991299
vt 0.866299 0.721142
vt 0.597975 0.027219
vt 0.598776 0.000000
vt 0.625000 0.028858
vt 0.126978 0.729748
vt 0.131744 0.526511
vt 0.386184 0.734120
vt 0.598559 0.722546
vt 0.597546 0.533246
vt 0.374610 0.731335
vt 0.366299 0.514537
vt 0.608067 0.491299
vt 0.406967 0.257554
vt 0.599003 0.222546
vt 0.608491 0.258701
vt 0.402003 0.535542
vt 0.402387 0.020184
vt 0.366299 0.526878
vt 0.127095 0.729962
vt 0.131798 0.526079
vt 0.612690 0.014214
vt 0.598401 0.027160
vt 0.401868 0.019968
vt 0.633701 0.722270
vt 0.597643 0.722546
vt 0.597546 0.532608
vt 0.374468 0.733298
vt 0.609570 0.258701
vt 0.402072 0.534974
vt 0.388654 0.736706
vt 0.597546 0.758701
vt 0.127095 0.729962
vt 0.131798 0.526079
vt 0.612690 0.014214
vt 0.598401 0.027160
vt 0.401868 0.019968
vt 0.633701 0.722269
vt 0.597546 0.532608
vt 0.374468 0.733298
vt 0.404117 0.258701
vt 0.598895 0.222546
vt 0.402072 0.534974
vt 0.388654 0.736706
vt 0.366299 0.526878
vt 0.127095 0.729962
vt 0.131798 0.526079
vt 0.612690 0.014214
vt 0.598401 0.027160
vt 0.401868 0.019968
vt 0.597643 0.722546
vt 0.597546 0.532608
vt 0.374468 0.733298
vt 0.404117 0.258701
vt 0.598895 0.222546
vt 0.402071 0.534974
vt 0.388654 0.736706
vt 0.596844 0.027111
vt 0.625000 0.030809
vt 0.125000 0.722715
vt 0.133701 0.525444
vt 0.401383 0.534453
vt 0.606694 0.491299
vt 0.402454 0.234158
vt 0.598352 0.222546
vt 0.605541 0.258701
vt 0.596747 0.722546
vt 0.597546 0.534302
vt 0.594871 0.413766
vt 0.596326 0.836234
vt 0.290408 0.725524
vt 0.211234 0.519798
vt 0.383543 0.722546
vt 0.402020 0.026851
vt 0.127095 0.729962
vt 0.612690 0.014214
vt 0.401868 0.019968
vt 0.633701 0.722269
vt 0.597546 0.532608
vt 0.374469 0.733298
vt 0.404117 0.258701
vt 0.402072 0.534974
vt 0.388654 0.736706
vt 0.366299 0.750000
vt 0.288766 0.750000
vt 0.127794 0.518637
vt 0.625000 0.991299
vt 0.605911 0.241635
vt 0.211234 0.722546
vt 0.607912 0.336234
vt 0.866439 0.719190
vt 0.711233 0.720014
vt 0.711233 0.527454
vt 0.788766 0.527454
vt 0.402454 0.413766
vt 0.402454 0.336234
vt 0.866299 0.527454
vt 0.608491 0.239055
vt 0.132554 0.500000
vt 0.402661 0.491299
vt 0.402454 0.991299
vt 0.400308 0.991299
vt 0.612094 0.758701
vt 0.612690 0.991299
vt 0.133701 0.500000
vt 0.609570 0.237976
vt 0.866299 0.724233
vt 0.402331 0.491299
vt 0.611095 0.491299
vt 0.398351 0.991299
vt 0.399882 0.913766
vt 0.605911 0.241635
vt 0.866439 0.719190
vt 0.608491 0.239055
vt 0.132554 0.500000
vt 0.402661 0.491299
vt 0.612094 0.758701
vt 0.609570 0.237976
vt 0.866299 0.724233
vt 0.402331 0.491299
vt 0.400308 0.991299
vt 0.612690 0.991299
vt 0.609570 0.237976
vt 0.402331 0.491299
vt 0.611096 0.491299
vt 0.400308 0.991299
vt 0.866299 0.724233
vt 0.402331 0.491299
vt 0.398351 0.991299
vt 0.399882 0.913766
vt 0.866439 0.719191
vt 0.400308 0.991299
vt 0.402331 0.491299
s 0
f 2733/2041/2409 2717/2042/2409 2736/2043/2409
f 2732/2044/2410 2722/2045/2410 2723/2046/2410
f 2724/2047/2411 2742/2048/2411 2721/2049/2411
f 2736/2050/2412 2717/2051/2412 2737/2052/2412
f 2722/2045/2413 2732/2044/2413 2724/2053/2413
f 2720/2054/2414 2740/2055/2414 2719/2056/2414
f 2730/2057/2415 2739/2058/2415 2731/2059/2415
f 2737/2052/2416 2729/2060/2416 2728/2061/2416
f 2734/2062/2417 2714/2063/2417 2713/2064/2417
f 2716/2065/2418 2717/2042/2418 2733/2041/2418
f 2730/2066/2419 2713/2064/2419 2738/2067/2419
f 2716/2065/2420 2735/2068/2420 2715/2069/2420
f 2730/2057/2421 2731/2059/2421 2737/2070/2421
f 2716/2065/2422 2733/2041/2422 2735/2068/2422
f 2738/2067/2423 2713/2064/2423 2726/2071/2423
f 2736/2050/2424 2739/2058/2424 2718/2072/2424
f 2742/2073/2425 2740/2055/2425 2720/2054/2425
f 2745/2070/2426 2754/2074/2426 2756/2075/2426
f 2743/2076/2427 2762/2077/2427 2746/2078/2427
f 2750/2079/2428 2743/2080/2428 2754/2074/2428
f 2763/2081/2429 2756/2082/2429 2746/2078/2429
f 2758/2083/2430 2762/2084/2430 2750/2085/2430
f 2751/2086/2431 2752/2087/2431 2749/2088/2431
f 2747/2089/2432 2763/2090/2432 2746/2078/2432
f 2756/2075/2433 2763/2090/2433 2757/2091/2433
f 2760/2092/2434 2747/2093/2434 2753/2094/2434
f 2747/2089/2435 2746/2078/2435 2753/2095/2435
f 2760/2092/2436 2751/2086/2436 2749/2088/2436
f 2744/2096/2437 2759/2097/2437 2760/2092/2437
f 2756/2075/2438 2757/2091/2438 2745/2070/2438
f 2745/2098/2439 2755/2099/2439 2754/2100/2439
f 2764/2101/2440 2765/2102/2440 2748/2103/2440
f 2761/2104/2441 2763/2090/2441 2747/2089/2441
f 2752/2105/2442 2765/2102/2442 2749/2106/2442
f 2776/2107/2443 2767/2042/2443 2777/2043/2443
f 2724/2108/2444 2741/2109/2444 2714/2063/2444 2722/2110/2444
f 2771/2086/2445 2772/2111/2445 2769/2112/2445
f 2770/2113/2446 2775/2114/2446 2772/2115/2446
f 2773/2116/2447 2779/2117/2447 2774/2118/2447
f 2771/2086/2448 2778/2119/2448 2772/2111/2448
f 2773/2116/2449 2774/2118/2449 2766/2070/2449
f 2780/2120/2450 2781/2121/2450 2768/2122/2450
f 2777/2123/2451 2779/2117/2451 2778/2124/2451
f 2772/2115/2452 2781/2121/2452 2769/2106/2452
f 2802/2125/2453 2786/2042/2453 2805/2043/2453
f 2801/2126/2454 2791/2045/2454 2792/2127/2454
f 2793/2047/2455 2811/2048/2455 2790/2128/2455
f 2805/2129/2456 2786/2051/2456 2806/2052/2456
f 2791/2045/2457 2801/2126/2457 2793/2130/2457
f 2789/2131/2458 2809/2055/2458 2788/2132/2458
f 2799/2133/2459 2808/2134/2459 2800/2135/2459
f 2806/2052/2460 2798/2136/2460 2797/2061/2460
f 2803/2062/2461 2783/2137/2461 2782/2138/2461
f 2785/2139/2462 2786/2042/2462 2802/2125/2462
f 2799/2066/2463 2782/2138/2463 2807/2140/2463
f 2785/2139/2464 2804/2141/2464 2784/2069/2464
f 2799/2133/2465 2800/2135/2465 2806/2070/2465
f 2785/2139/2466 2802/2125/2466 2804/2141/2466
f 2807/2140/2467 2782/2138/2467 2795/2071/2467
f 2805/2129/2468 2808/2134/2468 2787/2142/2468
f 2811/2143/2469 2809/2055/2469 2789/2131/2469
f 2814/2070/2470 2823/2144/2470 2825/2145/2470
f 2812/2146/2471 2831/2147/2471 2815/2078/2471
f 2819/2148/2472 2812/2080/2472 2823/2144/2472
f 2832/2081/2473 2825/2082/2473 2815/2078/2473
f 2827/2149/2474 2831/2150/2474 2819/2151/2474
f 2820/2086/2475 2821/2152/2475 2818/2153/2475
f 2816/2154/2476 2832/2155/2476 2815/2078/2476
f 2825/2145/2477 2832/2155/2477 2826/2156/2477
f 2829/2092/2478 2816/2157/2478 2822/2094/2478
f 2816/2154/2479 2815/2078/2479 2822/2095/2479
f 2829/2092/2480 2820/2086/2480 2818/2153/2480
f 2813/2096/2481 2828/2158/2481 2829/2092/2481
f 2825/2145/2482 2826/2156/2482 2814/2070/2482
f 2814/2159/2483 2824/2099/2483 2823/2100/2483
f 2833/2160/2484 2834/2161/2484 2817/2162/2484
f 2830/2163/2485 2832/2155/2485 2816/2154/2485
f 2821/2164/2486 2834/2161/2486 2818/2106/2486
f 2845/2165/2487 2836/2042/2487 2846/2043/2487
f 2840/2086/2488 2841/2166/2488 2838/2167/2488
f 2839/2168/2489 2844/2169/2489 2841/2170/2489
f 2842/2171/2490 2848/2172/2490 2843/2173/2490
f 2840/2086/2491 2847/2174/2491 2841/2166/2491
f 2842/2171/2492 2843/2173/2492 2835/2070/2492
f 2849/2120/2493 2850/2121/2493 2837/2175/2493
f 2846/2176/2494 2848/2172/2494 2847/2177/2494
f 2841/2170/2495 2850/2121/2495 2838/2106/2495
f 2862/2165/2496 2852/2042/2496 2863/2043/2496
f 2865/2081/2497 2859/2082/2497 2853/2178/2497
f 2857/2086/2498 2858/2179/2498 2855/2180/2498
f 2856/2181/2499 2861/2182/2499 2858/2183/2499
f 2859/2184/2500 2865/2117/2500 2860/2185/2500
f 2857/2086/2501 2864/2186/2501 2858/2179/2501
f 2859/2184/2502 2860/2185/2502 2851/2070/2502
f 2866/2187/2503 2867/2188/2503 2854/2122/2503
f 2863/2189/2504 2865/2117/2504 2864/2190/2504
f 2858/2183/2505 2867/2188/2505 2855/2106/2505
f 2879/2191/2506 2869/2042/2506 2880/2043/2506
f 2882/2081/2507 2876/2082/2507 2870/2178/2507
f 2874/2086/2508 2875/2192/2508 2872/2193/2508
f 2873/2194/2509 2878/2195/2509 2875/2196/2509
f 2876/2116/2510 2882/2197/2510 2877/2198/2510
f 2874/2086/2511 2881/2199/2511 2875/2192/2511
f 2876/2116/2512 2877/2198/2512 2868/2070/2512
f 2883/2200/2513 2884/2201/2513 2871/2122/2513
f 2880/2202/2514 2882/2197/2514 2881/2203/2514
f 2875/2196/2515 2884/2201/2515 2872/2106/2515
f 2905/2041/2516 2889/2042/2516 2908/2043/2516
f 2904/2204/2517 2894/2045/2517 2895/2205/2517
f 2896/2047/2518 2914/2206/2518 2893/2207/2518
f 2908/2208/2519 2889/2051/2519 2909/2209/2519
f 2894/2045/2520 2904/2204/2520 2896/2053/2520
f 2892/2210/2521 2912/2211/2521 2891/2212/2521
f 2902/2057/2522 2911/2213/2522 2903/2214/2522
f 2909/2209/2523 2901/2215/2523 2900/2061/2523
f 2906/2062/2524 2886/2063/2524 2885/2216/2524
f 2888/2065/2525 2889/2042/2525 2905/2041/2525
f 2902/2066/2526 2885/2216/2526 2910/2140/2526
f 2888/2065/2527 2907/2217/2527 2887/2218/2527
f 2902/2057/2528 2903/2214/2528 2909/2070/2528
f 2888/2065/2529 2905/2041/2529 2907/2217/2529
f 2910/2140/2530 2885/2216/2530 2898/2071/2530
f 2908/2208/2531 2911/2213/2531 2890/2219/2531
f 2914/2220/2532 2912/2211/2532 2892/2210/2532
f 2926/2165/2533 2916/2042/2533 2927/2043/2533
f 2929/2081/2534 2923/2082/2534 2917/2178/2534
f 2921/2086/2535 2922/2221/2535 2919/2180/2535
f 2920/2222/2536 2925/2169/2536 2922/2223/2536
f 2923/2224/2537 2929/2117/2537 2924/2225/2537
f 2921/2086/2538 2928/2226/2538 2922/2221/2538
f 2923/2224/2539 2924/2225/2539 2915/2070/2539
f 2930/2227/2540 2931/2201/2540 2918/2122/2540
f 2927/2228/2541 2929/2117/2541 2928/2229/2541
f 2922/2223/2542 2931/2201/2542 2919/2106/2542
f 2733/2041/2543 2718/2072/2543 2735/2068/2543
f 2742/2073/2544 2732/2044/2544 2740/2055/2544
f 2738/2230/2545 2726/2231/2545 2735/2068/2545 2718/2072/2545
f 2736/2050/2546 2731/2059/2546 2739/2058/2546
f 2715/2069/2547 2721/2049/2547 2720/2232/2547
f 2738/2067/2548 2718/2072/2548 2739/2058/2548
f 2723/2233/2549 2722/2110/2549 2714/2063/2549
f 2732/2044/2550 2723/2046/2550 2719/2234/2550 2740/2055/2550
f 2726/2231/2551 2741/2094/2551 2725/2235/2551 2735/2068/2551
f 2728/2061/2552 2729/2060/2552 2727/2236/2552
f 2724/2047/2553 2725/2235/2553 2741/2094/2553
f 2724/2047/2554 2721/2049/2554 2735/2068/2554 2725/2235/2554
f 2730/2066/2555 2734/2062/2555 2713/2064/2555
f 2723/2237/2556 2714/2080/2556 2734/2238/2556
f 2713/2064/2557 2714/2063/2557 2741/2109/2557
f 2723/2237/2558 2734/2238/2558 2728/2239/2558 2727/2240/2558
f 2715/2069/2559 2735/2068/2559 2721/2049/2559
f 2734/2238/2560 2730/2057/2560 2737/2070/2560 2728/2239/2560
f 2716/2241/2561 2715/2242/2561 2727/2236/2561 2729/2060/2561
f 2718/2072/2562 2733/2041/2562 2736/2050/2562
f 2721/2049/2563 2742/2048/2563 2720/2232/2563
f 2727/2240/2564 2719/2243/2564 2723/2237/2564
f 2726/2071/2565 2713/2064/2565 2741/2109/2565
f 2717/2051/2566 2716/2241/2566 2729/2060/2566 2737/2052/2566
f 2715/2242/2567 2720/2054/2567 2719/2056/2567 2727/2236/2567
f 2730/2066/2568 2738/2067/2568 2739/2058/2568
f 2724/2053/2569 2732/2044/2569 2742/2073/2569
f 2731/2059/2570 2736/2050/2570 2737/2052/2570
f 2758/2083/2571 2750/2085/2571 2748/2244/2571 2765/2102/2571
f 2752/2105/2572 2758/2083/2572 2765/2102/2572
f 2748/2103/2573 2755/2099/2573 2764/2101/2573
f 2761/2104/2574 2757/2091/2574 2763/2090/2574
f 2744/2096/2575 2749/2088/2575 2764/2245/2575
f 2764/2101/2576 2749/2106/2576 2765/2102/2576
f 2750/2233/2577 2762/2077/2577 2743/2076/2577
f 2743/2076/2578 2746/2078/2578 2756/2082/2578
f 2753/2094/2579 2752/2087/2579 2751/2086/2579 2760/2092/2579
f 2754/2100/2580 2755/2099/2580 2748/2103/2580
f 2745/2098/2581 2759/2246/2581 2764/2101/2581 2755/2099/2581
f 2744/2096/2582 2764/2245/2582 2759/2097/2582
f 2754/2074/2583 2743/2080/2583 2756/2075/2583
f 2759/2246/2584 2745/2098/2584 2757/2091/2584 2761/2104/2584
f 2744/2096/2585 2760/2092/2585 2749/2088/2585
f 2747/2089/2586 2759/2097/2586 2761/2104/2586
f 2754/2074/2587 2748/2243/2587 2750/2079/2587
f 2759/2097/2588 2747/2089/2588 2760/2092/2588
f 2762/2084/2589 2758/2083/2589 2752/2105/2589
f 2762/2077/2590 2752/2247/2590 2753/2095/2590 2746/2078/2590
f 2772/2248/2591 2778/2124/2591 2773/2249/2591 2770/2250/2591
f 2772/2115/2592 2775/2114/2592 2781/2121/2592
f 2776/2107/2593 2769/2112/2593 2780/2251/2593 2767/2042/2593
f 2777/2123/2594 2774/2118/2594 2779/2117/2594
f 2780/2120/2595 2769/2106/2595 2781/2121/2595
f 2775/2114/2596 2770/2113/2596 2768/2252/2596 2781/2121/2596
f 2771/2086/2597 2769/2112/2597 2776/2107/2597 2778/2124/2597
f 2766/2070/2598 2768/2243/2598 2770/2253/2598 2773/2116/2598
f 2767/2254/2599 2780/2120/2599 2768/2122/2599 2766/2255/2599
f 2767/2254/2600 2766/2255/2600 2774/2118/2600 2777/2123/2600
f 2778/2124/2601 2776/2107/2601 2777/2123/2601
f 2773/2249/2602 2778/2124/2602 2779/2117/2602
f 2793/2256/2603 2810/2257/2603 2783/2137/2603 2791/2110/2603
f 2802/2125/2604 2787/2142/2604 2804/2141/2604
f 2811/2143/2605 2801/2126/2605 2809/2055/2605
f 2807/2230/2606 2795/2231/2606 2804/2141/2606 2787/2142/2606
f 2805/2129/2607 2800/2135/2607 2808/2134/2607
f 2784/2069/2608 2790/2128/2608 2789/2232/2608
f 2807/2140/2609 2787/2142/2609 2808/2134/2609
f 2792/2233/2610 2791/2110/2610 2783/2137/2610
f 2801/2126/2611 2792/2127/2611 2788/2258/2611 2809/2055/2611
f 2795/2231/2612 2810/2094/2612 2794/2235/2612 2804/2141/2612
f 2797/2061/2613 2798/2136/2613 2796/2236/2613
f 2793/2047/2614 2794/2235/2614 2810/2094/2614
f 2793/2047/2615 2790/2128/2615 2804/2141/2615 2794/2235/2615
f 2799/2066/2616 2803/2062/2616 2782/2138/2616
f 2792/2259/2617 2783/2080/2617 2803/2238/2617
f 2782/2138/2618 2783/2137/2618 2810/2257/2618
f 2792/2259/2619 2803/2238/2619 2797/2239/2619 2796/2240/2619
f 2784/2069/2620 2804/2141/2620 2790/2128/2620
f 2803/2238/2621 2799/2133/2621 2806/2070/2621 2797/2239/2621
f 2785/2241/2622 2784/2242/2622 2796/2236/2622 2798/2136/2622
f 2787/2142/2623 2802/2125/2623 2805/2129/2623
f 2790/2128/2624 2811/2048/2624 2789/2232/2624
f 2796/2240/2625 2788/2243/2625 2792/2259/2625
f 2795/2071/2626 2782/2138/2626 2810/2257/2626
f 2786/2051/2627 2785/2241/2627 2798/2136/2627 2806/2052/2627
f 2784/2242/2628 2789/2131/2628 2788/2132/2628 2796/2236/2628
f 2799/2066/2629 2807/2140/2629 2808/2134/2629
f 2793/2130/2630 2801/2126/2630 2811/2143/2630
f 2800/2135/2631 2805/2129/2631 2806/2052/2631
f 2827/2149/2632 2819/2151/2632 2817/2260/2632 2834/2161/2632
f 2821/2164/2633 2827/2149/2633 2834/2161/2633
f 2817/2162/2634 2824/2099/2634 2833/2160/2634
f 2830/2163/2635 2826/2156/2635 2832/2155/2635
f 2813/2096/2636 2818/2153/2636 2833/2261/2636
f 2833/2160/2637 2818/2106/2637 2834/2161/2637
f 2819/2233/2638 2831/2147/2638 2812/2146/2638
f 2812/2146/2639 2815/2078/2639 2825/2082/2639
f 2822/2094/2640 2821/2152/2640 2820/2086/2640 2829/2092/2640
f 2823/2100/2641 2824/2099/2641 2817/2162/2641
f 2814/2159/2642 2828/2262/2642 2833/2160/2642 2824/2099/2642
f 2813/2096/2643 2833/2261/2643 2828/2158/2643
f 2823/2144/2644 2812/2080/2644 2825/2145/2644
f 2828/2262/2645 2814/2159/2645 2826/2156/2645 2830/2163/2645
f 2813/2096/2646 2829/2092/2646 2818/2153/2646
f 2816/2154/2647 2828/2158/2647 2830/2163/2647
f 2823/2144/2648 2817/2243/2648 2819/2148/2648
f 2828/2158/2649 2816/2154/2649 2829/2092/2649
f 2831/2150/2650 2827/2149/2650 2821/2164/2650
f 2831/2147/2651 2821/2247/2651 2822/2095/2651 2815/2078/2651
f 2841/2248/2652 2847/2177/2652 2842/2263/2652 2839/2250/2652
f 2841/2170/2653 2844/2169/2653 2850/2121/2653
f 2845/2165/2654 2838/2167/2654 2849/2251/2654 2836/2042/2654
f 2846/2176/2655 2843/2173/2655 2848/2172/2655
f 2849/2120/2656 2838/2106/2656 2850/2121/2656
f 2844/2169/2657 2839/2168/2657 2837/2264/2657 2850/2121/2657
f 2840/2086/2658 2838/2167/2658 2845/2165/2658 2847/2177/2658
f 2835/2070/2659 2837/2243/2659 2839/2265/2659 2842/2171/2659
f 2836/2266/2660 2849/2120/2660 2837/2175/2660 2835/2255/2660
f 2836/2266/2661 2835/2255/2661 2843/2173/2661 2846/2176/2661
f 2847/2177/2662 2845/2165/2662 2846/2176/2662
f 2842/2263/2663 2847/2177/2663 2848/2172/2663
f 2858/2267/2664 2864/2190/2664 2853/2178/2664 2856/2268/2664
f 2858/2183/2665 2861/2182/2665 2867/2188/2665
f 2862/2165/2666 2855/2180/2666 2866/2251/2666 2852/2042/2666
f 2863/2189/2667 2860/2185/2667 2865/2117/2667
f 2866/2187/2668 2855/2106/2668 2867/2188/2668
f 2861/2182/2669 2856/2181/2669 2854/2269/2669 2867/2188/2669
f 2857/2086/2670 2855/2180/2670 2862/2165/2670 2864/2190/2670
f 2856/2268/2671 2853/2178/2671 2859/2082/2671
f 2851/2070/2672 2854/2243/2672 2856/2265/2672 2859/2184/2672
f 2852/2270/2673 2866/2187/2673 2854/2122/2673 2851/2271/2673
f 2852/2270/2674 2851/2271/2674 2860/2185/2674 2863/2189/2674
f 2864/2190/2675 2862/2165/2675 2863/2189/2675
f 2853/2178/2676 2864/2190/2676 2865/2117/2676
f 2875/2272/2677 2881/2203/2677 2870/2178/2677 2873/2250/2677
f 2875/2196/2678 2878/2195/2678 2884/2201/2678
f 2879/2191/2679 2872/2193/2679 2883/2251/2679 2869/2042/2679
f 2880/2202/2680 2877/2198/2680 2882/2197/2680
f 2883/2200/2681 2872/2106/2681 2884/2201/2681
f 2878/2195/2682 2873/2194/2682 2871/2269/2682 2884/2201/2682
f 2874/2086/2683 2872/2193/2683 2879/2191/2683 2881/2203/2683
f 2873/2250/2684 2870/2178/2684 2876/2082/2684
f 2868/2070/2685 2871/2243/2685 2873/2273/2685 2876/2116/2685
f 2869/2274/2686 2883/2200/2686 2871/2122/2686 2868/2255/2686
f 2869/2274/2687 2868/2255/2687 2877/2198/2687 2880/2202/2687
f 2881/2203/2688 2879/2191/2688 2880/2202/2688
f 2870/2178/2689 2881/2203/2689 2882/2197/2689
f 2896/2275/2690 2913/2276/2690 2886/2063/2690 2894/2110/2690
f 2905/2041/2691 2890/2219/2691 2907/2217/2691
f 2914/2220/2692 2904/2204/2692 2912/2211/2692
f 2910/2230/2693 2898/2231/2693 2907/2217/2693 2890/2219/2693
f 2908/2208/2694 2903/2214/2694 2911/2213/2694
f 2887/2218/2695 2893/2207/2695 2892/2232/2695
f 2910/2140/2696 2890/2219/2696 2911/2213/2696
f 2895/2233/2697 2894/2110/2697 2886/2063/2697
f 2904/2204/2698 2895/2205/2698 2891/2234/2698 2912/2211/2698
f 2898/2231/2699 2913/2094/2699 2897/2235/2699 2907/2217/2699
f 2900/2061/2700 2901/2215/2700 2899/2236/2700
f 2896/2047/2701 2897/2235/2701 2913/2094/2701
f 2896/2047/2702 2893/2207/2702 2907/2217/2702 2897/2235/2702
f 2902/2066/2703 2906/2062/2703 2885/2216/2703
f 2895/2277/2704 2886/2080/2704 2906/2238/2704
f 2885/2216/2705 2886/2063/2705 2913/2276/2705
f 2895/2277/2706 2906/2238/2706 2900/2239/2706 2899/2240/2706
f 2887/2218/2707 2907/2217/2707 2893/2207/2707
f 2906/2238/2708 2902/2057/2708 2909/2070/2708 2900/2239/2708
f 2888/2241/2709 2887/2242/2709 2899/2236/2709 2901/2215/2709
f 2890/2219/2710 2905/2041/2710 2908/2208/2710
f 2893/2207/2711 2914/2206/2711 2892/2232/2711
f 2899/2240/2712 2891/2243/2712 2895/2277/2712
f 2898/2071/2713 2885/2216/2713 2913/2276/2713
f 2889/2051/2714 2888/2241/2714 2901/2215/2714 2909/2209/2714
f 2887/2242/2715 2892/2210/2715 2891/2212/2715 2899/2236/2715
f 2902/2066/2716 2910/2140/2716 2911/2213/2716
f 2896/2053/2717 2904/2204/2717 2914/2220/2717
f 2903/2214/2718 2908/2208/2718 2909/2209/2718
f 2922/2278/2719 2928/2229/2719 2917/2178/2719 2920/2250/2719
f 2922/2223/2720 2925/2169/2720 2931/2201/2720
f 2926/2165/2721 2919/2180/2721 2930/2251/2721 2916/2042/2721
f 2927/2228/2722 2924/2225/2722 2929/2117/2722
f 2930/2227/2723 2919/2106/2723 2931/2201/2723
f 2925/2169/2724 2920/2222/2724 2918/2252/2724 2931/2201/2724
f 2921/2086/2725 2919/2180/2725 2926/2165/2725 2928/2229/2725
f 2920/2250/2726 2917/2178/2726 2923/2082/2726
f 2915/2070/2727 2918/2243/2727 2920/2253/2727 2923/2224/2727
f 2916/2279/2728 2930/2227/2728 2918/2122/2728 2915/2255/2728
f 2916/2279/2729 2915/2255/2729 2924/2225/2729 2927/2228/2729
f 2928/2229/2730 2926/2165/2730 2927/2228/2730
f 2917/2178/2731 2928/2229/2731 2929/2117/2731
o Cube.001
v -0.107352 0.526975 -0.326027
v -0.243353 0.542485 -0.585572
v -0.020456 0.312139 -0.641210
v 0.081587 0.316467 -0.469181
v 0.225526 0.336948 -0.356143
v 0.125801 0.322455 -0.153067
v -0.033119 0.540622 -0.849059
v -0.047343 0.330115 -0.857774
v -0.056062 0.312288 -0.838350
v -0.275443 0.531204 -0.866055
v -0.245964 0.557148 -0.858173
v -0.262542 0.317451 -0.865848
v -0.214601 0.305123 -0.584924
v -0.111865 0.335006 -0.329809
v -0.013986 0.542672 -0.649088
v 0.056676 0.552479 -0.467313
v 0.079887 0.523067 -0.481387
v 0.110369 0.544540 -0.147165
v 0.229850 0.526866 -0.308305
v -0.248718 0.528400 -0.887481
v 0.211271 0.309698 -0.332121
v -0.088289 0.554989 -0.356676
v -0.078397 0.313785 -0.339519
v 0.232450 0.341426 -0.317498
v 0.224937 0.543582 -0.350119
v 0.100750 0.338476 -0.147343
v 0.145733 0.524849 -0.158081
v -0.054074 0.522665 -0.870849
v -0.237748 0.335969 -0.573980
v -0.248347 0.337035 -0.892233
v 0.340076 0.310297 -0.068243
v 0.390106 0.528207 -0.299570
v 0.526584 0.547190 -0.052949
v 0.524960 0.305191 -0.073777
v 0.531303 0.321051 -0.274181
v 0.162930 0.549456 -0.126110
v 0.250063 0.529848 -0.335871
v 0.166319 0.337856 -0.109234
v 0.257482 0.335510 -0.339630
v 0.230461 0.324663 -0.325243
v 0.387259 0.312780 -0.266589
v 0.354673 0.524124 -0.051975
v 0.352016 0.554107 -0.081010
v 0.525221 0.334241 -0.047697
v 0.567976 0.515285 -0.073735
v 0.141048 0.334103 -0.151026
v 0.527623 0.547270 -0.282862
v 0.392646 0.336752 -0.296582
v 0.546879 0.524332 -0.253042
v 0.167949 0.311859 -0.134862
v 0.562972 0.347799 -0.073510
v 0.246660 0.550767 -0.300539
v 0.138493 0.527047 -0.160589
v 0.735023 0.318918 -0.095083
v 0.752317 0.527319 -0.091308
v 0.602913 0.319902 -0.056390
v 0.583414 0.547380 -0.071784
v 0.571518 0.314715 -0.283986
v 0.567139 0.554767 -0.266724
v 0.546278 0.528979 -0.275131
v 0.653950 0.322270 -0.307815
v 0.756852 0.337835 -0.132680
v 0.549569 0.332992 -0.266135
v 0.742439 0.554193 -0.114889
v 0.758620 0.519307 -0.123636
v 0.667800 0.539095 -0.309053
v 0.690576 0.338765 -0.289710
v 0.598670 0.524703 -0.054574
v 0.564547 0.341177 -0.072723
v 1.189461 0.526975 -0.510274
v 1.026254 0.542485 -0.266916
v 0.871006 0.312139 -0.436259
v 0.973504 0.316467 -0.608018
v 1.004168 0.336948 -0.788449
v 1.230220 0.322455 -0.797701
v 0.694384 0.540622 -0.325959
v 0.693511 0.330115 -0.309301
v 0.714743 0.312288 -0.310906
v 0.795067 0.531204 -0.104888
v 0.787929 0.557148 -0.134555
v 0.789094 0.317451 -0.116324
v 1.013105 0.305123 -0.292493
v 1.188290 0.335006 -0.504503
v 0.860997 0.542672 -0.438186
v 0.987031 0.552479 -0.587016
v 0.963588 0.523067 -0.600700
v 1.242769 0.544540 -0.786955
v 1.044147 0.526866 -0.815075
v 0.763486 0.528401 -0.118151
v 1.032081 0.309698 -0.787384
v 1.153430 0.554989 -0.512404
v 1.163788 0.313785 -0.529284
v 1.034827 0.341426 -0.812973
v 1.009743 0.543582 -0.790807
v 1.247202 0.338476 -0.778417
v 1.216303 0.524850 -0.812827
v 0.685232 0.522665 -0.297146
v 1.033767 0.335969 -0.277372
v 0.759133 0.337035 -0.116210
v 0.956104 0.310297 -1.388587
v 0.804755 0.528207 -1.206630
v 0.797818 0.547190 -1.488410
v 0.789624 0.305191 -1.469193
v 0.691310 0.321051 -1.294446
v 1.086399 0.549456 -1.255349
v 0.912129 0.529848 -1.109673
v 1.091200 0.337856 -1.271879
v 0.903812 0.335510 -1.109771
v 0.934423 0.324663 -1.110030
v 0.822533 0.312780 -1.234554
v 0.950687 0.524124 -1.409762
v 0.939613 0.554107 -1.382790
v 0.801455 0.334241 -1.492436
v 0.751505 0.515285 -1.489125
v 1.094276 0.334103 -1.223137
v 0.690558 0.547270 -1.285047
v 0.803885 0.336752 -1.210454
v 0.687278 0.524331 -1.320392
v 1.077901 0.311859 -1.249911
v 0.756046 0.347799 -1.487010
v 0.931487 0.550767 -1.139424
v 1.092118 0.527047 -1.213477
v 0.580510 0.318918 -1.549222
v 0.566726 0.527319 -1.560328
v 0.715984 0.319902 -1.524789
v 0.726547 0.547380 -1.502304
v 0.642345 0.314715 -1.307159
v 0.653978 0.554767 -1.320643
v 0.668882 0.528979 -1.303800
v 0.557955 0.322270 -1.322685
v 0.544178 0.337835 -1.525345
v 0.669958 0.332992 -1.313318
v 0.565023 0.554193 -1.534818
v 0.546639 0.519306 -1.534226
v 0.545012 0.539095 -1.327767
v 0.533283 0.338765 -1.355251
v 0.720591 0.524703 -1.524518
v 0.743005 0.341177 -1.493031
v 1.214754 0.318918 -0.987295
v 1.220084 0.527319 -1.004175
v 0.987460 0.340514 -0.918126
v 1.241288 0.319902 -0.852216
v 1.224187 0.547380 -0.834197
v 1.011781 0.314715 -0.841624
v 1.028574 0.554767 -0.835695
v 1.018307 0.528979 -0.815684
v 1.014085 0.316522 -0.926385
v 1.179295 0.337835 -1.012449
v 1.027565 0.332992 -0.818145
v 1.195703 0.554193 -0.996479
v 1.188462 0.519306 -1.013388
v 0.995562 0.539095 -0.939785
v 1.016895 0.338765 -0.960710
v 1.242711 0.524703 -0.847826
v 1.221538 0.341177 -0.815493
v 1.133945 0.318918 -1.184498
v 1.134321 0.527319 -1.202195
v 0.935221 0.340514 -1.054283
v 1.197344 0.319902 -1.062306
v 1.185992 0.547380 -1.040209
v 0.980047 0.314715 -0.987689
v 0.997829 0.554767 -0.986715
v 0.993595 0.528979 -0.964626
v 0.958456 0.316522 -1.069687
v 1.092849 0.337835 -1.198682
v 1.001789 0.332992 -0.969587
v 1.113082 0.554193 -1.187963
v 1.101383 0.519306 -1.202157
v 0.936915 0.539095 -1.077346
v 0.951513 0.338765 -1.103419
v 1.199943 0.524703 -1.058493
v 1.188702 0.341177 -1.021514
v -0.026085 0.526975 -1.368076
v 0.224920 0.542485 -1.519259
v 0.293705 0.312139 -1.300062
v 0.128043 0.316467 -1.187977
v 0.023759 0.336948 -1.037575
v -0.184885 0.322455 -1.125057
v 0.500434 0.540622 -1.325054
v 0.508288 0.330115 -1.339771
v 0.488380 0.312288 -1.347320
v 0.503000 0.531204 -1.567960
v 0.496883 0.557148 -1.538065
v 0.503560 0.317451 -1.555070
v 0.225981 0.305123 -1.490520
v -0.022578 0.335006 -1.372805
v 0.301953 0.542672 -1.294072
v 0.124699 0.552479 -1.212733
v 0.140127 0.523067 -1.190399
v -0.191693 0.544540 -1.140110
v -0.023738 0.526866 -1.030416
v 0.525977 0.528400 -1.542556
v -0.001068 0.309698 -1.050378
v 0.005642 0.554989 -1.350867
v -0.010896 0.313785 -1.339973
v -0.014407 0.341427 -1.028367
v 0.017710 0.543582 -1.037805
v -0.192087 0.338476 -1.149723
v -0.178695 0.524849 -1.105457
v 0.520940 0.522665 -1.347267
v 0.213681 0.335969 -1.512976
v 0.530742 0.337035 -1.542468
v -0.253899 0.318918 -0.932527
v -0.265631 0.527319 -0.919272
v -0.018114 0.340514 -0.903329
v -0.223233 0.319902 -1.066728
v -0.200284 0.547380 -1.076240
v -0.009238 0.314715 -0.983112
v -0.022170 0.554767 -0.995356
v -0.004656 0.528979 -1.009465
v -0.045798 0.316522 -0.906607
v -0.231726 0.337835 -0.895131
v -0.014114 0.332992 -1.010980
v -0.240227 0.554193 -0.916392
v -0.240484 0.519306 -0.898000
v -0.034321 0.539095 -0.886834
v -0.062317 0.338765 -0.876388
v -0.222749 0.524703 -1.071317
v -0.190261 0.341177 -1.092252
vn 0.8471 -0.5235 -0.0911
vn -0.4224 0.6666 -0.6141
vn 0.0562 -0.8159 -0.5754
vn 0.9841 0.0080 -0.1773
vn -0.6275 -0.0386 -0.7776
vn 0.7292 -0.0210 -0.6840
vn 0.5337 0.7870 0.3094
vn 0.4568 0.6507 -0.6065
vn -0.5621 0.7541 0.3396
vn 0.4971 -0.7054 -0.5052
vn -0.6359 0.0290 0.7712
vn 0.0251 -0.9996 0.0103
vn 0.4907 0.8274 0.2731
vn -0.0132 -0.9992 -0.0369
vn -0.6513 0.0004 0.7589
vn 0.8406 -0.0695 0.5372
vn 0.1666 -0.0610 -0.9841
vn 0.0024 0.0246 0.9997
vn -0.0262 -0.9987 0.0444
vn -0.2379 -0.0575 0.9696
vn 0.5989 -0.5380 0.5933
vn -0.7123 -0.5149 0.4770
vn -0.4697 -0.0009 -0.8828
vn 0.7460 -0.6653 -0.0290
vn 0.5682 -0.0159 0.8227
vn 0.0121 -0.7821 -0.6230
vn 0.0531 -0.9956 -0.0771
vn 0.3031 0.0300 -0.9525
vn 0.1225 -0.0139 -0.9924
vn 0.4603 0.0189 0.8876
vn -0.0884 0.6889 0.7195
vn -0.4721 0.8536 -0.2202
vn 0.9872 -0.0603 -0.1478
vn -0.8428 0.0528 -0.5356
vn 0.9117 0.4034 0.0778
vn -0.9941 -0.0409 0.1009
vn -0.7884 0.6088 0.0889
vn -0.6529 -0.0457 -0.7561
vn 0.4859 -0.8484 -0.2101
vn -0.2720 0.4900 -0.8282
vn 0.4444 -0.8769 -0.1832
vn -0.3993 -0.0164 0.9167
vn 0.8990 0.0603 -0.4339
vn -0.9812 0.0890 0.1711
vn -0.4843 -0.5235 -0.7010
vn -0.3382 0.6666 0.6643
vn -0.5325 -0.8159 0.2251
vn -0.6253 0.0080 -0.7803
vn -0.3840 -0.0386 0.9225
vn -0.9490 -0.0210 -0.3145
vn 0.0173 0.7870 -0.6167
vn -0.7510 0.6507 -0.1121
vn 0.5667 0.7541 0.3320
vn -0.6812 -0.7054 -0.1958
vn 0.9812 0.0290 0.1909
vn -0.0029 -0.9996 -0.0269
vn 0.0059 0.8274 -0.5616
vn -0.0262 -0.9992 0.0292
vn 0.9776 0.0004 0.2103
vn 0.0710 -0.0695 -0.9951
vn -0.9444 -0.0610 0.3231
vn 0.4603 0.0246 -0.8874
vn 0.0438 -0.9987 -0.0272
vn 0.6593 -0.0575 -0.7496
vn -0.2566 -0.5380 -0.8030
vn 0.8522 -0.5149 -0.0934
vn 0.0081 -0.0009 1.0000
vn -0.6748 -0.6653 -0.3193
vn -0.1233 -0.0159 -0.9922
vn -0.2988 -0.7821 0.5468
vn -0.0827 -0.9956 0.0438
vn -0.7093 0.0300 0.7043
vn -0.5676 -0.0139 0.8232
vn 0.0024 0.0189 -0.9998
vn 0.4111 0.6889 -0.5970
vn 0.3167 0.8536 0.4136
vn -0.9436 -0.0603 -0.3256
vn 0.4995 0.0528 0.8647
vn -0.7808 0.4034 -0.4771
vn 0.7450 0.6088 0.2728
vn 0.2462 -0.0457 0.9681
vn -0.5286 -0.8484 -0.0292
vn -0.1269 0.4900 0.8624
vn -0.4794 -0.8769 -0.0348
vn 0.7669 -0.0164 -0.6415
vn -0.9981 0.0603 -0.0136
vn 0.9543 0.0890 0.2855
vn 0.1603 0.4034 -0.9009
vn -0.6725 -0.5947 -0.4404
vn 0.0169 0.6087 0.7932
vn -0.8122 -0.0457 0.5816
vn -0.1784 -0.8190 -0.5453
vn -0.8495 0.4900 0.1956
vn -0.1322 -0.8727 -0.4699
vn 0.8766 -0.0164 0.4809
vn -0.3504 0.0603 -0.9346
vn 0.0813 0.0890 0.9927
vn -0.0992 0.4034 -0.9096
vn -0.7691 -0.5947 -0.2339
vn 0.2390 0.6088 0.7565
vn -0.6162 -0.0457 0.7862
vn -0.3244 -0.8190 -0.4733
vn -0.7604 0.4900 0.4263
vn -0.2589 -0.8727 -0.4139
vn 0.9764 -0.0164 0.2154
vn -0.5988 0.0603 -0.7986
vn 0.3568 0.0890 0.9299
vn 0.1413 -0.5235 0.8402
vn 0.5880 0.6666 -0.4582
vn 0.5777 -0.8159 0.0219
vn 0.2354 0.0080 0.9719
vn 0.7390 -0.0386 -0.6726
vn 0.7261 -0.0210 0.6873
vn -0.2772 0.7870 0.5512
vn 0.6326 0.6507 0.4200
vn -0.3724 0.7541 -0.5410
vn 0.5339 -0.7054 0.4662
vn -0.8076 0.0290 -0.5890
vn -0.0088 -0.9996 0.0257
vn -0.2435 0.8274 0.5061
vn 0.0361 -0.9992 -0.0153
vn -0.7962 0.0004 -0.6050
vn -0.4863 -0.0695 0.8710
vn 0.9923 -0.0610 0.1078
vn -0.5126 0.4034 0.7580
vn 0.4354 -0.5947 0.6758
vn 0.3070 0.6088 -0.7316
vn 0.9785 -0.0457 -0.2012
vn -0.0586 -0.8190 0.5708
vn 0.8557 0.4900 0.1666
vn -0.0702 -0.8727 0.4831
vn -0.6054 -0.0164 -0.7957
vn -0.0598 0.0603 0.9964
vn 0.3292 0.0890 -0.9400
vn -0.0157 -0.9979 0.0636
vn 0.0858 0.0249 -0.9960
vn -0.3860 -0.7982 0.4624
vn 0.8725 -0.0120 0.4884
vn 0.8154 -0.5597 -0.1477
vn 0.2240 0.0021 0.9746
vn -0.6669 0.7437 0.0464
vn 0.0829 0.7161 -0.6930
vn -0.5755 -0.7526 0.3199
vn 0.6745 0.6752 -0.2986
vn -0.7771 -0.6205 0.1054
vn 0.0218 -0.9997 -0.0146
vn -0.4311 0.7833 0.4478
vn -0.1600 0.9856 0.0545
vn -0.8857 0.0020 0.4642
vn 0.0525 0.9982 -0.0287
vn -0.0167 -0.9999 0.0023
vn 0.0360 0.9992 0.0187
vn 0.8652 -0.0324 -0.5004
vn 0.6841 -0.6278 0.3713
vn 0.0859 -0.7529 -0.6525
vn 0.0781 0.9968 -0.0177
vn -0.8887 0.0119 0.4582
vn 0.6462 -0.0078 -0.7631
vn 0.9927 -0.0464 -0.1114
vn 0.2876 -0.0143 0.9576
vn -0.8836 0.0099 -0.4681
vn 0.9939 0.0193 -0.1090
vn -0.8411 0.0230 0.5403
vn -0.8899 -0.0343 -0.4549
vn -0.0237 0.9997 -0.0039
vn 0.9925 -0.0298 -0.1183
vn 0.1383 0.8580 -0.4947
vn -0.6778 0.6022 -0.4218
vn -0.2684 -0.6847 0.6775
vn 0.0038 -0.6681 0.7441
vn 0.1566 -0.8293 -0.5363
vn -0.1869 0.6748 0.7139
vn 0.0241 0.9996 -0.0129
vn 0.0630 0.3608 -0.9305
vn -0.1013 -0.0686 0.9925
vn 0.6720 0.7404 -0.0164
vn 0.2508 -0.0118 -0.9680
vn 0.8375 -0.0073 -0.5464
vn -0.3518 0.0688 0.9335
vn 0.1555 -0.0354 -0.9872
vn -0.5343 -0.8134 -0.2301
vn -0.0248 -0.9985 -0.0483
vn -0.2732 0.0098 -0.9619
vn -0.9969 -0.0132 0.0778
vn 0.1633 0.6751 0.7194
vn 0.9213 0.0104 -0.3888
vn -0.7054 0.0613 0.7061
vn -0.5448 -0.8341 0.0865
vn 0.0256 0.9993 -0.0258
vn 0.0296 -0.9996 -0.0034
vn 0.2553 -0.0211 0.9666
vn 0.9293 -0.0574 0.3649
vn 0.8137 0.4649 -0.3489
vn 0.4552 -0.0342 -0.8897
vn 0.5630 -0.0409 0.8255
vn 0.0634 -0.9979 -0.0165
vn -0.9163 0.0249 0.3998
vn 0.5906 -0.7982 0.1186
vn 0.0129 -0.0120 -0.9998
vn -0.5189 -0.5597 -0.6461
vn 0.7496 0.0021 -0.6619
vn 0.3590 0.7437 0.5640
vn -0.6486 0.7161 0.2578
vn 0.5557 -0.7526 0.3531
vn -0.5843 0.6752 -0.4503
vn 0.4634 -0.6205 0.6326
vn -0.0233 -0.9997 -0.0122
vn 0.5993 0.7833 0.1652
vn 0.1243 0.9856 0.1146
vn 0.8306 0.0020 0.5569
vn -0.0503 0.9982 -0.0324
vn 0.0099 -0.9999 0.0136
vn -0.0007 0.9992 -0.0406
vn -0.8526 -0.0324 -0.5216
vn -0.0001 -0.6278 -0.7784
vn -0.6144 -0.7529 0.2358
vn -0.0528 0.9968 -0.0602
vn 0.8268 0.0119 0.5624
vn -0.9790 -0.0078 -0.2038
vn -0.5716 -0.0464 -0.8192
vn 0.7044 -0.0143 -0.7097
vn 0.0103 0.0099 0.9999
vn -0.5700 0.0193 -0.8214
vn 0.9957 0.0230 -0.0900
vn 0.5786 -0.0343 0.8149
vn 0.0192 0.9997 0.0144
vn -0.9347 -0.0298 -0.3542
vn -0.3514 0.8580 0.3746
vn 0.4059 0.6022 0.6875
vn 0.5514 -0.6847 -0.4766
vn 0.3408 -0.6681 -0.6615
vn -0.3869 -0.8293 0.4031
vn 0.4959 0.6748 -0.5465
vn -0.0274 0.9996 0.0002
vn -0.4863 0.3608 0.7958
vn 0.5488 -0.0686 -0.8331
vn -0.6034 0.7404 -0.2962
vn -0.6700 -0.0118 0.7422
vn -0.9952 -0.0073 0.0971
vn 0.7437 0.0688 -0.6649
vn -0.5945 -0.0354 0.8034
vn 0.3673 -0.8134 0.4512
vn -0.0003 -0.9985 0.0543
vn -0.1855 0.0098 0.9826
vn 0.9265 -0.0132 0.3760
vn 0.1754 0.6751 -0.7166
vn -0.9979 0.0104 -0.0640
vn 0.9466 0.0613 -0.3164
vn 0.5260 -0.8341 0.1661
vn -0.0344 0.9993 0.0116
vn -0.0280 -0.9996 -0.0102
vn 0.2037 -0.0211 -0.9788
vn -0.6682 -0.0574 -0.7418
vn -0.8839 0.4649 -0.0515
vn -0.8049 -0.0342 0.5925
vn -0.9718 0.0320 0.2337
vn -0.0131 -0.0132 0.9998
vn 0.7313 0.6751 -0.0973
vn -0.3035 0.0104 -0.9528
vn 0.6391 0.0613 0.7666
vn 0.0367 -0.8341 0.5504
vn -0.0234 0.9993 -0.0278
vn -0.6748 -0.7372 -0.0341
vn 0.0167 -0.9998 -0.0056
vn 0.9858 -0.0211 -0.1664
vn 0.4478 -0.0574 -0.8923
vn -0.2736 0.4649 -0.8420
vn -0.8228 -0.0283 -0.5676
vn -0.8670 0.0320 0.4972
vn 0.2682 -0.0132 0.9633
vn 0.6745 0.6751 -0.2988
vn -0.5588 0.0104 -0.8292
vn 0.8287 0.0613 0.5563
vn 0.1897 -0.8341 0.5180
vn -0.0302 0.9993 -0.0202
vn -0.6572 -0.7372 0.1568
vn 0.0145 -0.9998 -0.0101
vn 0.8994 -0.0211 -0.4366
vn 0.1792 -0.0574 -0.9821
vn -0.4990 0.4649 -0.7313
vn -0.9491 -0.0283 -0.3137
vn -0.1598 -0.0409 -0.9863
vn -0.0644 -0.9979 -0.0119
vn 0.9993 0.0249 0.0265
vn -0.4845 -0.7982 -0.3579
vn -0.4357 -0.0120 0.9000
vn 0.1959 -0.5597 0.8052
vn -0.9596 0.0021 0.2815
vn -0.0859 0.7437 -0.6630
vn 0.6967 0.7161 0.0416
vn -0.3535 -0.7526 -0.5555
vn 0.3382 0.6752 0.6556
vn -0.1514 -0.6205 -0.7694
vn 0.0159 -0.9997 0.0209
vn -0.4727 0.7833 -0.4037
vn -0.0640 0.9856 -0.1565
vn -0.5160 0.0020 -0.8566
vn 0.0318 0.9982 0.0507
vn -0.0032 -0.9999 -0.0165
vn -0.0166 0.9992 0.0370
vn 0.5509 -0.0324 0.8339
vn -0.3300 -0.6278 0.7050
vn 0.6564 -0.7529 0.0470
vn 0.0223 0.9968 0.0770
vn -0.5102 0.0119 -0.8599
vn 0.8002 -0.0078 0.5997
vn 0.1702 -0.0464 0.9843
vn -0.9388 -0.0143 0.3440
vn 0.4147 0.0099 -0.9099
vn 0.1679 0.0193 0.9856
vn 0.9829 0.0320 0.1815
vn 0.4184 -0.0132 -0.9082
vn -0.7077 0.6751 -0.2083
vn -0.1100 0.0104 0.9939
vn -0.2723 0.0613 -0.9602
vn 0.1902 -0.8341 -0.5178
vn 0.0100 0.9993 0.0349
vn 0.6027 -0.7372 0.3054
vn -0.0175 -0.9998 -0.0017
vn -0.9684 -0.0211 -0.2487
vn -0.7718 -0.0574 0.6332
vn -0.0923 0.4649 0.8805
vn 0.5210 -0.0283 0.8531
vt 0.366299 0.528392
vt 0.366299 0.500000
vt 0.375000 0.527454
vt 0.596844 0.027111
vt 0.597546 0.000000
vt 0.625000 0.030810
vt 0.133701 0.738083
vt 0.125000 0.722715
vt 0.133701 0.525444
vt 0.401383 0.534452
vt 0.402454 0.491299
vt 0.606693 0.491299
vt 0.398351 0.000000
vt 0.402454 0.234158
vt 0.598352 0.222546
vt 0.605541 0.258701
vt 0.633701 0.720962
vt 0.596747 0.722546
vt 0.597546 0.534302
vt 0.594871 0.413766
vt 0.625000 0.413766
vt 0.625000 0.836234
vt 0.607539 0.913766
vt 0.596326 0.836233
vt 0.288766 0.514403
vt 0.612589 0.758701
vt 0.402395 0.758701
vt 0.290408 0.725524
vt 0.211234 0.519798
vt 0.633701 0.527454
vt 0.402454 0.836234
vt 0.383543 0.722546
vt 0.402020 0.026851
vt 0.788766 0.530439
vt 0.633701 0.721540
vt 0.606856 0.913766
vt 0.598776 0.991299
vt 0.597038 0.759264
vt 0.866299 0.721142
vt 0.788766 0.722546
vt 0.597546 0.750000
vt 0.625000 0.758701
vt 0.597975 0.027219
vt 0.598776 0.000000
vt 0.625000 0.028858
vt 0.133701 0.722546
vt 0.126978 0.729748
vt 0.131744 0.526511
vt 0.386184 0.734120
vt 0.598559 0.722546
vt 0.597546 0.533247
vt 0.211234 0.723759
vt 0.374610 0.731335
vt 0.211234 0.750000
vt 0.402454 0.913766
vt 0.211234 0.527454
vt 0.366299 0.514537
vt 0.608067 0.491299
vt 0.597546 0.336234
vt 0.625000 0.336234
vt 0.406967 0.257554
vt 0.599003 0.222546
vt 0.608491 0.258701
vt 0.402003 0.535542
vt 0.402387 0.020183
vt 0.402454 0.222546
vt 0.366299 0.526878
vt 0.398351 0.991299
vt 0.399882 0.913767
vt 0.597546 0.991299
vt 0.127095 0.729962
vt 0.131798 0.526079
vt 0.612690 0.014214
vt 0.598401 0.027160
vt 0.401868 0.019968
vt 0.633701 0.722269
vt 0.597643 0.722546
vt 0.597546 0.532608
vt 0.374468 0.733298
vt 0.404117 0.258701
vt 0.598895 0.222546
vt 0.609570 0.258701
vt 0.402071 0.534974
vt 0.388654 0.736706
vt 0.366299 0.528392
vt 0.596844 0.027111
vt 0.625000 0.030810
vt 0.133701 0.525444
vt 0.401383 0.534452
vt 0.398351 0.000000
vt 0.402454 0.234158
vt 0.605541 0.258701
vt 0.633701 0.720962
vt 0.596747 0.722546
vt 0.597546 0.534302
vt 0.594872 0.413766
vt 0.607539 0.913766
vt 0.596326 0.836233
vt 0.288766 0.514403
vt 0.402395 0.758701
vt 0.290408 0.725524
vt 0.383543 0.722546
vt 0.402020 0.026851
vt 0.788766 0.530439
vt 0.633701 0.721540
vt 0.606856 0.913766
vt 0.598776 0.991299
vt 0.866299 0.721142
vt 0.597975 0.027219
vt 0.598776 0.000000
vt 0.625000 0.028858
vt 0.126978 0.729748
vt 0.131744 0.526511
vt 0.386184 0.734120
vt 0.598559 0.722546
vt 0.597546 0.533246
vt 0.374610 0.731335
vt 0.366299 0.514537
vt 0.608067 0.491299
vt 0.406967 0.257554
vt 0.599003 0.222546
vt 0.608491 0.258701
vt 0.402003 0.535542
vt 0.402387 0.020184
vt 0.366299 0.526878
vt 0.127095 0.729962
vt 0.131798 0.526079
vt 0.612690 0.014214
vt 0.598401 0.027160
vt 0.401868 0.019968
vt 0.633701 0.722270
vt 0.597643 0.722546
vt 0.597546 0.532608
vt 0.374468 0.733298
vt 0.609570 0.258701
vt 0.402072 0.534974
vt 0.388654 0.736706
vt 0.597546 0.758701
vt 0.127095 0.729962
vt 0.131798 0.526079
vt 0.612690 0.014214
vt 0.598401 0.027160
vt 0.401868 0.019968
vt 0.633701 0.722269
vt 0.597546 0.532608
vt 0.374468 0.733298
vt 0.404117 0.258701
vt 0.598895 0.222546
vt 0.402072 0.534974
vt 0.388654 0.736706
vt 0.366299 0.526878
vt 0.127095 0.729962
vt 0.131798 0.526079
vt 0.612690 0.014214
vt 0.598401 0.027160
vt 0.401868 0.019968
vt 0.597643 0.722546
vt 0.597546 0.532608
vt 0.374468 0.733298
vt 0.404117 0.258701
vt 0.598895 0.222546
vt 0.402071 0.534974
vt 0.388654 0.736706
vt 0.596844 0.027111
vt 0.625000 0.030809
vt 0.125000 0.722715
vt 0.133701 0.525444
vt 0.401383 0.534453
vt 0.606694 0.491299
vt 0.402454 0.234158
vt 0.598352 0.222546
vt 0.605541 0.258701
vt 0.596747 0.722546
vt 0.597546 0.534302
vt 0.594871 0.413766
vt 0.596326 0.836234
vt 0.290408 0.725524
vt 0.211234 0.519798
vt 0.383543 0.722546
vt 0.402020 0.026851
vt 0.127095 0.729962
vt 0.612690 0.014214
vt 0.401868 0.019968
vt 0.633701 0.722269
vt 0.597546 0.532608
vt 0.374469 0.733298
vt 0.404117 0.258701
vt 0.402072 0.534974
vt 0.388654 0.736706
vt 0.366299 0.750000
vt 0.288766 0.750000
vt 0.127794 0.518637
vt 0.625000 0.991299
vt 0.605911 0.241635
vt 0.211234 0.722546
vt 0.607912 0.336234
vt 0.866439 0.719190
vt 0.711233 0.720014
vt 0.711233 0.527454
vt 0.788766 0.527454
vt 0.402454 0.413766
vt 0.402454 0.336234
vt 0.866299 0.527454
vt 0.608491 0.239055
vt 0.132554 0.500000
vt 0.402661 0.491299
vt 0.402454 0.991299
vt 0.400308 0.991299
vt 0.612094 0.758701
vt 0.612690 0.991299
vt 0.133701 0.500000
vt 0.609570 0.237976
vt 0.866299 0.724233
vt 0.402331 0.491299
vt 0.611095 0.491299
vt 0.398351 0.991299
vt 0.399882 0.913766
vt 0.605911 0.241635
vt 0.866439 0.719190
vt 0.608491 0.239055
vt 0.132554 0.500000
vt 0.402661 0.491299
vt 0.612094 0.758701
vt 0.609570 0.237976
vt 0.866299 0.724233
vt 0.402331 0.491299
vt 0.400308 0.991299
vt 0.612690 0.991299
vt 0.609570 0.237976
vt 0.402331 0.491299
vt 0.611096 0.491299
vt 0.400308 0.991299
vt 0.866299 0.724233
vt 0.402331 0.491299
vt 0.398351 0.991299
vt 0.399882 0.913766
vt 0.866439 0.719191
vt 0.400308 0.991299
vt 0.402331 0.491299
s 0
f 2952/2280/2732 2936/2281/2732 2955/2282/2732
f 2951/2283/2733 2941/2284/2733 2942/2285/2733
f 2943/2286/2734 2961/2287/2734 2940/2288/2734
f 2955/2289/2735 2936/2290/2735 2956/2291/2735
f 2941/2284/2736 2951/2283/2736 2943/2292/2736
f 2939/2293/2737 2959/2294/2737 2938/2295/2737
f 2949/2296/2738 2958/2297/2738 2950/2298/2738
f 2956/2291/2739 2948/2299/2739 2947/2300/2739
f 2953/2301/2740 2933/2302/2740 2932/2303/2740
f 2935/2304/2741 2936/2281/2741 2952/2280/2741
f 2949/2305/2742 2932/2303/2742 2957/2306/2742
f 2935/2304/2743 2954/2307/2743 2934/2308/2743
f 2949/2296/2744 2950/2298/2744 2956/2309/2744
f 2935/2304/2745 2952/2280/2745 2954/2307/2745
f 2957/2306/2746 2932/2303/2746 2945/2310/2746
f 2955/2289/2747 2958/2297/2747 2937/2311/2747
f 2961/2312/2748 2959/2294/2748 2939/2293/2748
f 2964/2309/2749 2973/2313/2749 2975/2314/2749
f 2962/2315/2750 2981/2316/2750 2965/2317/2750
f 2969/2318/2751 2962/2319/2751 2973/2313/2751
f 2982/2320/2752 2975/2321/2752 2965/2317/2752
f 2977/2322/2753 2981/2323/2753 2969/2324/2753
f 2970/2325/2754 2971/2326/2754 2968/2327/2754
f 2966/2328/2755 2982/2329/2755 2965/2317/2755
f 2975/2314/2756 2982/2329/2756 2976/2330/2756
f 2979/2331/2757 2966/2332/2757 2972/2333/2757
f 2966/2328/2758 2965/2317/2758 2972/2334/2758
f 2979/2331/2759 2970/2325/2759 2968/2327/2759
f 2963/2335/2760 2978/2336/2760 2979/2331/2760
f 2975/2314/2761 2976/2330/2761 2964/2309/2761
f 2964/2337/2762 2974/2338/2762 2973/2339/2762
f 2983/2340/2763 2984/2341/2763 2967/2342/2763
f 2980/2343/2764 2982/2329/2764 2966/2328/2764
f 2971/2344/2765 2984/2341/2765 2968/2345/2765
f 2995/2346/2766 2986/2281/2766 2996/2282/2766
f 2943/2347/2767 2960/2348/2767 2933/2302/2767 2941/2349/2767
f 2990/2325/2768 2991/2350/2768 2988/2351/2768
f 2989/2352/2769 2994/2353/2769 2991/2354/2769
f 2992/2355/2770 2998/2356/2770 2993/2357/2770
f 2990/2325/2771 2997/2358/2771 2991/2350/2771
f 2992/2355/2772 2993/2357/2772 2985/2309/2772
f 2999/2359/2773 3000/2360/2773 2987/2361/2773
f 2996/2362/2774 2998/2356/2774 2997/2363/2774
f 2991/2354/2775 3000/2360/2775 2988/2345/2775
f 3021/2364/2776 3005/2281/2776 3024/2282/2776
f 3020/2365/2777 3010/2284/2777 3011/2366/2777
f 3012/2286/2778 3030/2287/2778 3009/2367/2778
f 3024/2368/2779 3005/2290/2779 3025/2291/2779
f 3010/2284/2780 3020/2365/2780 3012/2369/2780
f 3008/2370/2781 3028/2294/2781 3007/2371/2781
f 3018/2372/2782 3027/2373/2782 3019/2374/2782
f 3025/2291/2783 3017/2375/2783 3016/2300/2783
f 3022/2301/2784 3002/2376/2784 3001/2377/2784
f 3004/2378/2785 3005/2281/2785 3021/2364/2785
f 3018/2305/2786 3001/2377/2786 3026/2379/2786
f 3004/2378/2787 3023/2380/2787 3003/2308/2787
f 3018/2372/2788 3019/2374/2788 3025/2309/2788
f 3004/2378/2789 3021/2364/2789 3023/2380/2789
f 3026/2379/2790 3001/2377/2790 3014/2310/2790
f 3024/2368/2791 3027/2373/2791 3006/2381/2791
f 3030/2382/2792 3028/2294/2792 3008/2370/2792
f 3033/2309/2793 3042/2383/2793 3044/2384/2793
f 3031/2385/2794 3050/2386/2794 3034/2317/2794
f 3038/2387/2795 3031/2319/2795 3042/2383/2795
f 3051/2320/2796 3044/2321/2796 3034/2317/2796
f 3046/2388/2797 3050/2389/2797 3038/2390/2797
f 3039/2325/2798 3040/2391/2798 3037/2392/2798
f 3035/2393/2799 3051/2394/2799 3034/2317/2799
f 3044/2384/2800 3051/2394/2800 3045/2395/2800
f 3048/2331/2801 3035/2396/2801 3041/2333/2801
f 3035/2393/2802 3034/2317/2802 3041/2334/2802
f 3048/2331/2803 3039/2325/2803 3037/2392/2803
f 3032/2335/2804 3047/2397/2804 3048/2331/2804
f 3044/2384/2805 3045/2395/2805 3033/2309/2805
f 3033/2398/2806 3043/2338/2806 3042/2339/2806
f 3052/2399/2807 3053/2400/2807 3036/2401/2807
f 3049/2402/2808 3051/2394/2808 3035/2393/2808
f 3040/2403/2809 3053/2400/2809 3037/2345/2809
f 3064/2404/2810 3055/2281/2810 3065/2282/2810
f 3059/2325/2811 3060/2405/2811 3057/2406/2811
f 3058/2407/2812 3063/2408/2812 3060/2409/2812
f 3061/2410/2813 3067/2411/2813 3062/2412/2813
f 3059/2325/2814 3066/2413/2814 3060/2405/2814
f 3061/2410/2815 3062/2412/2815 3054/2309/2815
f 3068/2359/2816 3069/2360/2816 3056/2414/2816
f 3065/2415/2817 3067/2411/2817 3066/2416/2817
f 3060/2409/2818 3069/2360/2818 3057/2345/2818
f 3081/2404/2819 3071/2281/2819 3082/2282/2819
f 3084/2320/2820 3078/2321/2820 3072/2417/2820
f 3076/2325/2821 3077/2418/2821 3074/2419/2821
f 3075/2420/2822 3080/2421/2822 3077/2422/2822
f 3078/2423/2823 3084/2356/2823 3079/2424/2823
f 3076/2325/2824 3083/2425/2824 3077/2418/2824
f 3078/2423/2825 3079/2424/2825 3070/2309/2825
f 3085/2426/2826 3086/2427/2826 3073/2361/2826
f 3082/2428/2827 3084/2356/2827 3083/2429/2827
f 3077/2422/2828 3086/2427/2828 3074/2345/2828
f 3098/2430/2829 3088/2281/2829 3099/2282/2829
f 3101/2320/2830 3095/2321/2830 3089/2417/2830
f 3093/2325/2831 3094/2431/2831 3091/2432/2831
f 3092/2433/2832 3097/2434/2832 3094/2435/2832
f 3095/2355/2833 3101/2436/2833 3096/2437/2833
f 3093/2325/2834 3100/2438/2834 3094/2431/2834
f 3095/2355/2835 3096/2437/2835 3087/2309/2835
f 3102/2439/2836 3103/2440/2836 3090/2361/2836
f 3099/2441/2837 3101/2436/2837 3100/2442/2837
f 3094/2435/2838 3103/2440/2838 3091/2345/2838
f 3124/2280/2839 3108/2281/2839 3127/2282/2839
f 3123/2443/2840 3113/2284/2840 3114/2444/2840
f 3115/2286/2841 3133/2445/2841 3112/2446/2841
f 3127/2447/2842 3108/2290/2842 3128/2448/2842
f 3113/2284/2843 3123/2443/2843 3115/2292/2843
f 3111/2449/2844 3131/2450/2844 3110/2451/2844
f 3121/2296/2845 3130/2452/2845 3122/2453/2845
f 3128/2448/2846 3120/2454/2846 3119/2300/2846
f 3125/2301/2847 3105/2302/2847 3104/2455/2847
f 3107/2304/2848 3108/2281/2848 3124/2280/2848
f 3121/2305/2849 3104/2455/2849 3129/2379/2849
f 3107/2304/2850 3126/2456/2850 3106/2457/2850
f 3121/2296/2851 3122/2453/2851 3128/2309/2851
f 3107/2304/2852 3124/2280/2852 3126/2456/2852
f 3129/2379/2853 3104/2455/2853 3117/2310/2853
f 3127/2447/2854 3130/2452/2854 3109/2458/2854
f 3133/2459/2855 3131/2450/2855 3111/2449/2855
f 3145/2404/2856 3135/2281/2856 3146/2282/2856
f 3148/2320/2857 3142/2321/2857 3136/2417/2857
f 3140/2325/2858 3141/2460/2858 3138/2419/2858
f 3139/2461/2859 3144/2408/2859 3141/2462/2859
f 3142/2463/2860 3148/2356/2860 3143/2464/2860
f 3140/2325/2861 3147/2465/2861 3141/2460/2861
f 3142/2463/2862 3143/2464/2862 3134/2309/2862
f 3149/2466/2863 3150/2440/2863 3137/2361/2863
f 3146/2467/2864 3148/2356/2864 3147/2468/2864
f 3141/2462/2865 3150/2440/2865 3138/2345/2865
f 2952/2280/2866 2937/2311/2866 2954/2307/2866
f 2961/2312/2867 2951/2283/2867 2959/2294/2867
f 2957/2469/2868 2945/2470/2868 2954/2307/2868 2937/2311/2868
f 2955/2289/2869 2950/2298/2869 2958/2297/2869
f 2934/2308/2870 2940/2288/2870 2939/2471/2870
f 2957/2306/2871 2937/2311/2871 2958/2297/2871
f 2942/2472/2872 2941/2349/2872 2933/2302/2872
f 2951/2283/2873 2942/2285/2873 2938/2473/2873 2959/2294/2873
f 2945/2470/2874 2960/2333/2874 2944/2474/2874 2954/2307/2874
f 2947/2300/2875 2948/2299/2875 2946/2475/2875
f 2943/2286/2876 2944/2474/2876 2960/2333/2876
f 2943/2286/2877 2940/2288/2877 2954/2307/2877 2944/2474/2877
f 2949/2305/2878 2953/2301/2878 2932/2303/2878
f 2942/2476/2879 2933/2319/2879 2953/2477/2879
f 2932/2303/2880 2933/2302/2880 2960/2348/2880
f 2942/2476/2881 2953/2477/2881 2947/2478/2881 2946/2479/2881
f 2934/2308/2882 2954/2307/2882 2940/2288/2882
f 2953/2477/2883 2949/2296/2883 2956/2309/2883 2947/2478/2883
f 2935/2480/2884 2934/2481/2884 2946/2475/2884 2948/2299/2884
f 2937/2311/2885 2952/2280/2885 2955/2289/2885
f 2940/2288/2886 2961/2287/2886 2939/2471/2886
f 2946/2479/2887 2938/2482/2887 2942/2476/2887
f 2945/2310/2888 2932/2303/2888 2960/2348/2888
f 2936/2290/2889 2935/2480/2889 2948/2299/2889 2956/2291/2889
f 2934/2481/2890 2939/2293/2890 2938/2295/2890 2946/2475/2890
f 2949/2305/2891 2957/2306/2891 2958/2297/2891
f 2943/2292/2892 2951/2283/2892 2961/2312/2892
f 2950/2298/2893 2955/2289/2893 2956/2291/2893
f 2977/2322/2894 2969/2324/2894 2967/2483/2894 2984/2341/2894
f 2971/2344/2895 2977/2322/2895 2984/2341/2895
f 2967/2342/2896 2974/2338/2896 2983/2340/2896
f 2980/2343/2897 2976/2330/2897 2982/2329/2897
f 2963/2335/2898 2968/2327/2898 2983/2484/2898
f 2983/2340/2899 2968/2345/2899 2984/2341/2899
f 2969/2472/2900 2981/2316/2900 2962/2315/2900
f 2962/2315/2901 2965/2317/2901 2975/2321/2901
f 2972/2333/2902 2971/2326/2902 2970/2325/2902 2979/2331/2902
f 2973/2339/2903 2974/2338/2903 2967/2342/2903
f 2964/2337/2904 2978/2485/2904 2983/2340/2904 2974/2338/2904
f 2963/2335/2905 2983/2484/2905 2978/2336/2905
f 2973/2313/2906 2962/2319/2906 2975/2314/2906
f 2978/2485/2907 2964/2337/2907 2976/2330/2907 2980/2343/2907
f 2963/2335/2908 2979/2331/2908 2968/2327/2908
f 2966/2328/2909 2978/2336/2909 2980/2343/2909
f 2973/2313/2910 2967/2482/2910 2969/2318/2910
f 2978/2336/2911 2966/2328/2911 2979/2331/2911
f 2981/2323/2912 2977/2322/2912 2971/2344/2912
f 2981/2316/2913 2971/2486/2913 2972/2334/2913 2965/2317/2913
f 2991/2487/2914 2997/2363/2914 2992/2488/2914 2989/2489/2914
f 2991/2354/2915 2994/2353/2915 3000/2360/2915
f 2995/2346/2916 2988/2351/2916 2999/2490/2916 2986/2281/2916
f 2996/2362/2917 2993/2357/2917 2998/2356/2917
f 2999/2359/2918 2988/2345/2918 3000/2360/2918
f 2994/2353/2919 2989/2352/2919 2987/2491/2919 3000/2360/2919
f 2990/2325/2920 2988/2351/2920 2995/2346/2920 2997/2363/2920
f 2985/2309/2921 2987/2482/2921 2989/2492/2921 2992/2355/2921
f 2986/2493/2922 2999/2359/2922 2987/2361/2922 2985/2494/2922
f 2986/2493/2923 2985/2494/2923 2993/2357/2923 2996/2362/2923
f 2997/2363/2924 2995/2346/2924 2996/2362/2924
f 2992/2488/2925 2997/2363/2925 2998/2356/2925
f 3012/2495/2926 3029/2496/2926 3002/2376/2926 3010/2349/2926
f 3021/2364/2927 3006/2381/2927 3023/2380/2927
f 3030/2382/2928 3020/2365/2928 3028/2294/2928
f 3026/2469/2929 3014/2470/2929 3023/2380/2929 3006/2381/2929
f 3024/2368/2930 3019/2374/2930 3027/2373/2930
f 3003/2308/2931 3009/2367/2931 3008/2471/2931
f 3026/2379/2932 3006/2381/2932 3027/2373/2932
f 3011/2472/2933 3010/2349/2933 3002/2376/2933
f 3020/2365/2934 3011/2366/2934 3007/2497/2934 3028/2294/2934
f 3014/2470/2935 3029/2333/2935 3013/2474/2935 3023/2380/2935
f 3016/2300/2936 3017/2375/2936 3015/2475/2936
f 3012/2286/2937 3013/2474/2937 3029/2333/2937
f 3012/2286/2938 3009/2367/2938 3023/2380/2938 3013/2474/2938
f 3018/2305/2939 3022/2301/2939 3001/2377/2939
f 3011/2498/2940 3002/2319/2940 3022/2477/2940
f 3001/2377/2941 3002/2376/2941 3029/2496/2941
f 3011/2498/2942 3022/2477/2942 3016/2478/2942 3015/2479/2942
f 3003/2308/2943 3023/2380/2943 3009/2367/2943
f 3022/2477/2944 3018/2372/2944 3025/2309/2944 3016/2478/2944
f 3004/2480/2945 3003/2481/2945 3015/2475/2945 3017/2375/2945
f 3006/2381/2946 3021/2364/2946 3024/2368/2946
f 3009/2367/2947 3030/2287/2947 3008/2471/2947
f 3015/2479/2948 3007/2482/2948 3011/2498/2948
f 3014/2310/2949 3001/2377/2949 3029/2496/2949
f 3005/2290/2950 3004/2480/2950 3017/2375/2950 3025/2291/2950
f 3003/2481/2951 3008/2370/2951 3007/2371/2951 3015/2475/2951
f 3018/2305/2952 3026/2379/2952 3027/2373/2952
f 3012/2369/2953 3020/2365/2953 3030/2382/2953
f 3019/2374/2954 3024/2368/2954 3025/2291/2954
f 3046/2388/2955 3038/2390/2955 3036/2499/2955 3053/2400/2955
f 3040/2403/2956 3046/2388/2956 3053/2400/2956
f 3036/2401/2957 3043/2338/2957 3052/2399/2957
f 3049/2402/2958 3045/2395/2958 3051/2394/2958
f 3032/2335/2959 3037/2392/2959 3052/2500/2959
f 3052/2399/2960 3037/2345/2960 3053/2400/2960
f 3038/2472/2961 3050/2386/2961 3031/2385/2961
f 3031/2385/2962 3034/2317/2962 3044/2321/2962
f 3041/2333/2963 3040/2391/2963 3039/2325/2963 3048/2331/2963
f 3042/2339/2964 3043/2338/2964 3036/2401/2964
f 3033/2398/2965 3047/2501/2965 3052/2399/2965 3043/2338/2965
f 3032/2335/2966 3052/2500/2966 3047/2397/2966
f 3042/2383/2967 3031/2319/2967 3044/2384/2967
f 3047/2501/2968 3033/2398/2968 3045/2395/2968 3049/2402/2968
f 3032/2335/2969 3048/2331/2969 3037/2392/2969
f 3035/2393/2970 3047/2397/2970 3049/2402/2970
f 3042/2383/2971 3036/2482/2971 3038/2387/2971
f 3047/2397/2972 3035/2393/2972 3048/2331/2972
f 3050/2389/2973 3046/2388/2973 3040/2403/2973
f 3050/2386/2974 3040/2486/2974 3041/2334/2974 3034/2317/2974
f 3060/2487/2975 3066/2416/2975 3061/2502/2975 3058/2489/2975
f 3060/2409/2976 3063/2408/2976 3069/2360/2976
f 3064/2404/2977 3057/2406/2977 3068/2490/2977 3055/2281/2977
f 3065/2415/2978 3062/2412/2978 3067/2411/2978
f 3068/2359/2979 3057/2345/2979 3069/2360/2979
f 3063/2408/2980 3058/2407/2980 3056/2503/2980 3069/2360/2980
f 3059/2325/2981 3057/2406/2981 3064/2404/2981 3066/2416/2981
f 3054/2309/2982 3056/2482/2982 3058/2504/2982 3061/2410/2982
f 3055/2505/2983 3068/2359/2983 3056/2414/2983 3054/2494/2983
f 3055/2505/2984 3054/2494/2984 3062/2412/2984 3065/2415/2984
f 3066/2416/2985 3064/2404/2985 3065/2415/2985
f 3061/2502/2986 3066/2416/2986 3067/2411/2986
f 3077/2506/2987 3083/2429/2987 3072/2417/2987 3075/2507/2987
f 3077/2422/2988 3080/2421/2988 3086/2427/2988
f 3081/2404/2989 3074/2419/2989 3085/2490/2989 3071/2281/2989
f 3082/2428/2990 3079/2424/2990 3084/2356/2990
f 3085/2426/2991 3074/2345/2991 3086/2427/2991
f 3080/2421/2992 3075/2420/2992 3073/2508/2992 3086/2427/2992
f 3076/2325/2993 3074/2419/2993 3081/2404/2993 3083/2429/2993
f 3075/2507/2994 3072/2417/2994 3078/2321/2994
f 3070/2309/2995 3073/2482/2995 3075/2504/2995 3078/2423/2995
f 3071/2509/2996 3085/2426/2996 3073/2361/2996 3070/2510/2996
f 3071/2509/2997 3070/2510/2997 3079/2424/2997 3082/2428/2997
f 3083/2429/2998 3081/2404/2998 3082/2428/2998
f 3072/2417/2999 3083/2429/2999 3084/2356/2999
f 3094/2511/3000 3100/2442/3000 3089/2417/3000 3092/2489/3000
f 3094/2435/3001 3097/2434/3001 3103/2440/3001
f 3098/2430/3002 3091/2432/3002 3102/2490/3002 3088/2281/3002
f 3099/2441/3003 3096/2437/3003 3101/2436/3003
f 3102/2439/3004 3091/2345/3004 3103/2440/3004
f 3097/2434/3005 3092/2433/3005 3090/2508/3005 3103/2440/3005
f 3093/2325/3006 3091/2432/3006 3098/2430/3006 3100/2442/3006
f 3092/2489/3007 3089/2417/3007 3095/2321/3007
f 3087/2309/3008 3090/2482/3008 3092/2512/3008 3095/2355/3008
f 3088/2513/3009 3102/2439/3009 3090/2361/3009 3087/2494/3009
f 3088/2513/3010 3087/2494/3010 3096/2437/3010 3099/2441/3010
f 3100/2442/3011 3098/2430/3011 3099/2441/3011
f 3089/2417/3012 3100/2442/3012 3101/2436/3012
f 3115/2514/3013 3132/2515/3013 3105/2302/3013 3113/2349/3013
f 3124/2280/3014 3109/2458/3014 3126/2456/3014
f 3133/2459/3015 3123/2443/3015 3131/2450/3015
f 3129/2469/3016 3117/2470/3016 3126/2456/3016 3109/2458/3016
f 3127/2447/3017 3122/2453/3017 3130/2452/3017
f 3106/2457/3018 3112/2446/3018 3111/2471/3018
f 3129/2379/3019 3109/2458/3019 3130/2452/3019
f 3114/2472/3020 3113/2349/3020 3105/2302/3020
f 3123/2443/3021 3114/2444/3021 3110/2473/3021 3131/2450/3021
f 3117/2470/3022 3132/2333/3022 3116/2474/3022 3126/2456/3022
f 3119/2300/3023 3120/2454/3023 3118/2475/3023
f 3115/2286/3024 3116/2474/3024 3132/2333/3024
f 3115/2286/3025 3112/2446/3025 3126/2456/3025 3116/2474/3025
f 3121/2305/3026 3125/2301/3026 3104/2455/3026
f 3114/2516/3027 3105/2319/3027 3125/2477/3027
f 3104/2455/3028 3105/2302/3028 3132/2515/3028
f 3114/2516/3029 3125/2477/3029 3119/2478/3029 3118/2479/3029
f 3106/2457/3030 3126/2456/3030 3112/2446/3030
f 3125/2477/3031 3121/2296/3031 3128/2309/3031 3119/2478/3031
f 3107/2480/3032 3106/2481/3032 3118/2475/3032 3120/2454/3032
f 3109/2458/3033 3124/2280/3033 3127/2447/3033
f 3112/2446/3034 3133/2445/3034 3111/2471/3034
f 3118/2479/3035 3110/2482/3035 3114/2516/3035
f 3117/2310/3036 3104/2455/3036 3132/2515/3036
f 3108/2290/3037 3107/2480/3037 3120/2454/3037 3128/2448/3037
f 3106/2481/3038 3111/2449/3038 3110/2451/3038 3118/2475/3038
f 3121/2305/3039 3129/2379/3039 3130/2452/3039
f 3115/2292/3040 3123/2443/3040 3133/2459/3040
f 3122/2453/3041 3127/2447/3041 3128/2448/3041
f 3141/2517/3042 3147/2468/3042 3136/2417/3042 3139/2489/3042
f 3141/2462/3043 3144/2408/3043 3150/2440/3043
f 3145/2404/3044 3138/2419/3044 3149/2490/3044 3135/2281/3044
f 3146/2467/3045 3143/2464/3045 3148/2356/3045
f 3149/2466/3046 3138/2345/3046 3150/2440/3046
f 3144/2408/3047 3139/2461/3047 3137/2491/3047 3150/2440/3047
f 3140/2325/3048 3138/2419/3048 3145/2404/3048 3147/2468/3048
f 3139/2489/3049 3136/2417/3049 3142/2321/3049
f 3134/2309/3050 3137/2482/3050 3139/2492/3050 3142/2463/3050
f 3135/2518/3051 3149/2466/3051 3137/2361/3051 3134/2494/3051
f 3135/2518/3052 3134/2494/3052 3143/2464/3052 3146/2467/3052
f 3147/2468/3053 3145/2404/3053 3146/2467/3053
f 3136/2417/3054 3147/2468/3054 3148/2356/3054
o Cube.002
v -0.220938 0.762116 -1.079426
v -0.066539 0.777626 -1.328466
v 0.094665 0.547280 -1.164783
v -0.001624 0.551608 -0.989468
v -0.025816 0.572089 -0.808055
v -0.251392 0.557596 -0.790725
v 0.267230 0.775763 -1.281328
v 0.267507 0.565256 -1.298007
v 0.246346 0.547429 -1.295644
v 0.158706 0.766345 -1.498657
v 0.166900 0.792288 -1.469264
v 0.165084 0.552592 -1.487442
v -0.052484 0.540264 -1.303374
v -0.219975 0.570147 -1.085235
v 0.104738 0.777813 -1.163215
v -0.015893 0.787620 -1.009973
v 0.008024 0.758208 -0.997136
v -0.264318 0.779681 -0.801015
v -0.064817 0.762007 -0.780017
v 0.190741 0.763541 -1.486532
v -0.053749 0.544839 -0.808122
v -0.184854 0.790130 -1.078586
v -0.194602 0.548926 -1.061346
v -0.055578 0.576567 -0.782451
v -0.031303 0.778723 -0.805500
v -0.269053 0.573617 -0.809390
v -0.236943 0.759990 -0.776107
v 0.275346 0.757806 -1.310450
v -0.073673 0.571110 -1.317747
v 0.195022 0.572176 -1.488628
v -0.215537 0.545438 -0.563078
v 0.009111 0.763348 -0.637564
v -0.133915 0.782331 -0.394683
v -0.116803 0.540332 -0.406666
v 0.059010 0.556192 -0.503060
v -0.255736 0.784597 -0.745048
v -0.030804 0.764989 -0.776620
v -0.268548 0.572997 -0.733552
v -0.023795 0.570651 -0.772141
v -0.049919 0.559804 -0.788100
v -0.020739 0.547921 -0.623254
v -0.222129 0.759265 -0.542238
v -0.198473 0.789248 -0.559283
v -0.139131 0.569382 -0.393187
v -0.094977 0.750426 -0.369600
v -0.245400 0.569245 -0.776556
v 0.064616 0.782411 -0.510641
v 0.007829 0.571893 -0.633858
v 0.048722 0.759473 -0.478902
v -0.245648 0.547000 -0.745174
v -0.097713 0.582940 -0.373795
v -0.062961 0.785908 -0.761594
v -0.238463 0.762188 -0.783617
v 0.008311 0.554060 -0.236588
v 0.013849 0.762460 -0.219775
v -0.092158 0.555043 -0.330696
v -0.088811 0.782521 -0.355313
v 0.087894 0.549856 -0.473410
v 0.070802 0.789908 -0.468408
v 0.067439 0.764120 -0.490646
v 0.150312 0.557411 -0.414530
v 0.051784 0.572975 -0.236897
v 0.061365 0.568133 -0.483239
v 0.029137 0.789334 -0.240268
v 0.044894 0.754448 -0.230778
v 0.158418 0.774236 -0.403232
v 0.153335 0.573906 -0.373785
v -0.095878 0.759844 -0.333427
v -0.097591 0.576318 -0.372039
v 0.596846 0.762116 -0.056244
v 0.304313 0.777626 -0.073112
v 0.371248 0.547280 -0.292881
v 0.571263 0.551608 -0.291906
v 0.742237 0.572089 -0.357203
v 0.865097 0.557595 -0.167228
v 0.186488 0.775763 -0.388930
v 0.171698 0.565256 -0.381215
v 0.183871 0.547429 -0.363746
v 0.047272 0.766345 -0.189861
v 0.069194 0.792288 -0.211086
v 0.054085 0.552592 -0.200817
v 0.319658 0.540264 -0.097436
v 0.591281 0.570147 -0.054320
v 0.367820 0.777813 -0.302481
v 0.560051 0.787620 -0.269583
v 0.559921 0.758208 -0.296727
v 0.862220 0.779681 -0.150959
v 0.785486 0.762007 -0.336305
v 0.042643 0.763542 -0.223800
v 0.755506 0.544839 -0.332623
v 0.580368 0.790130 -0.088358
v 0.600169 0.548926 -0.088016
v 0.778939 0.576567 -0.343264
v 0.747101 0.778723 -0.353600
v 0.857120 0.573617 -0.142801
v 0.871049 0.759991 -0.186901
v 0.157023 0.757806 -0.382167
v 0.317137 0.571110 -0.071956
v 0.038759 0.572176 -0.226562
v 1.234652 0.545438 -0.703619
v 1.001025 0.763348 -0.741481
v 1.240170 0.782331 -0.890671
v 1.219456 0.540332 -0.887960
v 1.018995 0.556192 -0.883813
v 1.186128 0.784597 -0.523689
v 0.972098 0.764989 -0.599731
v 1.202805 0.572997 -0.527955
v 0.967956 0.570651 -0.606944
v 0.983736 0.559804 -0.580712
v 1.034109 0.547921 -0.740363
v 1.250135 0.759265 -0.719046
v 1.221277 0.789248 -0.714875
v 1.245486 0.569382 -0.889584
v 1.217248 0.750426 -0.930919
v 1.162391 0.569245 -0.500534
v 1.010517 0.782411 -0.879684
v 1.003876 0.571893 -0.744174
v 1.039290 0.759472 -0.900473
v 1.177126 0.547000 -0.528243
v 1.217734 0.582940 -0.925934
v 1.007559 0.785908 -0.598181
v 1.152975 0.762188 -0.497482
v 1.182094 0.554059 -1.108726
v 1.184654 0.762460 -1.126241
v 1.229908 0.555043 -0.979636
v 1.215912 0.782521 -0.959112
v 1.005056 0.549856 -0.932443
v 1.022582 0.789908 -0.929279
v 1.015650 0.764120 -0.907883
v 0.975536 0.557411 -1.013012
v 1.143066 0.572976 -1.127880
v 1.024395 0.568133 -0.911793
v 1.161819 0.789334 -1.114743
v 1.151965 0.754447 -1.130274
v 0.973334 0.774236 -1.026742
v 0.991042 0.573906 -1.050812
v 1.232016 0.759844 -0.975531
v 1.216291 0.576318 -0.940225
v 1.020515 0.554059 -0.276909
v 1.037761 0.762460 -0.280897
v 0.845423 0.575655 -0.437501
v 0.917670 0.555043 -0.185404
v 0.893460 0.782521 -0.190973
v 0.791901 0.549856 -0.377673
v 0.795329 0.789908 -0.360198
v 0.772878 0.764120 -0.358869
v 0.866069 0.551663 -0.418769
v 1.024155 0.572975 -0.320231
v 0.779702 0.568133 -0.352147
v 1.018742 0.789334 -0.297984
v 1.029624 0.754447 -0.312814
v 0.868194 0.774236 -0.441531
v 0.897057 0.573906 -0.433795
v 0.914613 0.759844 -0.181947
v 0.876006 0.576318 -0.183748
v 1.149277 0.554059 -0.446732
v 1.164709 0.762460 -0.455402
v 0.936132 0.575655 -0.551692
v 1.076267 0.555043 -0.330027
v 1.051467 0.782521 -0.328573
v 0.901564 0.549856 -0.479241
v 0.909763 0.789908 -0.463431
v 0.888588 0.764120 -0.455851
v 0.961207 0.551663 -0.539511
v 1.140605 0.572976 -0.489333
v 0.897025 0.568133 -0.451316
v 1.141657 0.789334 -0.466460
v 1.147936 0.754447 -0.483749
v 0.956855 0.774236 -0.561954
v 0.986729 0.573906 -0.562635
v 1.074304 0.759844 -0.325851
v 1.036744 0.576318 -0.316738
v 0.717787 0.762116 -1.539062
v 0.975561 0.777626 -1.399735
v 0.821747 0.547280 -1.229089
v 0.641020 0.551608 -1.314790
v 0.458491 0.572089 -1.328158
v 0.427786 0.557596 -1.552307
v 0.948341 0.775763 -1.063754
v 0.965007 0.565256 -1.064469
v 0.961390 0.547429 -1.085452
v 1.158837 0.766345 -1.185002
v 1.129983 0.792288 -1.175075
v 1.148021 0.552592 -1.177968
v 0.951349 0.540264 -1.384213
v 0.723642 0.570147 -1.538446
v 0.820780 0.777813 -1.218941
v 0.660640 0.787620 -1.330252
v 0.649248 0.758208 -1.305614
v 0.437290 0.779681 -1.565821
v 0.428185 0.762007 -1.365424
v 1.148637 0.763541 -1.152303
v 0.456897 0.544839 -1.356047
v 0.719092 0.790130 -1.502992
v 0.701304 0.548926 -1.511698
v 0.431162 0.576568 -1.356347
v 0.455614 0.778723 -1.333484
v 0.445369 0.573617 -1.571046
v 0.414053 0.759990 -1.537014
v 0.977894 0.757806 -1.057384
v 0.964438 0.571110 -1.406219
v 1.150983 0.572176 -1.148154
v 0.226901 0.554060 -1.513888
v 0.209523 0.762460 -1.517255
v 0.321595 0.575655 -1.295989
v 0.358062 0.555043 -1.555687
v 0.377918 0.782521 -1.540757
v 0.394816 0.549856 -1.328894
v 0.398787 0.789908 -1.346255
v 0.419840 0.764120 -1.338343
v 0.310347 0.551663 -1.321496
v 0.205965 0.572976 -1.475787
v 0.416337 0.568133 -1.347258
v 0.219954 0.789334 -1.493913
v 0.203984 0.754447 -1.484786
v 0.299152 0.774236 -1.301563
v 0.275926 0.573906 -1.320364
v 0.362261 0.759844 -1.557603
v 0.396802 0.576318 -1.540264
vn 0.5090 -0.5235 0.6833
vn 0.3142 0.6666 -0.6760
vn 0.5241 -0.8159 -0.2440
vn 0.6528 0.0080 0.7575
vn 0.3508 -0.0386 -0.9357
vn 0.9597 -0.0210 0.2803
vn 0.0048 0.7870 0.6169
vn 0.7545 0.6507 0.0852
vn -0.5782 0.7541 -0.3115
vn 0.6878 -0.7054 0.1714
vn -0.9874 0.0290 -0.1557
vn 0.0039 -0.9996 0.0268
vn 0.0142 0.8274 0.5614
vn 0.0251 -0.9992 -0.0301
vn -0.9845 0.0004 -0.1752
vn -0.0354 -0.0695 0.9970
vn 0.9322 -0.0610 -0.3567
vn -0.8597 0.0246 0.5101
vn -0.0516 -0.9987 -0.0000
vn -0.9559 -0.0575 0.2880
vn -0.2065 -0.5380 0.8173
vn -0.7728 -0.5149 -0.3711
vn 0.5216 -0.0009 -0.8532
vn 0.4042 -0.6653 0.6277
vn -0.4197 -0.0159 0.9075
vn 0.5427 -0.7821 -0.3062
vn 0.0934 -0.9956 0.0065
vn 0.9743 0.0300 -0.2231
vn 0.9169 -0.0139 -0.3989
vn -0.5304 0.0189 0.8475
vn -0.6645 0.6889 0.2896
vn -0.0503 0.8536 -0.5185
vn 0.6290 -0.0603 0.7751
vn 0.0329 0.0528 -0.9981
vn 0.3964 0.4034 0.8247
vn -0.5921 -0.0409 -0.8048
vn -0.4772 0.6088 -0.6338
vn 0.3193 -0.0457 -0.9466
vn 0.4279 -0.8484 0.3117
vn 0.5750 0.4900 -0.6552
vn 0.3836 -0.8769 0.2896
vn -0.9924 -0.0164 0.1220
vn 0.8306 0.0603 0.5537
vn -0.6461 0.0890 -0.7581
vn 0.3576 -0.5235 -0.7734
vn -0.7440 0.6666 0.0464
vn -0.4645 -0.8159 -0.3442
vn 0.3542 0.0080 -0.9351
vn -0.9897 -0.0386 0.1382
vn -0.2115 -0.0210 -0.9772
vn 0.5399 0.7870 -0.2986
vn -0.2851 0.6507 -0.7037
vn 0.0021 0.7541 0.6568
vn -0.1776 -0.7054 -0.6862
vn 0.3343 0.0290 0.9420
vn 0.0217 -0.9996 -0.0162
vn 0.4866 0.8274 -0.2804
vn -0.0384 -0.9992 -0.0077
vn 0.3158 0.0004 0.9488
vn 0.8930 -0.0695 -0.4446
vn -0.7583 -0.0610 -0.6491
vn 0.9982 0.0246 -0.0546
vn 0.0457 -0.9987 0.0239
vn 0.9807 -0.0575 0.1868
vn 0.5611 -0.5380 -0.6291
vn 0.5136 -0.5149 0.6864
vn -0.8570 -0.0009 0.5152
vn -0.0680 -0.6653 -0.7434
vn 0.7919 -0.0159 -0.6105
vn -0.6228 -0.7821 0.0205
vn -0.0798 -0.9956 -0.0490
vn -0.9670 0.0300 -0.2529
vn -0.9974 -0.0139 -0.0704
vn 0.8623 0.0189 -0.5061
vn 0.7231 0.6889 0.0506
vn -0.1952 0.8536 0.4830
vn -0.1992 -0.0603 -0.9781
vn -0.4908 0.0528 0.8697
vn 0.0140 0.4034 -0.9149
vn 0.1437 0.6088 0.7802
vn -0.7087 -0.0457 0.7041
vn -0.2435 -0.8484 -0.4701
vn -0.8072 0.4900 0.3291
vn -0.2137 -0.8769 -0.4305
vn 0.9423 -0.0164 0.3344
vn -0.4955 0.0603 -0.8665
vn 0.2392 0.0890 0.9669
vn 0.8573 0.4034 -0.3199
vn 0.0375 -0.5947 -0.8030
vn -0.6745 0.6087 0.4177
vn -0.9137 -0.0457 -0.4039
vn 0.3790 -0.8190 -0.4308
vn -0.6002 0.4900 -0.6322
vn 0.3375 -0.8727 -0.3527
vn 0.0314 -0.0164 0.9994
vn 0.6268 0.0603 -0.7768
vn -0.8136 0.0890 0.5746
vn 0.7330 0.4034 -0.5477
vn -0.1895 -0.5947 -0.7813
vn -0.5301 0.6088 0.5903
vn -0.9903 -0.0457 -0.1311
vn 0.2427 -0.8190 -0.5199
vn -0.7536 0.4900 -0.4382
vn 0.2249 -0.8727 -0.4333
vn 0.3107 -0.0164 0.9504
vn 0.3834 0.0603 -0.9216
vn -0.6195 0.0890 0.7799
vn -0.6518 -0.5235 0.5487
vn 0.6934 0.6666 0.2735
vn 0.2747 -0.8159 0.5087
vn -0.7173 0.0080 0.6967
vn 0.9549 -0.0386 0.2946
vn -0.2228 -0.0210 0.9746
vn -0.6155 0.7870 0.0414
vn -0.0402 0.6507 0.7582
vn 0.2766 0.7541 -0.5957
vn -0.1302 -0.7054 0.6967
vn 0.0967 0.0290 -0.9949
vn -0.0265 -0.9996 0.0055
vn -0.5596 0.8274 0.0475
vn 0.0315 -0.9992 0.0233
vn 0.1164 0.0004 -0.9932
vn -0.9973 -0.0695 0.0239
vn 0.4115 -0.0610 0.9094
vn -0.9133 0.4034 -0.0563
vn -0.3607 -0.5947 0.7185
vn 0.7860 0.6088 -0.1075
vn 0.6706 -0.0457 0.7404
vn -0.5214 -0.8190 0.2396
vn 0.2914 0.4900 0.8216
vn -0.4517 -0.8727 0.1851
vn 0.3776 -0.0164 -0.9258
vn -0.8885 0.0603 0.4550
vn 0.9769 0.0890 -0.1942
vn -0.0627 -0.9979 0.0188
vn 0.9014 0.0249 -0.4323
vn -0.5944 -0.7982 -0.0974
vn 0.0228 -0.0120 0.9997
vn 0.5416 -0.5597 0.6272
vn -0.7255 0.0021 0.6882
vn -0.3789 0.7437 -0.5508
vn 0.6390 0.7161 -0.2808
vn -0.5680 -0.7526 -0.3330
vn 0.6000 0.6752 0.4291
vn -0.4857 -0.6205 -0.6157
vn 0.0237 -0.9997 0.0114
vn -0.6048 0.7833 -0.1437
vn -0.1283 0.9856 -0.1101
vn -0.8500 0.0020 -0.5268
vn 0.0514 0.9982 0.0306
vn -0.0104 -0.9999 -0.0132
vn 0.0022 0.9992 0.0405
vn 0.8707 -0.0324 0.4908
vn 0.0280 -0.6278 0.7779
vn 0.6056 -0.7529 -0.2576
vn 0.0550 0.9968 0.0583
vn -0.8464 0.0119 -0.5325
vn 0.9856 -0.0078 0.1687
vn 0.6005 -0.0464 0.7983
vn -0.6785 -0.0143 0.7344
vn -0.0460 0.0099 -0.9989
vn 0.5990 0.0193 0.8005
vn -0.8928 0.0230 -0.4498
vn -0.0606 -0.0343 -0.9976
vn -0.0087 0.9997 -0.0223
vn 0.6063 -0.0298 0.7947
vn 0.4963 0.8580 -0.1323
vn 0.0188 0.6022 -0.7981
vn -0.7199 -0.6847 0.1132
vn -0.6389 -0.6681 0.3815
vn 0.5415 -0.8293 -0.1377
vn -0.7098 0.6748 0.2019
vn 0.0233 0.9996 0.0143
vn 0.8334 0.3608 -0.4186
vn -0.9062 -0.0686 0.4172
vn 0.3557 0.7404 0.5704
vn 0.9611 -0.0118 -0.2760
vn 0.8962 -0.0073 0.4435
vn -0.9828 0.0688 0.1715
vn 0.9292 -0.0354 -0.3678
vn -0.0734 -0.8134 -0.5771
vn 0.0290 -0.9985 -0.0459
vn 0.6895 0.0098 -0.7242
vn -0.5736 -0.0132 -0.8190
vn -0.5366 0.6751 0.5063
vn 0.8031 0.0104 0.5958
vn -0.9667 0.0613 -0.2486
vn -0.3514 -0.8341 -0.4252
vn 0.0352 0.9993 0.0089
vn 0.0180 -0.9996 0.0238
vn -0.7027 -0.0211 0.7111
vn 0.1580 -0.0574 0.9858
vn 0.7141 0.4649 0.5234
vn 0.9976 -0.0342 -0.0602
vn -0.4247 -0.0409 0.9044
vn 0.0465 -0.9979 0.0462
vn -0.8100 0.0249 -0.5859
vn 0.1980 -0.7982 0.5689
vn 0.8676 -0.0120 -0.4971
vn 0.2927 -0.5597 -0.7752
vn 0.9510 0.0021 0.3092
vn -0.3032 0.7437 0.5958
vn -0.5517 0.7161 -0.4276
vn -0.0217 -0.7526 0.6581
vn 0.0908 0.6752 -0.7320
vn -0.3093 -0.6205 0.7206
vn -0.0013 -0.9997 -0.0262
vn 0.1623 0.7833 0.6001
vn -0.0355 0.9856 0.1653
vn -0.0575 0.0020 0.9983
vn 0.0024 0.9982 -0.0598
vn -0.0066 -0.9999 0.0154
vn 0.0346 0.9992 -0.0212
vn 0.0159 -0.0324 -0.9993
vn 0.6703 -0.6278 -0.3957
vn -0.5153 -0.7529 -0.4093
vn 0.0250 0.9968 -0.0761
vn -0.0642 0.0119 0.9979
vn -0.3220 -0.0078 -0.9467
vn 0.4150 -0.0464 -0.9086
vn 0.9692 -0.0143 0.2459
vn -0.8559 0.0099 0.5170
vn 0.4177 0.0193 -0.9084
vn 0.5836 0.0230 0.8117
vn -0.4077 -0.0343 0.9125
vn -0.0026 0.9997 0.0238
vn -0.1700 -0.0298 -0.9850
vn -0.5012 0.8580 -0.1122
vn -0.3858 0.6022 0.6990
vn 0.6907 -0.6847 0.2326
vn 0.7429 -0.6681 -0.0427
vn -0.5438 -0.8293 -0.1283
vn 0.7227 0.6748 0.1493
vn -0.0141 0.9996 -0.0234
vn -0.9325 0.3608 -0.0143
vn 0.9964 -0.0686 0.0492
vn -0.0515 0.7404 -0.6702
vn -0.9798 -0.0118 -0.1998
vn -0.5895 -0.0073 -0.8077
vn 0.9506 0.0688 0.3025
vn -0.9940 -0.0354 -0.1036
vn -0.2019 -0.8134 0.5456
vn -0.0469 -0.9985 0.0273
vn -0.9405 0.0098 0.3396
vn 0.1471 -0.0132 0.9890
vn 0.7063 0.6751 -0.2131
vn -0.4521 0.0104 -0.8919
vn 0.7536 0.0613 0.6544
vn 0.1243 -0.8341 0.5374
vn -0.0275 0.9993 -0.0237
vn -0.0055 -0.9996 -0.0293
vn 0.9465 -0.0211 -0.3221
vn 0.2992 -0.0574 -0.9525
vn -0.4048 0.4649 -0.7874
vn -0.9193 -0.0342 -0.3920
vn -0.6952 0.0320 -0.7181
vn -0.8677 -0.0132 0.4969
vn 0.4555 0.6751 0.5803
vn 0.6663 0.0104 -0.7456
vn -0.3354 0.0613 0.9401
vn -0.4554 -0.8341 0.3113
vn 0.0121 0.9993 -0.0343
vn -0.3136 -0.7372 -0.5985
vn 0.0133 -0.9998 0.0115
vn 0.6444 -0.0211 0.7644
vn 0.9960 -0.0574 -0.0679
vn 0.5861 0.4649 -0.6636
vn 0.0706 -0.0283 -0.9971
vn -0.8689 0.0320 -0.4940
vn -0.6933 -0.0132 0.7206
vn 0.6001 0.6751 0.4291
vn 0.4301 0.0104 -0.9027
vn -0.0579 0.0613 0.9964
vn -0.3496 -0.8341 0.4267
vn 0.0020 0.9993 -0.0363
vn -0.4691 -0.7372 -0.4863
vn 0.0160 -0.9998 0.0073
vn 0.8331 -0.0211 0.5527
vn 0.9369 -0.0574 -0.3448
vn 0.3762 0.4649 -0.8015
vn -0.2122 -0.0283 -0.9768
vn 0.7682 -0.0409 -0.6389
vn -0.0225 -0.9979 -0.0615
vn 0.4851 0.0249 0.8741
vn 0.0619 -0.7982 -0.5992
vn -0.9965 -0.0120 0.0822
vn -0.5939 -0.5597 0.5779
vn -0.7301 0.0021 -0.6833
vn 0.5273 0.7437 -0.4110
vn 0.3183 0.7161 0.6212
vn 0.2987 -0.7526 -0.5868
vn -0.3927 0.6752 0.6244
vn 0.5857 -0.6205 -0.5214
vn -0.0100 -0.9997 0.0243
vn 0.1075 0.7833 -0.6123
vn 0.1023 0.9856 -0.1346
vn 0.4754 0.0020 -0.8798
vn -0.0275 0.9982 0.0531
vn 0.0126 -0.9999 -0.0112
vn -0.0403 0.9992 0.0046
vn -0.4382 -0.0324 0.8983
vn -0.7749 -0.6278 0.0741
vn 0.2931 -0.7529 0.5892
vn -0.0549 0.9968 0.0583
vn 0.4813 0.0119 -0.8765
vn -0.1098 -0.0078 0.9939
vn -0.7612 -0.0464 0.6469
vn -0.7735 -0.0143 -0.6337
vn 0.9944 0.0099 -0.1053
vn -0.7635 0.0193 0.6455
vn 0.3433 0.0320 0.9387
vn 0.9948 -0.0132 -0.1012
vn -0.1803 0.6751 -0.7154
vn -0.9119 0.0104 0.4104
vn 0.6886 0.0613 -0.7226
vn 0.5426 -0.8341 -0.0993
vn -0.0250 0.9993 0.0264
vn 0.0433 -0.7372 0.6743
vn -0.0075 -0.9998 -0.0159
vn -0.2780 -0.0211 -0.9603
vn -0.9376 -0.0574 -0.3429
vn -0.8052 0.4649 0.3680
vn -0.4698 -0.0283 0.8823
vt 0.366299 0.528392
vt 0.366299 0.500000
vt 0.375000 0.527454
vt 0.596844 0.027111
vt 0.597546 0.000000
vt 0.625000 0.030810
vt 0.133701 0.738083
vt 0.125000 0.722715
vt 0.133701 0.525444
vt 0.401383 0.534452
vt 0.402454 0.491299
vt 0.606693 0.491299
vt 0.398351 0.000000
vt 0.402454 0.234158
vt 0.598352 0.222546
vt 0.605541 0.258701
vt 0.633701 0.720962
vt 0.596747 0.722546
vt 0.597546 0.534302
vt 0.594871 0.413766
vt 0.625000 0.413766
vt 0.625000 0.836234
vt 0.607539 0.913766
vt 0.596326 0.836233
vt 0.288766 0.514403
vt 0.612589 0.758701
vt 0.402395 0.758701
vt 0.290408 0.725524
vt 0.211234 0.519798
vt 0.633701 0.527454
vt 0.402454 0.836234
vt 0.383543 0.722546
vt 0.402020 0.026851
vt 0.788766 0.530439
vt 0.633701 0.721540
vt 0.606856 0.913766
vt 0.598776 0.991299
vt 0.597038 0.759264
vt 0.866299 0.721142
vt 0.788766 0.722546
vt 0.597546 0.750000
vt 0.625000 0.758701
vt 0.597975 0.027219
vt 0.598776 0.000000
vt 0.625000 0.028858
vt 0.133701 0.722546
vt 0.126978 0.729748
vt 0.131744 0.526511
vt 0.386184 0.734120
vt 0.598559 0.722546
vt 0.597546 0.533247
vt 0.211234 0.723759
vt 0.374610 0.731335
vt 0.211234 0.750000
vt 0.402454 0.913766
vt 0.211234 0.527454
vt 0.366299 0.514537
vt 0.608067 0.491299
vt 0.597546 0.336234
vt 0.625000 0.336234
vt 0.406967 0.257554
vt 0.599003 0.222546
vt 0.608491 0.258701
vt 0.402003 0.535542
vt 0.402387 0.020183
vt 0.402454 0.222546
vt 0.366299 0.526878
vt 0.398351 0.991299
vt 0.399882 0.913767
vt 0.597546 0.991299
vt 0.127095 0.729962
vt 0.131798 0.526079
vt 0.612690 0.014214
vt 0.598401 0.027160
vt 0.401868 0.019968
vt 0.633701 0.722269
vt 0.597643 0.722546
vt 0.597546 0.532608
vt 0.374468 0.733298
vt 0.404117 0.258701
vt 0.598895 0.222546
vt 0.609570 0.258701
vt 0.402071 0.534974
vt 0.388654 0.736706
vt 0.366299 0.528392
vt 0.596844 0.027111
vt 0.625000 0.030810
vt 0.133701 0.525444
vt 0.401383 0.534452
vt 0.398351 0.000000
vt 0.402454 0.234158
vt 0.605541 0.258701
vt 0.633701 0.720962
vt 0.596747 0.722546
vt 0.597546 0.534302
vt 0.594872 0.413766
vt 0.607539 0.913766
vt 0.596326 0.836233
vt 0.288766 0.514403
vt 0.402395 0.758701
vt 0.290408 0.725524
vt 0.383543 0.722546
vt 0.402020 0.026851
vt 0.788766 0.530439
vt 0.633701 0.721540
vt 0.606856 0.913766
vt 0.598776 0.991299
vt 0.866299 0.721142
vt 0.597975 0.027219
vt 0.598776 0.000000
vt 0.625000 0.028858
vt 0.126978 0.729748
vt 0.131744 0.526511
vt 0.386184 0.734120
vt 0.598559 0.722546
vt 0.597546 0.533246
vt 0.374610 0.731335
vt 0.366299 0.514537
vt 0.608067 0.491299
vt 0.406967 0.257554
vt 0.599003 0.222546
vt 0.608491 0.258701
vt 0.402003 0.535542
vt 0.402387 0.020184
vt 0.366299 0.526878
vt 0.127095 0.729962
vt 0.131798 0.526079
vt 0.612690 0.014214
vt 0.598401 0.027160
vt 0.401868 0.019968
vt 0.633701 0.722270
vt 0.597643 0.722546
vt 0.597546 0.532608
vt 0.374468 0.733298
vt 0.609570 0.258701
vt 0.402072 0.534974
vt 0.388654 0.736706
vt 0.597546 0.758701
vt 0.127095 0.729962
vt 0.131798 0.526079
vt 0.612690 0.014214
vt 0.598401 0.027160
vt 0.401868 0.019968
vt 0.633701 0.722269
vt 0.597546 0.532608
vt 0.374468 0.733298
vt 0.404117 0.258701
vt 0.598895 0.222546
vt 0.402072 0.534974
vt 0.388654 0.736706
vt 0.366299 0.526878
vt 0.127095 0.729962
vt 0.131798 0.526079
vt 0.612690 0.014214
vt 0.598401 0.027160
vt 0.401868 0.019968
vt 0.597643 0.722546
vt 0.597546 0.532608
vt 0.374468 0.733298
vt 0.404117 0.258701
vt 0.598895 0.222546
vt 0.402071 0.534974
vt 0.388654 0.736706
vt 0.596844 0.027111
vt 0.625000 0.030809
vt 0.125000 0.722715
vt 0.133701 0.525444
vt 0.401383 0.534453
vt 0.606694 0.491299
vt 0.402454 0.234158
vt 0.598352 0.222546
vt 0.605541 0.258701
vt 0.596747 0.722546
vt 0.597546 0.534302
vt 0.594871 0.413766
vt 0.596326 0.836234
vt 0.290408 0.725524
vt 0.211234 0.519798
vt 0.383543 0.722546
vt 0.402020 0.026851
vt 0.127095 0.729962
vt 0.612690 0.014214
vt 0.401868 0.019968
vt 0.633701 0.722269
vt 0.597546 0.532608
vt 0.374469 0.733298
vt 0.404117 0.258701
vt 0.402072 0.534974
vt 0.388654 0.736706
vt 0.366299 0.750000
vt 0.288766 0.750000
vt 0.127794 0.518637
vt 0.625000 0.991299
vt 0.605911 0.241635
vt 0.211234 0.722546
vt 0.607912 0.336234
vt 0.866439 0.719190
vt 0.711233 0.720014
vt 0.711233 0.527454
vt 0.788766 0.527454
vt 0.402454 0.413766
vt 0.402454 0.336234
vt 0.866299 0.527454
vt 0.608491 0.239055
vt 0.132554 0.500000
vt 0.402661 0.491299
vt 0.402454 0.991299
vt 0.400308 0.991299
vt 0.612094 0.758701
vt 0.612690 0.991299
vt 0.133701 0.500000
vt 0.609570 0.237976
vt 0.866299 0.724233
vt 0.402331 0.491299
vt 0.611095 0.491299
vt 0.398351 0.991299
vt 0.399882 0.913766
vt 0.605911 0.241635
vt 0.866439 0.719190
vt 0.608491 0.239055
vt 0.132554 0.500000
vt 0.402661 0.491299
vt 0.612094 0.758701
vt 0.609570 0.237976
vt 0.866299 0.724233
vt 0.402331 0.491299
vt 0.400308 0.991299
vt 0.612690 0.991299
vt 0.609570 0.237976
vt 0.402331 0.491299
vt 0.611096 0.491299
vt 0.400308 0.991299
vt 0.866299 0.724233
vt 0.402331 0.491299
vt 0.398351 0.991299
vt 0.399882 0.913766
vt 0.866439 0.719191
vt 0.400308 0.991299
vt 0.402331 0.491299
s 0
f 3171/2519/3055 3155/2520/3055 3174/2521/3055
f 3170/2522/3056 3160/2523/3056 3161/2524/3056
f 3162/2525/3057 3180/2526/3057 3159/2527/3057
f 3174/2528/3058 3155/2529/3058 3175/2530/3058
f 3160/2523/3059 3170/2522/3059 3162/2531/3059
f 3158/2532/3060 3178/2533/3060 3157/2534/3060
f 3168/2535/3061 3177/2536/3061 3169/2537/3061
f 3175/2530/3062 3167/2538/3062 3166/2539/3062
f 3172/2540/3063 3152/2541/3063 3151/2542/3063
f 3154/2543/3064 3155/2520/3064 3171/2519/3064
f 3168/2544/3065 3151/2542/3065 3176/2545/3065
f 3154/2543/3066 3173/2546/3066 3153/2547/3066
f 3168/2535/3067 3169/2537/3067 3175/2548/3067
f 3154/2543/3068 3171/2519/3068 3173/2546/3068
f 3176/2545/3069 3151/2542/3069 3164/2549/3069
f 3174/2528/3070 3177/2536/3070 3156/2550/3070
f 3180/2551/3071 3178/2533/3071 3158/2532/3071
f 3183/2548/3072 3192/2552/3072 3194/2553/3072
f 3181/2554/3073 3200/2555/3073 3184/2556/3073
f 3188/2557/3074 3181/2558/3074 3192/2552/3074
f 3201/2559/3075 3194/2560/3075 3184/2556/3075
f 3196/2561/3076 3200/2562/3076 3188/2563/3076
f 3189/2564/3077 3190/2565/3077 3187/2566/3077
f 3185/2567/3078 3201/2568/3078 3184/2556/3078
f 3194/2553/3079 3201/2568/3079 3195/2569/3079
f 3198/2570/3080 3185/2571/3080 3191/2572/3080
f 3185/2567/3081 3184/2556/3081 3191/2573/3081
f 3198/2570/3082 3189/2564/3082 3187/2566/3082
f 3182/2574/3083 3197/2575/3083 3198/2570/3083
f 3194/2553/3084 3195/2569/3084 3183/2548/3084
f 3183/2576/3085 3193/2577/3085 3192/2578/3085
f 3202/2579/3086 3203/2580/3086 3186/2581/3086
f 3199/2582/3087 3201/2568/3087 3185/2567/3087
f 3190/2583/3088 3203/2580/3088 3187/2584/3088
f 3214/2585/3089 3205/2520/3089 3215/2521/3089
f 3162/2586/3090 3179/2587/3090 3152/2541/3090 3160/2588/3090
f 3209/2564/3091 3210/2589/3091 3207/2590/3091
f 3208/2591/3092 3213/2592/3092 3210/2593/3092
f 3211/2594/3093 3217/2595/3093 3212/2596/3093
f 3209/2564/3094 3216/2597/3094 3210/2589/3094
f 3211/2594/3095 3212/2596/3095 3204/2548/3095
f 3218/2598/3096 3219/2599/3096 3206/2600/3096
f 3215/2601/3097 3217/2595/3097 3216/2602/3097
f 3210/2593/3098 3219/2599/3098 3207/2584/3098
f 3240/2603/3099 3224/2520/3099 3243/2521/3099
f 3239/2604/3100 3229/2523/3100 3230/2605/3100
f 3231/2525/3101 3249/2526/3101 3228/2606/3101
f 3243/2607/3102 3224/2529/3102 3244/2530/3102
f 3229/2523/3103 3239/2604/3103 3231/2608/3103
f 3227/2609/3104 3247/2533/3104 3226/2610/3104
f 3237/2611/3105 3246/2612/3105 3238/2613/3105
f 3244/2530/3106 3236/2614/3106 3235/2539/3106
f 3241/2540/3107 3221/2615/3107 3220/2616/3107
f 3223/2617/3108 3224/2520/3108 3240/2603/3108
f 3237/2544/3109 3220/2616/3109 3245/2618/3109
f 3223/2617/3110 3242/2619/3110 3222/2547/3110
f 3237/2611/3111 3238/2613/3111 3244/2548/3111
f 3223/2617/3112 3240/2603/3112 3242/2619/3112
f 3245/2618/3113 3220/2616/3113 3233/2549/3113
f 3243/2607/3114 3246/2612/3114 3225/2620/3114
f 3249/2621/3115 3247/2533/3115 3227/2609/3115
f 3252/2548/3116 3261/2622/3116 3263/2623/3116
f 3250/2624/3117 3269/2625/3117 3253/2556/3117
f 3257/2626/3118 3250/2558/3118 3261/2622/3118
f 3270/2559/3119 3263/2560/3119 3253/2556/3119
f 3265/2627/3120 3269/2628/3120 3257/2629/3120
f 3258/2564/3121 3259/2630/3121 3256/2631/3121
f 3254/2632/3122 3270/2633/3122 3253/2556/3122
f 3263/2623/3123 3270/2633/3123 3264/2634/3123
f 3267/2570/3124 3254/2635/3124 3260/2572/3124
f 3254/2632/3125 3253/2556/3125 3260/2573/3125
f 3267/2570/3126 3258/2564/3126 3256/2631/3126
f 3251/2574/3127 3266/2636/3127 3267/2570/3127
f 3263/2623/3128 3264/2634/3128 3252/2548/3128
f 3252/2637/3129 3262/2577/3129 3261/2578/3129
f 3271/2638/3130 3272/2639/3130 3255/2640/3130
f 3268/2641/3131 3270/2633/3131 3254/2632/3131
f 3259/2642/3132 3272/2639/3132 3256/2584/3132
f 3283/2643/3133 3274/2520/3133 3284/2521/3133
f 3278/2564/3134 3279/2644/3134 3276/2645/3134
f 3277/2646/3135 3282/2647/3135 3279/2648/3135
f 3280/2649/3136 3286/2650/3136 3281/2651/3136
f 3278/2564/3137 3285/2652/3137 3279/2644/3137
f 3280/2649/3138 3281/2651/3138 3273/2548/3138
f 3287/2598/3139 3288/2599/3139 3275/2653/3139
f 3284/2654/3140 3286/2650/3140 3285/2655/3140
f 3279/2648/3141 3288/2599/3141 3276/2584/3141
f 3300/2643/3142 3290/2520/3142 3301/2521/3142
f 3303/2559/3143 3297/2560/3143 3291/2656/3143
f 3295/2564/3144 3296/2657/3144 3293/2658/3144
f 3294/2659/3145 3299/2660/3145 3296/2661/3145
f 3297/2662/3146 3303/2595/3146 3298/2663/3146
f 3295/2564/3147 3302/2664/3147 3296/2657/3147
f 3297/2662/3148 3298/2663/3148 3289/2548/3148
f 3304/2665/3149 3305/2666/3149 3292/2600/3149
f 3301/2667/3150 3303/2595/3150 3302/2668/3150
f 3296/2661/3151 3305/2666/3151 3293/2584/3151
f 3317/2669/3152 3307/2520/3152 3318/2521/3152
f 3320/2559/3153 3314/2560/3153 3308/2656/3153
f 3312/2564/3154 3313/2670/3154 3310/2671/3154
f 3311/2672/3155 3316/2673/3155 3313/2674/3155
f 3314/2594/3156 3320/2675/3156 3315/2676/3156
f 3312/2564/3157 3319/2677/3157 3313/2670/3157
f 3314/2594/3158 3315/2676/3158 3306/2548/3158
f 3321/2678/3159 3322/2679/3159 3309/2600/3159
f 3318/2680/3160 3320/2675/3160 3319/2681/3160
f 3313/2674/3161 3322/2679/3161 3310/2584/3161
f 3343/2519/3162 3327/2520/3162 3346/2521/3162
f 3342/2682/3163 3332/2523/3163 3333/2683/3163
f 3334/2525/3164 3352/2684/3164 3331/2685/3164
f 3346/2686/3165 3327/2529/3165 3347/2687/3165
f 3332/2523/3166 3342/2682/3166 3334/2531/3166
f 3330/2688/3167 3350/2689/3167 3329/2690/3167
f 3340/2535/3168 3349/2691/3168 3341/2692/3168
f 3347/2687/3169 3339/2693/3169 3338/2539/3169
f 3344/2540/3170 3324/2541/3170 3323/2694/3170
f 3326/2543/3171 3327/2520/3171 3343/2519/3171
f 3340/2544/3172 3323/2694/3172 3348/2618/3172
f 3326/2543/3173 3345/2695/3173 3325/2696/3173
f 3340/2535/3174 3341/2692/3174 3347/2548/3174
f 3326/2543/3175 3343/2519/3175 3345/2695/3175
f 3348/2618/3176 3323/2694/3176 3336/2549/3176
f 3346/2686/3177 3349/2691/3177 3328/2697/3177
f 3352/2698/3178 3350/2689/3178 3330/2688/3178
f 3364/2643/3179 3354/2520/3179 3365/2521/3179
f 3367/2559/3180 3361/2560/3180 3355/2656/3180
f 3359/2564/3181 3360/2699/3181 3357/2658/3181
f 3358/2700/3182 3363/2647/3182 3360/2701/3182
f 3361/2702/3183 3367/2595/3183 3362/2703/3183
f 3359/2564/3184 3366/2704/3184 3360/2699/3184
f 3361/2702/3185 3362/2703/3185 3353/2548/3185
f 3368/2705/3186 3369/2679/3186 3356/2600/3186
f 3365/2706/3187 3367/2595/3187 3366/2707/3187
f 3360/2701/3188 3369/2679/3188 3357/2584/3188
f 3171/2519/3189 3156/2550/3189 3173/2546/3189
f 3180/2551/3190 3170/2522/3190 3178/2533/3190
f 3176/2708/3191 3164/2709/3191 3173/2546/3191 3156/2550/3191
f 3174/2528/3192 3169/2537/3192 3177/2536/3192
f 3153/2547/3193 3159/2527/3193 3158/2710/3193
f 3176/2545/3194 3156/2550/3194 3177/2536/3194
f 3161/2711/3195 3160/2588/3195 3152/2541/3195
f 3170/2522/3196 3161/2524/3196 3157/2712/3196 3178/2533/3196
f 3164/2709/3197 3179/2572/3197 3163/2713/3197 3173/2546/3197
f 3166/2539/3198 3167/2538/3198 3165/2714/3198
f 3162/2525/3199 3163/2713/3199 3179/2572/3199
f 3162/2525/3200 3159/2527/3200 3173/2546/3200 3163/2713/3200
f 3168/2544/3201 3172/2540/3201 3151/2542/3201
f 3161/2715/3202 3152/2558/3202 3172/2716/3202
f 3151/2542/3203 3152/2541/3203 3179/2587/3203
f 3161/2715/3204 3172/2716/3204 3166/2717/3204 3165/2718/3204
f 3153/2547/3205 3173/2546/3205 3159/2527/3205
f 3172/2716/3206 3168/2535/3206 3175/2548/3206 3166/2717/3206
f 3154/2719/3207 3153/2720/3207 3165/2714/3207 3167/2538/3207
f 3156/2550/3208 3171/2519/3208 3174/2528/3208
f 3159/2527/3209 3180/2526/3209 3158/2710/3209
f 3165/2718/3210 3157/2721/3210 3161/2715/3210
f 3164/2549/3211 3151/2542/3211 3179/2587/3211
f 3155/2529/3212 3154/2719/3212 3167/2538/3212 3175/2530/3212
f 3153/2720/3213 3158/2532/3213 3157/2534/3213 3165/2714/3213
f 3168/2544/3214 3176/2545/3214 3177/2536/3214
f 3162/2531/3215 3170/2522/3215 3180/2551/3215
f 3169/2537/3216 3174/2528/3216 3175/2530/3216
f 3196/2561/3217 3188/2563/3217 3186/2722/3217 3203/2580/3217
f 3190/2583/3218 3196/2561/3218 3203/2580/3218
f 3186/2581/3219 3193/2577/3219 3202/2579/3219
f 3199/2582/3220 3195/2569/3220 3201/2568/3220
f 3182/2574/3221 3187/2566/3221 3202/2723/3221
f 3202/2579/3222 3187/2584/3222 3203/2580/3222
f 3188/2711/3223 3200/2555/3223 3181/2554/3223
f 3181/2554/3224 3184/2556/3224 3194/2560/3224
f 3191/2572/3225 3190/2565/3225 3189/2564/3225 3198/2570/3225
f 3192/2578/3226 3193/2577/3226 3186/2581/3226
f 3183/2576/3227 3197/2724/3227 3202/2579/3227 3193/2577/3227
f 3182/2574/3228 3202/2723/3228 3197/2575/3228
f 3192/2552/3229 3181/2558/3229 3194/2553/3229
f 3197/2724/3230 3183/2576/3230 3195/2569/3230 3199/2582/3230
f 3182/2574/3231 3198/2570/3231 3187/2566/3231
f 3185/2567/3232 3197/2575/3232 3199/2582/3232
f 3192/2552/3233 3186/2721/3233 3188/2557/3233
f 3197/2575/3234 3185/2567/3234 3198/2570/3234
f 3200/2562/3235 3196/2561/3235 3190/2583/3235
f 3200/2555/3236 3190/2725/3236 3191/2573/3236 3184/2556/3236
f 3210/2726/3237 3216/2602/3237 3211/2727/3237 3208/2728/3237
f 3210/2593/3238 3213/2592/3238 3219/2599/3238
f 3214/2585/3239 3207/2590/3239 3218/2729/3239 3205/2520/3239
f 3215/2601/3240 3212/2596/3240 3217/2595/3240
f 3218/2598/3241 3207/2584/3241 3219/2599/3241
f 3213/2592/3242 3208/2591/3242 3206/2730/3242 3219/2599/3242
f 3209/2564/3243 3207/2590/3243 3214/2585/3243 3216/2602/3243
f 3204/2548/3244 3206/2721/3244 3208/2731/3244 3211/2594/3244
f 3205/2732/3245 3218/2598/3245 3206/2600/3245 3204/2733/3245
f 3205/2732/3246 3204/2733/3246 3212/2596/3246 3215/2601/3246
f 3216/2602/3247 3214/2585/3247 3215/2601/3247
f 3211/2727/3248 3216/2602/3248 3217/2595/3248
f 3231/2734/3249 3248/2735/3249 3221/2615/3249 3229/2588/3249
f 3240/2603/3250 3225/2620/3250 3242/2619/3250
f 3249/2621/3251 3239/2604/3251 3247/2533/3251
f 3245/2708/3252 3233/2709/3252 3242/2619/3252 3225/2620/3252
f 3243/2607/3253 3238/2613/3253 3246/2612/3253
f 3222/2547/3254 3228/2606/3254 3227/2710/3254
f 3245/2618/3255 3225/2620/3255 3246/2612/3255
f 3230/2711/3256 3229/2588/3256 3221/2615/3256
f 3239/2604/3257 3230/2605/3257 3226/2736/3257 3247/2533/3257
f 3233/2709/3258 3248/2572/3258 3232/2713/3258 3242/2619/3258
f 3235/2539/3259 3236/2614/3259 3234/2714/3259
f 3231/2525/3260 3232/2713/3260 3248/2572/3260
f 3231/2525/3261 3228/2606/3261 3242/2619/3261 3232/2713/3261
f 3237/2544/3262 3241/2540/3262 3220/2616/3262
f 3230/2737/3263 3221/2558/3263 3241/2716/3263
f 3220/2616/3264 3221/2615/3264 3248/2735/3264
f 3230/2737/3265 3241/2716/3265 3235/2717/3265 3234/2718/3265
f 3222/2547/3266 3242/2619/3266 3228/2606/3266
f 3241/2716/3267 3237/2611/3267 3244/2548/3267 3235/2717/3267
f 3223/2719/3268 3222/2720/3268 3234/2714/3268 3236/2614/3268
f 3225/2620/3269 3240/2603/3269 3243/2607/3269
f 3228/2606/3270 3249/2526/3270 3227/2710/3270
f 3234/2718/3271 3226/2721/3271 3230/2737/3271
f 3233/2549/3272 3220/2616/3272 3248/2735/3272
f 3224/2529/3273 3223/2719/3273 3236/2614/3273 3244/2530/3273
f 3222/2720/3274 3227/2609/3274 3226/2610/3274 3234/2714/3274
f 3237/2544/3275 3245/2618/3275 3246/2612/3275
f 3231/2608/3276 3239/2604/3276 3249/2621/3276
f 3238/2613/3277 3243/2607/3277 3244/2530/3277
f 3265/2627/3278 3257/2629/3278 3255/2738/3278 3272/2639/3278
f 3259/2642/3279 3265/2627/3279 3272/2639/3279
f 3255/2640/3280 3262/2577/3280 3271/2638/3280
f 3268/2641/3281 3264/2634/3281 3270/2633/3281
f 3251/2574/3282 3256/2631/3282 3271/2739/3282
f 3271/2638/3283 3256/2584/3283 3272/2639/3283
f 3257/2711/3284 3269/2625/3284 3250/2624/3284
f 3250/2624/3285 3253/2556/3285 3263/2560/3285
f 3260/2572/3286 3259/2630/3286 3258/2564/3286 3267/2570/3286
f 3261/2578/3287 3262/2577/3287 3255/2640/3287
f 3252/2637/3288 3266/2740/3288 3271/2638/3288 3262/2577/3288
f 3251/2574/3289 3271/2739/3289 3266/2636/3289
f 3261/2622/3290 3250/2558/3290 3263/2623/3290
f 3266/2740/3291 3252/2637/3291 3264/2634/3291 3268/2641/3291
f 3251/2574/3292 3267/2570/3292 3256/2631/3292
f 3254/2632/3293 3266/2636/3293 3268/2641/3293
f 3261/2622/3294 3255/2721/3294 3257/2626/3294
f 3266/2636/3295 3254/2632/3295 3267/2570/3295
f 3269/2628/3296 3265/2627/3296 3259/2642/3296
f 3269/2625/3297 3259/2725/3297 3260/2573/3297 3253/2556/3297
f 3279/2726/3298 3285/2655/3298 3280/2741/3298 3277/2728/3298
f 3279/2648/3299 3282/2647/3299 3288/2599/3299
f 3283/2643/3300 3276/2645/3300 3287/2729/3300 3274/2520/3300
f 3284/2654/3301 3281/2651/3301 3286/2650/3301
f 3287/2598/3302 3276/2584/3302 3288/2599/3302
f 3282/2647/3303 3277/2646/3303 3275/2742/3303 3288/2599/3303
f 3278/2564/3304 3276/2645/3304 3283/2643/3304 3285/2655/3304
f 3273/2548/3305 3275/2721/3305 3277/2743/3305 3280/2649/3305
f 3274/2744/3306 3287/2598/3306 3275/2653/3306 3273/2733/3306
f 3274/2744/3307 3273/2733/3307 3281/2651/3307 3284/2654/3307
f 3285/2655/3308 3283/2643/3308 3284/2654/3308
f 3280/2741/3309 3285/2655/3309 3286/2650/3309
f 3296/2745/3310 3302/2668/3310 3291/2656/3310 3294/2746/3310
f 3296/2661/3311 3299/2660/3311 3305/2666/3311
f 3300/2643/3312 3293/2658/3312 3304/2729/3312 3290/2520/3312
f 3301/2667/3313 3298/2663/3313 3303/2595/3313
f 3304/2665/3314 3293/2584/3314 3305/2666/3314
f 3299/2660/3315 3294/2659/3315 3292/2747/3315 3305/2666/3315
f 3295/2564/3316 3293/2658/3316 3300/2643/3316 3302/2668/3316
f 3294/2746/3317 3291/2656/3317 3297/2560/3317
f 3289/2548/3318 3292/2721/3318 3294/2743/3318 3297/2662/3318
f 3290/2748/3319 3304/2665/3319 3292/2600/3319 3289/2749/3319
f 3290/2748/3320 3289/2749/3320 3298/2663/3320 3301/2667/3320
f 3302/2668/3321 3300/2643/3321 3301/2667/3321
f 3291/2656/3322 3302/2668/3322 3303/2595/3322
f 3313/2750/3323 3319/2681/3323 3308/2656/3323 3311/2728/3323
f 3313/2674/3324 3316/2673/3324 3322/2679/3324
f 3317/2669/3325 3310/2671/3325 3321/2729/3325 3307/2520/3325
f 3318/2680/3326 3315/2676/3326 3320/2675/3326
f 3321/2678/3327 3310/2584/3327 3322/2679/3327
f 3316/2673/3328 3311/2672/3328 3309/2747/3328 3322/2679/3328
f 3312/2564/3329 3310/2671/3329 3317/2669/3329 3319/2681/3329
f 3311/2728/3330 3308/2656/3330 3314/2560/3330
f 3306/2548/3331 3309/2721/3331 3311/2751/3331 3314/2594/3331
f 3307/2752/3332 3321/2678/3332 3309/2600/3332 3306/2733/3332
f 3307/2752/3333 3306/2733/3333 3315/2676/3333 3318/2680/3333
f 3319/2681/3334 3317/2669/3334 3318/2680/3334
f 3308/2656/3335 3319/2681/3335 3320/2675/3335
f 3334/2753/3336 3351/2754/3336 3324/2541/3336 3332/2588/3336
f 3343/2519/3337 3328/2697/3337 3345/2695/3337
f 3352/2698/3338 3342/2682/3338 3350/2689/3338
f 3348/2708/3339 3336/2709/3339 3345/2695/3339 3328/2697/3339
f 3346/2686/3340 3341/2692/3340 3349/2691/3340
f 3325/2696/3341 3331/2685/3341 3330/2710/3341
f 3348/2618/3342 3328/2697/3342 3349/2691/3342
f 3333/2711/3343 3332/2588/3343 3324/2541/3343
f 3342/2682/3344 3333/2683/3344 3329/2712/3344 3350/2689/3344
f 3336/2709/3345 3351/2572/3345 3335/2713/3345 3345/2695/3345
f 3338/2539/3346 3339/2693/3346 3337/2714/3346
f 3334/2525/3347 3335/2713/3347 3351/2572/3347
f 3334/2525/3348 3331/2685/3348 3345/2695/3348 3335/2713/3348
f 3340/2544/3349 3344/2540/3349 3323/2694/3349
f 3333/2755/3350 3324/2558/3350 3344/2716/3350
f 3323/2694/3351 3324/2541/3351 3351/2754/3351
f 3333/2755/3352 3344/2716/3352 3338/2717/3352 3337/2718/3352
f 3325/2696/3353 3345/2695/3353 3331/2685/3353
f 3344/2716/3354 3340/2535/3354 3347/2548/3354 3338/2717/3354
f 3326/2719/3355 3325/2720/3355 3337/2714/3355 3339/2693/3355
f 3328/2697/3356 3343/2519/3356 3346/2686/3356
f 3331/2685/3357 3352/2684/3357 3330/2710/3357
f 3337/2718/3358 3329/2721/3358 3333/2755/3358
f 3336/2549/3359 3323/2694/3359 3351/2754/3359
f 3327/2529/3360 3326/2719/3360 3339/2693/3360 3347/2687/3360
f 3325/2720/3361 3330/2688/3361 3329/2690/3361 3337/2714/3361
f 3340/2544/3362 3348/2618/3362 3349/2691/3362
f 3334/2531/3363 3342/2682/3363 3352/2698/3363
f 3341/2692/3364 3346/2686/3364 3347/2687/3364
f 3360/2756/3365 3366/2707/3365 3355/2656/3365 3358/2728/3365
f 3360/2701/3366 3363/2647/3366 3369/2679/3366
f 3364/2643/3367 3357/2658/3367 3368/2729/3367 3354/2520/3367
f 3365/2706/3368 3362/2703/3368 3367/2595/3368
f 3368/2705/3369 3357/2584/3369 3369/2679/3369
f 3363/2647/3370 3358/2700/3370 3356/2730/3370 3369/2679/3370
f 3359/2564/3371 3357/2658/3371 3364/2643/3371 3366/2707/3371
f 3358/2728/3372 3355/2656/3372 3361/2560/3372
f 3353/2548/3373 3356/2721/3373 3358/2731/3373 3361/2702/3373
f 3354/2757/3374 3368/2705/3374 3356/2600/3374 3353/2733/3374
f 3354/2757/3375 3353/2733/3375 3362/2703/3375 3365/2706/3375
f 3366/2707/3376 3364/2643/3376 3365/2706/3376
f 3355/2656/3377 3366/2707/3377 3367/2595/3377
o Cube.003
v -0.228968 1.015664 -0.399149
v -0.328992 1.032401 -0.699128
v -0.081939 0.783821 -0.719879
v -0.002966 0.788491 -0.518993
v 0.130831 0.810593 -0.373709
v -0.010492 0.794953 -0.174616
v -0.059512 1.030391 -0.943476
v -0.073157 0.803220 -0.955217
v -0.085802 0.783981 -0.936032
v -0.314708 1.020228 -1.003454
v -0.284668 1.048225 -0.989964
v -0.301001 0.789553 -1.001005
v -0.298476 0.776249 -0.693469
v -0.233122 0.808498 -0.403958
v -0.073686 1.032604 -0.727152
v -0.029824 1.043187 -0.521309
v -0.002667 1.011447 -0.532289
v -0.027950 1.034620 -0.170996
v 0.127170 1.015546 -0.322002
v -0.282537 1.017202 -1.021660
v 0.111495 0.781186 -0.350582
v -0.203365 1.045896 -0.428503
v -0.195792 0.785596 -0.408518
v 0.131529 0.815426 -0.331346
v 0.129163 1.033585 -0.367393
v -0.038166 0.812242 -0.172848
v 0.011607 1.013370 -0.176513
v -0.078069 1.011012 -0.970309
v -0.325025 0.809537 -0.685811
v -0.281321 0.810687 -1.026658
v 0.203105 0.781833 -0.047232
v 0.296372 1.016994 -0.285005
v 0.399137 1.037479 0.001289
v 0.401007 0.776323 -0.021178
v 0.442394 0.793438 -0.233560
v 0.024402 1.039924 -0.139485
v 0.153466 1.018765 -0.347873
v 0.025095 0.811574 -0.120922
v 0.162018 0.809041 -0.350596
v 0.130749 0.797336 -0.339940
v 0.287640 0.784512 -0.250364
v 0.215843 1.012587 -0.027380
v 0.218030 1.044944 -0.058769
v 0.396778 0.807672 0.006648
v 0.446822 1.003048 -0.013700
v 0.005398 0.807524 -0.169807
v 0.439974 1.037565 -0.243444
v 0.298561 0.810382 -0.281383
v 0.455333 1.012811 -0.208351
v 0.031260 0.783518 -0.147940
v 0.441453 0.822304 -0.014326
v 0.143735 1.041339 -0.310825
v 0.004328 1.015741 -0.180436
v 0.628456 0.791137 -0.007575
v 0.646225 1.016035 -0.000565
v 0.481040 0.792198 0.010813
v 0.462930 1.037684 -0.008954
v 0.486927 0.786601 -0.237056
v 0.479279 1.045655 -0.219425
v 0.458510 1.017826 -0.231985
v 0.578854 0.794754 -0.248195
v 0.658205 0.811550 -0.043853
v 0.460461 0.806324 -0.221833
v 0.639778 1.045036 -0.027392
v 0.658526 1.007388 -0.033914
v 0.593822 1.028744 -0.247121
v 0.614741 0.812555 -0.222580
v 0.476207 1.013211 0.012015
v 0.442994 0.815157 -0.013215
v 1.184286 1.015664 -0.371326
v 0.968379 1.032401 -0.140293
v 0.832266 0.783821 -0.347511
v 0.971131 0.788491 -0.512764
v 1.034974 0.810593 -0.699668
v 1.277372 0.794953 -0.670462
v 0.625061 1.030391 -0.260536
v 0.621253 0.803220 -0.242942
v 0.644147 0.783981 -0.240983
v 0.694111 1.020228 -0.007644
v 0.691635 1.048225 -0.040481
v 0.689725 0.789553 -0.020858
v 0.958792 0.776249 -0.169812
v 1.182042 0.808498 -0.365381
v 0.821936 1.032604 -0.351294
v 0.981911 1.043187 -0.488055
v 0.959303 1.011447 -0.506682
v 1.288883 1.034620 -0.656846
v 1.082162 1.015546 -0.721122
v 0.662762 1.017202 -0.027230
v 1.064524 0.781186 -0.693709
v 1.146273 1.045896 -0.379822
v 1.160224 0.785596 -0.396013
v 1.071870 0.815426 -0.720494
v 1.041320 1.033585 -0.701216
v 1.292130 0.812242 -0.646984
v 1.265161 1.013370 -0.688978
v 0.610334 1.011012 -0.231425
v 0.978189 0.809537 -0.150134
v 0.657789 0.810687 -0.025915
v 1.087478 0.781833 -1.347264
v 0.894813 1.016994 -1.179589
v 0.936115 1.037478 -1.480951
v 0.924066 0.776323 -1.461896
v 0.789142 0.793438 -1.292738
v 1.203250 1.039924 -1.182818
v 0.992438 1.018765 -1.057753
v 1.211221 0.811574 -1.199597
v 0.983596 0.809041 -1.059294
v 1.016248 0.797336 -1.054280
v 0.918577 0.784512 -1.206263
v 1.085367 1.012587 -1.370757
v 1.068909 1.044944 -1.343938
v 0.940686 0.807672 -1.484611
v 0.886905 1.003049 -1.489716
v 1.206074 0.807524 -1.147144
v 0.786716 1.037565 -1.282855
v 0.894547 0.810382 -1.183813
v 0.789330 1.012811 -1.321073
v 1.193258 0.783518 -1.178493
v 0.891376 0.822304 -1.486678
v 1.018201 1.041339 -1.086100
v 1.202107 1.015741 -1.137226
v 0.715138 0.791137 -1.583281
v 0.702375 1.016035 -1.597494
v 0.855229 0.792198 -1.533844
v 0.862595 1.037684 -1.508067
v 0.739179 0.786601 -1.314741
v 0.753901 1.045655 -1.327095
v 0.766867 1.017826 -1.306577
v 0.651967 0.794754 -1.345862
v 0.672311 0.811550 -1.564125
v 0.769658 0.806324 -1.316530
v 0.696153 1.045036 -1.570614
v 0.676467 1.007388 -1.573160
v 0.639057 1.028744 -1.353513
v 0.631312 0.812554 -1.384817
v 0.860090 1.013211 -1.532759
v 0.878525 0.815157 -1.495345
v 1.293659 0.791137 -0.875097
v 1.302254 1.016035 -0.892157
v 1.039584 0.814442 -0.840692
v 1.298582 0.792198 -0.726621
v 1.277252 1.037684 -0.710380
v 1.052272 0.786601 -0.754996
v 1.069136 1.045655 -0.745778
v 1.054742 1.017826 -0.726236
v 1.069373 0.788551 -0.844889
v 1.260233 0.811550 -0.908019
v 1.065028 0.806324 -0.727257
v 1.274953 1.045036 -0.888172
v 1.270161 1.007388 -0.907435
v 1.051958 1.028744 -0.862364
v 1.078297 0.812554 -0.880967
v 1.299340 1.013212 -0.721698
v 1.271198 0.815157 -0.690914
v 1.241655 0.791137 -1.099129
v 1.245113 1.016035 -1.117916
v 1.007465 0.814442 -0.994759
v 1.288075 0.792198 -0.958010
v 1.272164 1.037684 -0.936433
v 1.043708 0.786601 -0.916074
v 1.062482 1.045655 -0.911963
v 1.054155 1.017826 -0.889165
v 1.034877 0.788551 -1.007152
v 1.200329 0.811550 -1.121340
v 1.063741 0.806324 -0.893034
v 1.220029 1.045036 -1.106425
v 1.210020 1.007388 -1.123567
v 1.013255 1.028744 -1.019033
v 1.033311 0.812555 -1.044285
v 1.290185 1.013211 -0.953499
v 1.271820 0.815158 -0.916050
v 0.037668 1.015664 -1.495137
v 0.331172 1.032401 -1.612810
v 0.366568 0.783821 -1.367427
v 0.170730 0.788491 -1.276656
v 0.033653 0.810593 -1.134462
v -0.173486 0.794953 -1.263704
v 0.591103 1.030391 -1.358326
v 0.602012 0.803220 -1.372645
v 0.582110 0.783981 -1.384128
v 0.635810 1.020228 -1.616635
v 0.624129 1.048225 -1.585847
v 0.634179 0.789553 -1.602808
v 0.327337 0.776249 -1.582012
v 0.042221 0.808498 -1.499570
v 0.374319 1.032604 -1.359621
v 0.171445 1.043187 -1.303604
v 0.184020 1.011447 -1.277148
v -0.178137 1.034620 -1.280917
v -0.018180 1.015546 -1.135044
v 0.655896 1.017202 -1.585604
v 0.009418 0.781186 -1.152390
v 0.068491 1.045896 -1.471323
v 0.048991 0.785596 -1.462576
v -0.008594 0.815427 -1.131248
v 0.027249 1.033585 -1.135752
v -0.176895 0.812242 -1.291224
v -0.170279 1.013370 -1.241757
v 0.616785 1.011012 -1.378445
v 0.318115 0.809537 -1.608059
v 0.660957 0.810687 -1.584687
v -0.280272 0.791137 -1.070540
v -0.295060 1.016035 -1.058447
v -0.034150 0.814442 -0.998694
v -0.224415 0.792198 -1.208197
v -0.198325 1.037684 -1.214364
v -0.010908 0.786601 -1.082148
v -0.022569 1.045655 -1.097425
v -0.001473 1.017826 -1.109428
v -0.063073 0.788551 -1.006969
v -0.263115 0.811550 -1.026873
v -0.011287 0.806324 -1.112677
v -0.268496 1.045036 -1.050990
v -0.271948 1.007388 -1.031442
v -0.054265 1.028744 -0.983923
v -0.085892 0.812554 -0.977633
v -0.223107 1.013211 -1.213002
v -0.184881 0.815158 -1.229689
vn 0.8508 -0.5235 0.0457
vn -0.3187 0.6666 -0.6739
vn 0.1476 -0.8159 -0.5590
vn 0.9998 0.0080 -0.0174
vn -0.4949 -0.0386 -0.8681
vn 0.8293 -0.0210 -0.5584
vn 0.4773 0.7870 0.3909
vn 0.5481 0.6507 -0.5255
vn -0.6093 0.7541 0.2452
vn 0.5716 -0.7054 -0.4191
vn -0.7512 0.0290 0.6594
vn 0.0231 -0.9996 0.0142
vn 0.4407 0.8274 0.3482
vn -0.0071 -0.9992 -0.0385
vn -0.7644 0.0004 0.6448
vn 0.7437 -0.0695 0.6649
vn 0.3220 -0.0610 -0.9448
vn -0.1577 0.0246 0.9872
vn -0.0330 -0.9987 0.0396
vn -0.3900 -0.0575 0.9190
vn 0.4961 -0.5380 0.6815
vn -0.7795 -0.5149 0.3567
vn -0.3223 -0.0009 -0.9466
vn 0.7410 -0.6653 0.0908
vn 0.4292 -0.0159 0.9031
vn 0.1117 -0.7821 -0.6130
vn 0.0648 -0.9956 -0.0676
vn 0.4517 0.0300 -0.8917
vn 0.2798 -0.0139 -0.9600
vn 0.3122 0.0189 0.9498
vn -0.2024 0.6889 0.6960
vn -0.4307 0.8536 -0.2929
vn 0.9981 -0.0603 0.0122
vn -0.7462 0.0528 -0.6637
vn 0.8875 0.4034 0.2228
vn -0.9974 -0.0409 -0.0595
vn -0.7924 0.6088 -0.0385
vn -0.5234 -0.0457 -0.8508
vn 0.5133 -0.8484 -0.1296
vn -0.1359 0.4900 -0.8611
vn 0.4680 -0.8769 -0.1097
vn -0.5410 -0.0164 0.8409
vn 0.9568 0.0603 -0.2843
vn -0.9960 0.0890 0.0118
vn -0.3658 -0.5235 -0.7695
vn -0.4402 0.6666 0.6016
vn -0.5617 -0.8159 0.1370
vn -0.4923 0.0080 -0.8704
vn -0.5268 -0.0386 0.8491
vn -0.8864 -0.0210 -0.4624
vn 0.1158 0.7870 -0.6060
vn -0.7233 0.6507 -0.2309
vn 0.5062 0.7541 0.4184
vn -0.6410 -0.7054 -0.3024
vn 0.9380 0.0290 0.3455
vn 0.0014 -0.9996 -0.0271
vn 0.0957 0.8274 -0.5534
vn -0.0305 -0.9992 0.0246
vn 0.9314 0.0004 0.3641
vn 0.2294 -0.0695 -0.9708
vn -0.9839 -0.0610 0.1677
vn 0.5964 0.0246 -0.8023
vn 0.0476 -0.9987 -0.0199
vn 0.7709 -0.0575 -0.6344
vn -0.1247 -0.5380 -0.8337
vn 0.8561 -0.5149 0.0443
vn -0.1521 -0.0009 0.9884
vn -0.6150 -0.6653 -0.4232
vn 0.0372 -0.0159 -0.9992
vn -0.3825 -0.7821 0.4918
vn -0.0887 -0.9956 0.0300
vn -0.8129 0.0300 0.5817
vn -0.6921 -0.0139 0.7217
vn 0.1625 0.0189 -0.9865
vn 0.5014 0.6889 -0.5235
vn 0.2464 0.8536 0.4590
vn -0.8793 -0.0603 -0.4725
vn 0.3546 0.0528 0.9335
vn -0.6944 0.4034 -0.5959
vn 0.6917 0.6088 0.3886
vn 0.0880 -0.0457 0.9951
vn -0.5171 -0.8484 -0.1135
vn -0.2633 0.4900 0.8310
vn -0.4677 -0.8769 -0.1111
vn 0.8598 -0.0164 -0.5105
vn -0.9830 0.0603 -0.1733
vn 0.8962 0.0890 0.4346
vn 0.3025 0.4034 -0.8636
vn -0.5933 -0.5947 -0.5425
vn -0.1103 0.6087 0.7857
vn -0.8949 -0.0457 0.4440
vn -0.0888 -0.8190 -0.5669
vn -0.8699 0.4900 0.0571
vn -0.0553 -0.8727 -0.4850
vn 0.7883 -0.0164 0.6151
vn -0.1963 0.0603 -0.9787
vn -0.0787 0.0890 0.9929
vn 0.0478 0.4034 -0.9138
vn -0.7218 -0.5947 -0.3540
vn 0.1148 0.6088 0.7850
vn -0.7342 -0.0457 0.6774
vn -0.2444 -0.8190 -0.5191
vn -0.8188 0.4900 0.2991
vn -0.1893 -0.8727 -0.4500
vn 0.9293 -0.0164 0.3690
vn -0.4632 0.0603 -0.8842
vn 0.2033 0.0890 0.9751
vn 0.0049 -0.5235 0.8520
vn 0.6537 0.6666 -0.3581
vn 0.5667 -0.8159 0.1142
vn 0.0768 0.0080 0.9970
vn 0.8371 -0.0386 -0.5456
vn 0.6067 -0.0210 0.7947
vn -0.3618 0.7870 0.4997
vn 0.5572 0.6507 0.5159
vn -0.2810 0.7541 -0.5936
vn 0.4523 -0.7054 0.5457
vn -0.7029 0.0290 -0.7107
vn -0.0128 -0.9996 0.0239
vn -0.3214 0.8274 0.4606
vn 0.0380 -0.9992 -0.0094
vn -0.6891 0.0004 -0.7247
vn -0.6195 -0.0695 0.7819
vn 0.9622 -0.0610 0.2653
vn -0.6274 0.4034 0.6661
vn 0.3216 -0.5947 0.7368
vn 0.4202 0.6088 -0.6730
vn 0.9981 -0.0457 -0.0419
vn -0.1493 -0.8190 0.5540
vn 0.8179 0.4900 0.3014
vn -0.1467 -0.8727 0.4656
vn -0.4702 -0.0164 -0.8824
vn -0.2185 0.0603 0.9740
vn 0.4755 0.0890 -0.8752
vn -0.0257 -0.9979 0.0603
vn 0.2442 0.0249 -0.9694
vn -0.4551 -0.7982 0.3946
vn 0.7831 -0.0120 0.6218
vn 0.8285 -0.5597 -0.0152
vn 0.0650 0.0021 0.9979
vn -0.6657 0.7437 -0.0610
vn 0.1928 0.7161 -0.6708
vn -0.6193 -0.7526 0.2236
vn 0.7136 0.6752 -0.1868
vn -0.7839 -0.6205 -0.0204
vn 0.0239 -0.9997 -0.0109
vn -0.4973 0.7833 0.3730
vn -0.1667 0.9856 0.0282
vn -0.9486 0.0020 0.3164
vn 0.0564 0.9982 -0.0199
vn -0.0168 -0.9999 -0.0004
vn 0.0325 0.9992 0.0243
vn 0.9342 -0.0324 -0.3554
vn 0.6159 -0.6278 0.4760
vn 0.1893 -0.7529 -0.6303
vn 0.0800 0.9968 -0.0050
vn -0.9507 0.0119 0.3100
vn 0.7601 -0.0078 -0.6498
vn 0.9977 -0.0464 0.0489
vn 0.1306 -0.0143 0.9913
vn -0.7973 0.0099 -0.6035
vn 0.9985 0.0193 0.0515
vn -0.9168 0.0230 0.3987
vn -0.8056 -0.0343 -0.5915
vn -0.0228 0.9997 -0.0076
vn 0.9987 -0.0298 0.0422
vn 0.2157 0.8580 -0.4661
vn -0.6015 0.6022 -0.5249
vn -0.3735 -0.6847 0.6258
vn -0.1154 -0.6681 0.7351
vn 0.2405 -0.8293 -0.5043
vn -0.2988 0.6748 0.6748
vn 0.0259 0.9996 -0.0088
vn 0.2112 0.3608 -0.9084
vn -0.2589 -0.0686 0.9635
vn 0.6659 0.7404 0.0914
vn 0.4025 -0.0118 -0.9153
vn 0.9142 -0.0073 -0.4053
vn -0.4968 0.0688 0.8651
vn 0.3116 -0.0354 -0.9496
vn -0.4906 -0.8134 -0.3127
vn -0.0168 -0.9985 -0.0516
vn -0.1157 0.0098 -0.9932
vn -0.9965 -0.0132 -0.0829
vn 0.0460 0.6751 0.7363
vn 0.9716 0.0104 -0.2362
vn -0.8094 0.0613 0.5841
vn -0.5516 -0.8341 -0.0019
vn 0.0294 0.9993 -0.0214
vn 0.0298 -0.9996 0.0014
vn 0.0972 -0.0211 0.9950
vn 0.8589 -0.0574 0.5090
vn 0.8591 0.4649 -0.2141
vn 0.5918 -0.0342 -0.8054
vn 0.4235 -0.0409 0.9049
vn 0.0652 -0.9979 -0.0062
vn -0.9685 0.0249 0.2479
vn 0.5640 -0.7982 0.2117
vn 0.1728 -0.0120 -0.9849
vn -0.4087 -0.5597 -0.7209
vn 0.8459 0.0021 -0.5333
vn 0.2640 0.7437 0.6142
vn -0.6815 0.7161 0.1506
vn 0.4920 -0.7526 0.4375
vn -0.5046 0.6752 -0.5380
vn 0.3561 -0.6205 0.6987
vn -0.0210 -0.9997 -0.0158
vn 0.5651 0.7833 0.2590
vn 0.1043 0.9856 0.1330
vn 0.7307 0.0020 0.6827
vn -0.0444 0.9982 -0.0401
vn 0.0076 -0.9999 0.0150
vn 0.0058 0.9992 -0.0402
vn -0.7580 -0.0324 -0.6514
vn 0.1245 -0.6278 -0.7684
vn -0.6442 -0.7529 0.1344
vn -0.0425 0.9968 -0.0679
vn 0.7260 0.0119 0.6875
vn -0.9337 -0.0078 -0.3580
vn -0.4330 -0.0464 -0.9002
vn 0.8089 -0.0143 -0.5878
vn -0.1500 0.0099 0.9886
vn -0.4311 0.0193 -0.9021
vn 0.9972 0.0230 0.0706
vn 0.4407 -0.0343 0.8970
vn 0.0167 0.9997 0.0173
vn -0.8659 -0.0298 -0.4993
vn -0.4068 0.8580 0.3135
vn 0.2905 0.6022 0.7436
vn 0.6206 -0.6847 -0.3821
vn 0.4423 -0.6681 -0.5984
vn -0.4465 -0.8293 0.3359
vn 0.5770 0.6748 -0.4601
vn -0.0270 0.9996 -0.0042
vn -0.6074 0.3608 0.7077
vn 0.6751 -0.0686 -0.7345
vn -0.5482 0.7404 -0.3890
vn -0.7802 -0.0118 0.6254
vn -0.9980 -0.0073 -0.0635
vn 0.8406 0.0688 -0.5373
vn -0.7154 -0.0354 0.6978
vn 0.2903 -0.8134 0.5042
vn -0.0090 -0.9985 0.0535
vn -0.3404 0.0098 0.9402
vn 0.8544 -0.0132 0.5195
vn 0.2879 0.6751 -0.6792
vn -0.9748 0.0104 -0.2229
vn 0.9851 0.0613 -0.1607
vn 0.4926 -0.8341 0.2482
vn -0.0358 0.9993 0.0060
vn -0.0260 -0.9996 -0.0146
vn 0.3578 -0.0211 -0.9336
vn -0.5408 -0.0574 -0.8392
vn -0.8642 0.4649 -0.1924
vn -0.8893 -0.0342 0.4560
vn -0.9967 0.0320 0.0751
vn -0.1730 -0.0132 0.9848
vn 0.7374 0.6751 0.0210
vn -0.1470 0.0104 -0.9891
vn 0.5081 0.0613 0.8591
vn -0.0519 -0.8341 0.5492
vn -0.0186 0.9993 -0.0312
vn -0.6607 -0.7372 -0.1417
vn 0.0174 -0.9998 -0.0028
vn 0.9998 -0.0211 -0.0064
vn 0.5849 -0.0574 -0.8091
vn -0.1352 0.4649 -0.8750
vn -0.7213 -0.0283 -0.6920
vn -0.9355 0.0320 0.3520
vn 0.1105 -0.0132 0.9938
vn 0.7137 0.6751 -0.1869
vn -0.4188 0.0104 -0.9080
vn 0.7289 0.0613 0.6818
vn 0.1044 -0.8341 0.5417
vn -0.0266 0.9993 -0.0247
vn -0.6739 -0.7372 0.0496
vn 0.0159 -0.9998 -0.0076
vn 0.9577 -0.0211 -0.2869
vn 0.3342 -0.0574 -0.9408
vn -0.3755 0.4649 -0.8018
vn -0.8866 -0.0283 -0.4616
vn 0.0002 -0.0409 -0.9992
vn -0.0617 -0.9979 -0.0221
vn 0.9822 0.0249 0.1862
vn -0.4210 -0.7982 -0.4308
vn -0.5742 -0.0120 0.8186
vn 0.0644 -0.5597 0.8262
vn -0.9923 0.0021 0.1242
vn 0.0213 0.7437 -0.6682
vn 0.6811 0.7161 0.1526
vn -0.2600 -0.7526 -0.6049
vn 0.2288 0.6752 0.7012
vn -0.0262 -0.6205 -0.7838
vn 0.0123 -0.9997 0.0232
vn -0.4019 0.7833 -0.4742
vn -0.0381 0.9856 -0.1647
vn -0.3722 0.0020 -0.9281
vn 0.0233 0.9982 0.0551
vn -0.0006 -0.9999 -0.0168
vn -0.0223 0.9992 0.0339
vn 0.4103 -0.0324 0.9114
vn -0.4386 -0.6278 0.6431
vn 0.6404 -0.7529 0.1515
vn 0.0097 0.9968 0.0795
vn -0.3660 0.0119 -0.9306
vn 0.6938 -0.0078 0.7201
vn 0.0104 -0.0464 0.9989
vn -0.9818 -0.0143 0.1893
vn 0.5551 0.0099 -0.8317
vn 0.0079 0.0193 0.9998
vn 0.9411 0.0320 0.3365
vn 0.5584 -0.0132 -0.8295
vn -0.6652 0.6751 -0.3190
vn -0.2677 0.0104 0.9634
vn -0.1150 0.0613 -0.9915
vn 0.2707 -0.8341 -0.4806
vn 0.0043 0.9993 0.0361
vn 0.5460 -0.7372 0.3980
vn -0.0170 -0.9998 -0.0045
vn -0.9160 -0.0211 -0.4005
vn -0.8633 -0.0574 0.5015
vn -0.2321 0.4649 0.8544
vn 0.3777 -0.0283 0.9255
vt 0.366299 0.528392
vt 0.366299 0.500000
vt 0.375000 0.527454
vt 0.596844 0.027111
vt 0.597546 0.000000
vt 0.625000 0.030810
vt 0.133701 0.738083
vt 0.125000 0.722715
vt 0.133701 0.525444
vt 0.401383 0.534452
vt 0.402454 0.491299
vt 0.606693 0.491299
vt 0.398351 0.000000
vt 0.402454 0.234158
vt 0.598352 0.222546
vt 0.605541 0.258701
vt 0.633701 0.720962
vt 0.596747 0.722546
vt 0.597546 0.534302
vt 0.594871 0.413766
vt 0.625000 0.413766
vt 0.625000 0.836234
vt 0.607539 0.913766
vt 0.596326 0.836233
vt 0.288766 0.514403
vt 0.612589 0.758701
vt 0.402395 0.758701
vt 0.290408 0.725524
vt 0.211234 0.519798
vt 0.633701 0.527454
vt 0.402454 0.836234
vt 0.383543 0.722546
vt 0.402020 0.026851
vt 0.788766 0.530439
vt 0.633701 0.721540
vt 0.606856 0.913766
vt 0.598776 0.991299
vt 0.597038 0.759264
vt 0.866299 0.721142
vt 0.788766 0.722546
vt 0.597546 0.750000
vt 0.625000 0.758701
vt 0.597975 0.027219
vt 0.598776 0.000000
vt 0.625000 0.028858
vt 0.133701 0.722546
vt 0.126978 0.729748
vt 0.131744 0.526511
vt 0.386184 0.734120
vt 0.598559 0.722546
vt 0.597546 0.533247
vt 0.211234 0.723759
vt 0.374610 0.731335
vt 0.211234 0.750000
vt 0.402454 0.913766
vt 0.211234 0.527454
vt 0.366299 0.514537
vt 0.608067 0.491299
vt 0.597546 0.336234
vt 0.625000 0.336234
vt 0.406967 0.257554
vt 0.599003 0.222546
vt 0.608491 0.258701
vt 0.402003 0.535542
vt 0.402387 0.020183
vt 0.402454 0.222546
vt 0.366299 0.526878
vt 0.398351 0.991299
vt 0.399882 0.913767
vt 0.597546 0.991299
vt 0.127095 0.729962
vt 0.131798 0.526079
vt 0.612690 0.014214
vt 0.598401 0.027160
vt 0.401868 0.019968
vt 0.633701 0.722269
vt 0.597643 0.722546
vt 0.597546 0.532608
vt 0.374468 0.733298
vt 0.404117 0.258701
vt 0.598895 0.222546
vt 0.609570 0.258701
vt 0.402071 0.534974
vt 0.388654 0.736706
vt 0.366299 0.528392
vt 0.596844 0.027111
vt 0.625000 0.030810
vt 0.133701 0.525444
vt 0.401383 0.534452
vt 0.398351 0.000000
vt 0.402454 0.234158
vt 0.605541 0.258701
vt 0.633701 0.720962
vt 0.596747 0.722546
vt 0.597546 0.534302
vt 0.594872 0.413766
vt 0.607539 0.913766
vt 0.596326 0.836233
vt 0.288766 0.514403
vt 0.402395 0.758701
vt 0.290408 0.725524
vt 0.383543 0.722546
vt 0.402020 0.026851
vt 0.788766 0.530439
vt 0.633701 0.721540
vt 0.606856 0.913766
vt 0.598776 0.991299
vt 0.866299 0.721142
vt 0.597975 0.027219
vt 0.598776 0.000000
vt 0.625000 0.028858
vt 0.126978 0.729748
vt 0.131744 0.526511
vt 0.386184 0.734120
vt 0.598559 0.722546
vt 0.597546 0.533246
vt 0.374610 0.731335
vt 0.366299 0.514537
vt 0.608067 0.491299
vt 0.406967 0.257554
vt 0.599003 0.222546
vt 0.608491 0.258701
vt 0.402003 0.535542
vt 0.402387 0.020184
vt 0.366299 0.526878
vt 0.127095 0.729962
vt 0.131798 0.526079
vt 0.612690 0.014214
vt 0.598401 0.027160
vt 0.401868 0.019968
vt 0.633701 0.722270
vt 0.597643 0.722546
vt 0.597546 0.532608
vt 0.374468 0.733298
vt 0.609570 0.258701
vt 0.402072 0.534974
vt 0.388654 0.736706
vt 0.597546 0.758701
vt 0.127095 0.729962
vt 0.131798 0.526079
vt 0.612690 0.014214
vt 0.598401 0.027160
vt 0.401868 0.019968
vt 0.633701 0.722269
vt 0.597546 0.532608
vt 0.374468 0.733298
vt 0.404117 0.258701
vt 0.598895 0.222546
vt 0.402072 0.534974
vt 0.388654 0.736706
vt 0.366299 0.526878
vt 0.127095 0.729962
vt 0.131798 0.526079
vt 0.612690 0.014214
vt 0.598401 0.027160
vt 0.401868 0.019968
vt 0.597643 0.722546
vt 0.597546 0.532608
vt 0.374468 0.733298
vt 0.404117 0.258701
vt 0.598895 0.222546
vt 0.402071 0.534974
vt 0.388654 0.736706
vt 0.596844 0.027111
vt 0.625000 0.030809
vt 0.125000 0.722715
vt 0.133701 0.525444
vt 0.401383 0.534453
vt 0.606694 0.491299
vt 0.402454 0.234158
vt 0.598352 0.222546
vt 0.605541 0.258701
vt 0.596747 0.722546
vt 0.597546 0.534302
vt 0.594871 0.413766
vt 0.596326 0.836234
vt 0.290408 0.725524
vt 0.211234 0.519798
vt 0.383543 0.722546
vt 0.402020 0.026851
vt 0.127095 0.729962
vt 0.612690 0.014214
vt 0.401868 0.019968
vt 0.633701 0.722269
vt 0.597546 0.532608
vt 0.374469 0.733298
vt 0.404117 0.258701
vt 0.402072 0.534974
vt 0.388654 0.736706
vt 0.366299 0.750000
vt 0.288766 0.750000
vt 0.127794 0.518637
vt 0.625000 0.991299
vt 0.605911 0.241635
vt 0.211234 0.722546
vt 0.607912 0.336234
vt 0.866439 0.719190
vt 0.711233 0.720014
vt 0.711233 0.527454
vt 0.788766 0.527454
vt 0.402454 0.413766
vt 0.402454 0.336234
vt 0.866299 0.527454
vt 0.608491 0.239055
vt 0.132554 0.500000
vt 0.402661 0.491299
vt 0.402454 0.991299
vt 0.400308 0.991299
vt 0.612094 0.758701
vt 0.612690 0.991299
vt 0.133701 0.500000
vt 0.609570 0.237976
vt 0.866299 0.724233
vt 0.402331 0.491299
vt 0.611095 0.491299
vt 0.398351 0.991299
vt 0.399882 0.913766
vt 0.605911 0.241635
vt 0.866439 0.719190
vt 0.608491 0.239055
vt 0.132554 0.500000
vt 0.402661 0.491299
vt 0.612094 0.758701
vt 0.609570 0.237976
vt 0.866299 0.724233
vt 0.402331 0.491299
vt 0.400308 0.991299
vt 0.612690 0.991299
vt 0.609570 0.237976
vt 0.402331 0.491299
vt 0.611096 0.491299
vt 0.400308 0.991299
vt 0.866299 0.724233
vt 0.402331 0.491299
vt 0.398351 0.991299
vt 0.399882 0.913766
vt 0.866439 0.719191
vt 0.400308 0.991299
vt 0.402331 0.491299
s 0
f 3390/2758/3378 3374/2759/3378 3393/2760/3378
f 3389/2761/3379 3379/2762/3379 3380/2763/3379
f 3381/2764/3380 3399/2765/3380 3378/2766/3380
f 3393/2767/3381 3374/2768/3381 3394/2769/3381
f 3379/2762/3382 3389/2761/3382 3381/2770/3382
f 3377/2771/3383 3397/2772/3383 3376/2773/3383
f 3387/2774/3384 3396/2775/3384 3388/2776/3384
f 3394/2769/3385 3386/2777/3385 3385/2778/3385
f 3391/2779/3386 3371/2780/3386 3370/2781/3386
f 3373/2782/3387 3374/2759/3387 3390/2758/3387
f 3387/2783/3388 3370/2781/3388 3395/2784/3388
f 3373/2782/3389 3392/2785/3389 3372/2786/3389
f 3387/2774/3390 3388/2776/3390 3394/2787/3390
f 3373/2782/3391 3390/2758/3391 3392/2785/3391
f 3395/2784/3392 3370/2781/3392 3383/2788/3392
f 3393/2767/3393 3396/2775/3393 3375/2789/3393
f 3399/2790/3394 3397/2772/3394 3377/2771/3394
f 3402/2787/3395 3411/2791/3395 3413/2792/3395
f 3400/2793/3396 3419/2794/3396 3403/2795/3396
f 3407/2796/3397 3400/2797/3397 3411/2791/3397
f 3420/2798/3398 3413/2799/3398 3403/2795/3398
f 3415/2800/3399 3419/2801/3399 3407/2802/3399
f 3408/2803/3400 3409/2804/3400 3406/2805/3400
f 3404/2806/3401 3420/2807/3401 3403/2795/3401
f 3413/2792/3402 3420/2807/3402 3414/2808/3402
f 3417/2809/3403 3404/2810/3403 3410/2811/3403
f 3404/2806/3404 3403/2795/3404 3410/2812/3404
f 3417/2809/3405 3408/2803/3405 3406/2805/3405
f 3401/2813/3406 3416/2814/3406 3417/2809/3406
f 3413/2792/3407 3414/2808/3407 3402/2787/3407
f 3402/2815/3408 3412/2816/3408 3411/2817/3408
f 3421/2818/3409 3422/2819/3409 3405/2820/3409
f 3418/2821/3410 3420/2807/3410 3404/2806/3410
f 3409/2822/3411 3422/2819/3411 3406/2823/3411
f 3433/2824/3412 3424/2759/3412 3434/2760/3412
f 3381/2825/3413 3398/2826/3413 3371/2780/3413 3379/2827/3413
f 3428/2803/3414 3429/2828/3414 3426/2829/3414
f 3427/2830/3415 3432/2831/3415 3429/2832/3415
f 3430/2833/3416 3436/2834/3416 3431/2835/3416
f 3428/2803/3417 3435/2836/3417 3429/2828/3417
f 3430/2833/3418 3431/2835/3418 3423/2787/3418
f 3437/2837/3419 3438/2838/3419 3425/2839/3419
f 3434/2840/3420 3436/2834/3420 3435/2841/3420
f 3429/2832/3421 3438/2838/3421 3426/2823/3421
f 3459/2842/3422 3443/2759/3422 3462/2760/3422
f 3458/2843/3423 3448/2762/3423 3449/2844/3423
f 3450/2764/3424 3468/2765/3424 3447/2845/3424
f 3462/2846/3425 3443/2768/3425 3463/2769/3425
f 3448/2762/3426 3458/2843/3426 3450/2847/3426
f 3446/2848/3427 3466/2772/3427 3445/2849/3427
f 3456/2850/3428 3465/2851/3428 3457/2852/3428
f 3463/2769/3429 3455/2853/3429 3454/2778/3429
f 3460/2779/3430 3440/2854/3430 3439/2855/3430
f 3442/2856/3431 3443/2759/3431 3459/2842/3431
f 3456/2783/3432 3439/2855/3432 3464/2857/3432
f 3442/2856/3433 3461/2858/3433 3441/2786/3433
f 3456/2850/3434 3457/2852/3434 3463/2787/3434
f 3442/2856/3435 3459/2842/3435 3461/2858/3435
f 3464/2857/3436 3439/2855/3436 3452/2788/3436
f 3462/2846/3437 3465/2851/3437 3444/2859/3437
f 3468/2860/3438 3466/2772/3438 3446/2848/3438
f 3471/2787/3439 3480/2861/3439 3482/2862/3439
f 3469/2863/3440 3488/2864/3440 3472/2795/3440
f 3476/2865/3441 3469/2797/3441 3480/2861/3441
f 3489/2798/3442 3482/2799/3442 3472/2795/3442
f 3484/2866/3443 3488/2867/3443 3476/2868/3443
f 3477/2803/3444 3478/2869/3444 3475/2870/3444
f 3473/2871/3445 3489/2872/3445 3472/2795/3445
f 3482/2862/3446 3489/2872/3446 3483/2873/3446
f 3486/2809/3447 3473/2874/3447 3479/2811/3447
f 3473/2871/3448 3472/2795/3448 3479/2812/3448
f 3486/2809/3449 3477/2803/3449 3475/2870/3449
f 3470/2813/3450 3485/2875/3450 3486/2809/3450
f 3482/2862/3451 3483/2873/3451 3471/2787/3451
f 3471/2876/3452 3481/2816/3452 3480/2817/3452
f 3490/2877/3453 3491/2878/3453 3474/2879/3453
f 3487/2880/3454 3489/2872/3454 3473/2871/3454
f 3478/2881/3455 3491/2878/3455 3475/2823/3455
f 3502/2882/3456 3493/2759/3456 3503/2760/3456
f 3497/2803/3457 3498/2883/3457 3495/2884/3457
f 3496/2885/3458 3501/2886/3458 3498/2887/3458
f 3499/2888/3459 3505/2889/3459 3500/2890/3459
f 3497/2803/3460 3504/2891/3460 3498/2883/3460
f 3499/2888/3461 3500/2890/3461 3492/2787/3461
f 3506/2837/3462 3507/2838/3462 3494/2892/3462
f 3503/2893/3463 3505/2889/3463 3504/2894/3463
f 3498/2887/3464 3507/2838/3464 3495/2823/3464
f 3519/2882/3465 3509/2759/3465 3520/2760/3465
f 3522/2798/3466 3516/2799/3466 3510/2895/3466
f 3514/2803/3467 3515/2896/3467 3512/2897/3467
f 3513/2898/3468 3518/2899/3468 3515/2900/3468
f 3516/2901/3469 3522/2834/3469 3517/2902/3469
f 3514/2803/3470 3521/2903/3470 3515/2896/3470
f 3516/2901/3471 3517/2902/3471 3508/2787/3471
f 3523/2904/3472 3524/2905/3472 3511/2839/3472
f 3520/2906/3473 3522/2834/3473 3521/2907/3473
f 3515/2900/3474 3524/2905/3474 3512/2823/3474
f 3536/2908/3475 3526/2759/3475 3537/2760/3475
f 3539/2798/3476 3533/2799/3476 3527/2895/3476
f 3531/2803/3477 3532/2909/3477 3529/2910/3477
f 3530/2911/3478 3535/2912/3478 3532/2913/3478
f 3533/2833/3479 3539/2914/3479 3534/2915/3479
f 3531/2803/3480 3538/2916/3480 3532/2909/3480
f 3533/2833/3481 3534/2915/3481 3525/2787/3481
f 3540/2917/3482 3541/2918/3482 3528/2839/3482
f 3537/2919/3483 3539/2914/3483 3538/2920/3483
f 3532/2913/3484 3541/2918/3484 3529/2823/3484
f 3562/2758/3485 3546/2759/3485 3565/2760/3485
f 3561/2921/3486 3551/2762/3486 3552/2922/3486
f 3553/2764/3487 3571/2923/3487 3550/2924/3487
f 3565/2925/3488 3546/2768/3488 3566/2926/3488
f 3551/2762/3489 3561/2921/3489 3553/2770/3489
f 3549/2927/3490 3569/2928/3490 3548/2929/3490
f 3559/2774/3491 3568/2930/3491 3560/2931/3491
f 3566/2926/3492 3558/2932/3492 3557/2778/3492
f 3563/2779/3493 3543/2780/3493 3542/2933/3493
f 3545/2782/3494 3546/2759/3494 3562/2758/3494
f 3559/2783/3495 3542/2933/3495 3567/2857/3495
f 3545/2782/3496 3564/2934/3496 3544/2935/3496
f 3559/2774/3497 3560/2931/3497 3566/2787/3497
f 3545/2782/3498 3562/2758/3498 3564/2934/3498
f 3567/2857/3499 3542/2933/3499 3555/2788/3499
f 3565/2925/3500 3568/2930/3500 3547/2936/3500
f 3571/2937/3501 3569/2928/3501 3549/2927/3501
f 3583/2882/3502 3573/2759/3502 3584/2760/3502
f 3586/2798/3503 3580/2799/3503 3574/2895/3503
f 3578/2803/3504 3579/2938/3504 3576/2897/3504
f 3577/2939/3505 3582/2886/3505 3579/2940/3505
f 3580/2941/3506 3586/2834/3506 3581/2942/3506
f 3578/2803/3507 3585/2943/3507 3579/2938/3507
f 3580/2941/3508 3581/2942/3508 3572/2787/3508
f 3587/2944/3509 3588/2918/3509 3575/2839/3509
f 3584/2945/3510 3586/2834/3510 3585/2946/3510
f 3579/2940/3511 3588/2918/3511 3576/2823/3511
f 3390/2758/3512 3375/2789/3512 3392/2785/3512
f 3399/2790/3513 3389/2761/3513 3397/2772/3513
f 3395/2947/3514 3383/2948/3514 3392/2785/3514 3375/2789/3514
f 3393/2767/3515 3388/2776/3515 3396/2775/3515
f 3372/2786/3516 3378/2766/3516 3377/2949/3516
f 3395/2784/3517 3375/2789/3517 3396/2775/3517
f 3380/2950/3518 3379/2827/3518 3371/2780/3518
f 3389/2761/3519 3380/2763/3519 3376/2951/3519 3397/2772/3519
f 3383/2948/3520 3398/2811/3520 3382/2952/3520 3392/2785/3520
f 3385/2778/3521 3386/2777/3521 3384/2953/3521
f 3381/2764/3522 3382/2952/3522 3398/2811/3522
f 3381/2764/3523 3378/2766/3523 3392/2785/3523 3382/2952/3523
f 3387/2783/3524 3391/2779/3524 3370/2781/3524
f 3380/2954/3525 3371/2797/3525 3391/2955/3525
f 3370/2781/3526 3371/2780/3526 3398/2826/3526
f 3380/2954/3527 3391/2955/3527 3385/2956/3527 3384/2957/3527
f 3372/2786/3528 3392/2785/3528 3378/2766/3528
f 3391/2955/3529 3387/2774/3529 3394/2787/3529 3385/2956/3529
f 3373/2958/3530 3372/2959/3530 3384/2953/3530 3386/2777/3530
f 3375/2789/3531 3390/2758/3531 3393/2767/3531
f 3378/2766/3532 3399/2765/3532 3377/2949/3532
f 3384/2957/3533 3376/2960/3533 3380/2954/3533
f 3383/2788/3534 3370/2781/3534 3398/2826/3534
f 3374/2768/3535 3373/2958/3535 3386/2777/3535 3394/2769/3535
f 3372/2959/3536 3377/2771/3536 3376/2773/3536 3384/2953/3536
f 3387/2783/3537 3395/2784/3537 3396/2775/3537
f 3381/2770/3538 3389/2761/3538 3399/2790/3538
f 3388/2776/3539 3393/2767/3539 3394/2769/3539
f 3415/2800/3540 3407/2802/3540 3405/2961/3540 3422/2819/3540
f 3409/2822/3541 3415/2800/3541 3422/2819/3541
f 3405/2820/3542 3412/2816/3542 3421/2818/3542
f 3418/2821/3543 3414/2808/3543 3420/2807/3543
f 3401/2813/3544 3406/2805/3544 3421/2962/3544
f 3421/2818/3545 3406/2823/3545 3422/2819/3545
f 3407/2950/3546 3419/2794/3546 3400/2793/3546
f 3400/2793/3547 3403/2795/3547 3413/2799/3547
f 3410/2811/3548 3409/2804/3548 3408/2803/3548 3417/2809/3548
f 3411/2817/3549 3412/2816/3549 3405/2820/3549
f 3402/2815/3550 3416/2963/3550 3421/2818/3550 3412/2816/3550
f 3401/2813/3551 3421/2962/3551 3416/2814/3551
f 3411/2791/3552 3400/2797/3552 3413/2792/3552
f 3416/2963/3553 3402/2815/3553 3414/2808/3553 3418/2821/3553
f 3401/2813/3554 3417/2809/3554 3406/2805/3554
f 3404/2806/3555 3416/2814/3555 3418/2821/3555
f 3411/2791/3556 3405/2960/3556 3407/2796/3556
f 3416/2814/3557 3404/2806/3557 3417/2809/3557
f 3419/2801/3558 3415/2800/3558 3409/2822/3558
f 3419/2794/3559 3409/2964/3559 3410/2812/3559 3403/2795/3559
f 3429/2965/3560 3435/2841/3560 3430/2966/3560 3427/2967/3560
f 3429/2832/3561 3432/2831/3561 3438/2838/3561
f 3433/2824/3562 3426/2829/3562 3437/2968/3562 3424/2759/3562
f 3434/2840/3563 3431/2835/3563 3436/2834/3563
f 3437/2837/3564 3426/2823/3564 3438/2838/3564
f 3432/2831/3565 3427/2830/3565 3425/2969/3565 3438/2838/3565
f 3428/2803/3566 3426/2829/3566 3433/2824/3566 3435/2841/3566
f 3423/2787/3567 3425/2960/3567 3427/2970/3567 3430/2833/3567
f 3424/2971/3568 3437/2837/3568 3425/2839/3568 3423/2972/3568
f 3424/2971/3569 3423/2972/3569 3431/2835/3569 3434/2840/3569
f 3435/2841/3570 3433/2824/3570 3434/2840/3570
f 3430/2966/3571 3435/2841/3571 3436/2834/3571
f 3450/2973/3572 3467/2974/3572 3440/2854/3572 3448/2827/3572
f 3459/2842/3573 3444/2859/3573 3461/2858/3573
f 3468/2860/3574 3458/2843/3574 3466/2772/3574
f 3464/2947/3575 3452/2948/3575 3461/2858/3575 3444/2859/3575
f 3462/2846/3576 3457/2852/3576 3465/2851/3576
f 3441/2786/3577 3447/2845/3577 3446/2949/3577
f 3464/2857/3578 3444/2859/3578 3465/2851/3578
f 3449/2950/3579 3448/2827/3579 3440/2854/3579
f 3458/2843/3580 3449/2844/3580 3445/2975/3580 3466/2772/3580
f 3452/2948/3581 3467/2811/3581 3451/2952/3581 3461/2858/3581
f 3454/2778/3582 3455/2853/3582 3453/2953/3582
f 3450/2764/3583 3451/2952/3583 3467/2811/3583
f 3450/2764/3584 3447/2845/3584 3461/2858/3584 3451/2952/3584
f 3456/2783/3585 3460/2779/3585 3439/2855/3585
f 3449/2976/3586 3440/2797/3586 3460/2955/3586
f 3439/2855/3587 3440/2854/3587 3467/2974/3587
f 3449/2976/3588 3460/2955/3588 3454/2956/3588 3453/2957/3588
f 3441/2786/3589 3461/2858/3589 3447/2845/3589
f 3460/2955/3590 3456/2850/3590 3463/2787/3590 3454/2956/3590
f 3442/2958/3591 3441/2959/3591 3453/2953/3591 3455/2853/3591
f 3444/2859/3592 3459/2842/3592 3462/2846/3592
f 3447/2845/3593 3468/2765/3593 3446/2949/3593
f 3453/2957/3594 3445/2960/3594 3449/2976/3594
f 3452/2788/3595 3439/2855/3595 3467/2974/3595
f 3443/2768/3596 3442/2958/3596 3455/2853/3596 3463/2769/3596
f 3441/2959/3597 3446/2848/3597 3445/2849/3597 3453/2953/3597
f 3456/2783/3598 3464/2857/3598 3465/2851/3598
f 3450/2847/3599 3458/2843/3599 3468/2860/3599
f 3457/2852/3600 3462/2846/3600 3463/2769/3600
f 3484/2866/3601 3476/2868/3601 3474/2977/3601 3491/2878/3601
f 3478/2881/3602 3484/2866/3602 3491/2878/3602
f 3474/2879/3603 3481/2816/3603 3490/2877/3603
f 3487/2880/3604 3483/2873/3604 3489/2872/3604
f 3470/2813/3605 3475/2870/3605 3490/2978/3605
f 3490/2877/3606 3475/2823/3606 3491/2878/3606
f 3476/2950/3607 3488/2864/3607 3469/2863/3607
f 3469/2863/3608 3472/2795/3608 3482/2799/3608
f 3479/2811/3609 3478/2869/3609 3477/2803/3609 3486/2809/3609
f 3480/2817/3610 3481/2816/3610 3474/2879/3610
f 3471/2876/3611 3485/2979/3611 3490/2877/3611 3481/2816/3611
f 3470/2813/3612 3490/2978/3612 3485/2875/3612
f 3480/2861/3613 3469/2797/3613 3482/2862/3613
f 3485/2979/3614 3471/2876/3614 3483/2873/3614 3487/2880/3614
f 3470/2813/3615 3486/2809/3615 3475/2870/3615
f 3473/2871/3616 3485/2875/3616 3487/2880/3616
f 3480/2861/3617 3474/2960/3617 3476/2865/3617
f 3485/2875/3618 3473/2871/3618 3486/2809/3618
f 3488/2867/3619 3484/2866/3619 3478/2881/3619
f 3488/2864/3620 3478/2964/3620 3479/2812/3620 3472/2795/3620
f 3498/2965/3621 3504/2894/3621 3499/2980/3621 3496/2967/3621
f 3498/2887/3622 3501/2886/3622 3507/2838/3622
f 3502/2882/3623 3495/2884/3623 3506/2968/3623 3493/2759/3623
f 3503/2893/3624 3500/2890/3624 3505/2889/3624
f 3506/2837/3625 3495/2823/3625 3507/2838/3625
f 3501/2886/3626 3496/2885/3626 3494/2981/3626 3507/2838/3626
f 3497/2803/3627 3495/2884/3627 3502/2882/3627 3504/2894/3627
f 3492/2787/3628 3494/2960/3628 3496/2982/3628 3499/2888/3628
f 3493/2983/3629 3506/2837/3629 3494/2892/3629 3492/2972/3629
f 3493/2983/3630 3492/2972/3630 3500/2890/3630 3503/2893/3630
f 3504/2894/3631 3502/2882/3631 3503/2893/3631
f 3499/2980/3632 3504/2894/3632 3505/2889/3632
f 3515/2984/3633 3521/2907/3633 3510/2895/3633 3513/2985/3633
f 3515/2900/3634 3518/2899/3634 3524/2905/3634
f 3519/2882/3635 3512/2897/3635 3523/2968/3635 3509/2759/3635
f 3520/2906/3636 3517/2902/3636 3522/2834/3636
f 3523/2904/3637 3512/2823/3637 3524/2905/3637
f 3518/2899/3638 3513/2898/3638 3511/2986/3638 3524/2905/3638
f 3514/2803/3639 3512/2897/3639 3519/2882/3639 3521/2907/3639
f 3513/2985/3640 3510/2895/3640 3516/2799/3640
f 3508/2787/3641 3511/2960/3641 3513/2982/3641 3516/2901/3641
f 3509/2987/3642 3523/2904/3642 3511/2839/3642 3508/2988/3642
f 3509/2987/3643 3508/2988/3643 3517/2902/3643 3520/2906/3643
f 3521/2907/3644 3519/2882/3644 3520/2906/3644
f 3510/2895/3645 3521/2907/3645 3522/2834/3645
f 3532/2989/3646 3538/2920/3646 3527/2895/3646 3530/2967/3646
f 3532/2913/3647 3535/2912/3647 3541/2918/3647
f 3536/2908/3648 3529/2910/3648 3540/2968/3648 3526/2759/3648
f 3537/2919/3649 3534/2915/3649 3539/2914/3649
f 3540/2917/3650 3529/2823/3650 3541/2918/3650
f 3535/2912/3651 3530/2911/3651 3528/2986/3651 3541/2918/3651
f 3531/2803/3652 3529/2910/3652 3536/2908/3652 3538/2920/3652
f 3530/2967/3653 3527/2895/3653 3533/2799/3653
f 3525/2787/3654 3528/2960/3654 3530/2990/3654 3533/2833/3654
f 3526/2991/3655 3540/2917/3655 3528/2839/3655 3525/2972/3655
f 3526/2991/3656 3525/2972/3656 3534/2915/3656 3537/2919/3656
f 3538/2920/3657 3536/2908/3657 3537/2919/3657
f 3527/2895/3658 3538/2920/3658 3539/2914/3658
f 3553/2992/3659 3570/2993/3659 3543/2780/3659 3551/2827/3659
f 3562/2758/3660 3547/2936/3660 3564/2934/3660
f 3571/2937/3661 3561/2921/3661 3569/2928/3661
f 3567/2947/3662 3555/2948/3662 3564/2934/3662 3547/2936/3662
f 3565/2925/3663 3560/2931/3663 3568/2930/3663
f 3544/2935/3664 3550/2924/3664 3549/2949/3664
f 3567/2857/3665 3547/2936/3665 3568/2930/3665
f 3552/2950/3666 3551/2827/3666 3543/2780/3666
f 3561/2921/3667 3552/2922/3667 3548/2951/3667 3569/2928/3667
f 3555/2948/3668 3570/2811/3668 3554/2952/3668 3564/2934/3668
f 3557/2778/3669 3558/2932/3669 3556/2953/3669
f 3553/2764/3670 3554/2952/3670 3570/2811/3670
f 3553/2764/3671 3550/2924/3671 3564/2934/3671 3554/2952/3671
f 3559/2783/3672 3563/2779/3672 3542/2933/3672
f 3552/2994/3673 3543/2797/3673 3563/2955/3673
f 3542/2933/3674 3543/2780/3674 3570/2993/3674
f 3552/2994/3675 3563/2955/3675 3557/2956/3675 3556/2957/3675
f 3544/2935/3676 3564/2934/3676 3550/2924/3676
f 3563/2955/3677 3559/2774/3677 3566/2787/3677 3557/2956/3677
f 3545/2958/3678 3544/2959/3678 3556/2953/3678 3558/2932/3678
f 3547/2936/3679 3562/2758/3679 3565/2925/3679
f 3550/2924/3680 3571/2923/3680 3549/2949/3680
f 3556/2957/3681 3548/2960/3681 3552/2994/3681
f 3555/2788/3682 3542/2933/3682 3570/2993/3682
f 3546/2768/3683 3545/2958/3683 3558/2932/3683 3566/2926/3683
f 3544/2959/3684 3549/2927/3684 3548/2929/3684 3556/2953/3684
f 3559/2783/3685 3567/2857/3685 3568/2930/3685
f 3553/2770/3686 3561/2921/3686 3571/2937/3686
f 3560/2931/3687 3565/2925/3687 3566/2926/3687
f 3579/2995/3688 3585/2946/3688 3574/2895/3688 3577/2967/3688
f 3579/2940/3689 3582/2886/3689 3588/2918/3689
f 3583/2882/3690 3576/2897/3690 3587/2968/3690 3573/2759/3690
f 3584/2945/3691 3581/2942/3691 3586/2834/3691
f 3587/2944/3692 3576/2823/3692 3588/2918/3692
f 3582/2886/3693 3577/2939/3693 3575/2969/3693 3588/2918/3693
f 3578/2803/3694 3576/2897/3694 3583/2882/3694 3585/2946/3694
f 3577/2967/3695 3574/2895/3695 3580/2799/3695
f 3572/2787/3696 3575/2960/3696 3577/2970/3696 3580/2941/3696
f 3573/2996/3697 3587/2944/3697 3575/2839/3697 3572/2972/3697
f 3573/2996/3698 3572/2972/3698 3581/2942/3698 3584/2945/3698
f 3585/2946/3699 3583/2882/3699 3584/2945/3699
f 3574/2895/3700 3585/2946/3700 3586/2834/3700
o Cube.022
v -1.298492 1.488605 -0.736199
v -1.298492 1.572729 -0.714587
v -1.298492 1.488605 -0.821249
v -1.298492 1.572729 -0.842861
v 2.240065 1.488605 -0.736199
v 2.240064 1.572729 -0.714587
v 2.240065 1.488605 -0.821249
v 2.240064 1.572729 -0.842861
v -1.298492 1.488605 -0.778724
v -1.298492 1.619202 -0.778724
v 2.240065 1.488605 -0.778724
v 2.240064 1.619202 -0.778724
v 1.116334 1.514332 -0.811895
v -0.063185 1.473284 -0.829498
v -0.063185 1.559922 -0.835661
v 1.116334 1.593388 -0.847870
v -0.063185 1.458019 -0.745829
v 1.116334 1.529189 -0.728152
v 1.116334 1.615796 -0.721568
v -0.063185 1.536899 -0.709469
v -0.063185 1.594129 -0.764224
v 1.116334 1.650351 -0.792837
v 1.116334 1.521761 -0.770024
v -0.063185 1.465652 -0.787664
vn -1.0000 -0.0000 -0.0000
vn -0.0087 -0.3328 -0.9430
vn 1.0000 -0.0000 -0.0000
vn -0.0073 -0.3351 0.9422
vn -0.0320 -0.9956 0.0876
vn 0.0134 0.7535 0.6573
vn 0.0177 0.8592 -0.5113
vn -0.0254 -0.9958 0.0877
vn -0.0161 -0.9958 -0.0901
vn 0.0412 -0.9991 -0.0024
vn 0.0230 0.7550 -0.6553
vn -0.0409 0.8105 -0.5843
vn 0.0235 0.8579 0.5133
vn -0.0361 0.8078 0.5883
vn -0.0223 -0.9957 -0.0901
vn 0.0539 -0.9985 -0.0024
vn -0.0056 -0.1629 0.9866
vn 0.0137 -0.2512 0.9678
vn -0.0022 -0.1605 -0.9870
vn 0.0100 -0.2464 -0.9691
vt 0.375000 0.125000
vt 0.625000 0.125000
vt 0.625000 0.250000
vt 0.375000 0.250000
vt 0.375000 0.420608
vt 0.625000 0.420608
vt 0.625000 0.500000
vt 0.375000 0.500000
vt 0.375000 0.625000
vt 0.625000 0.625000
vt 0.625000 0.750000
vt 0.375000 0.750000
vt 0.375000 0.912725
vt 0.625000 0.912725
vt 0.625000 1.000000
vt 0.375000 1.000000
vt 0.295608 0.625000
vt 0.295608 0.750000
vt 0.787725 0.625000
vt 0.875000 0.625000
vt 0.875000 0.750000
vt 0.787725 0.750000
vt 0.787725 0.500000
vt 0.875000 0.500000
vt 0.295608 0.500000
vt 0.375000 0.000000
vt 0.625000 0.000000
vt 0.125000 0.500000
vt 0.212275 0.500000
vt 0.212275 0.625000
vt 0.125000 0.625000
vt 0.704392 0.500000
vt 0.704392 0.625000
vt 0.704392 0.750000
vt 0.212275 0.750000
vt 0.125000 0.750000
vt 0.625000 0.829392
vt 0.375000 0.829392
vt 0.625000 0.337275
vt 0.375000 0.337275
s 0
f 3597/2997/3701 3598/2998/3701 3592/2999/3701 3591/3000/3701
f 3601/3001/3702 3604/3002/3702 3596/3003/3702 3595/3004/3702
f 3599/3005/3703 3600/3006/3703 3594/3007/3703 3593/3008/3703
f 3605/3009/3704 3608/3010/3704 3590/3011/3704 3589/3012/3704
f 3611/3013/3705 3599/3005/3705 3593/3008/3705 3606/3014/3705
f 3609/3015/3706 3598/3016/3706 3590/3017/3706 3608/3018/3706
f 3603/3019/3707 3592/3020/3707 3598/3016/3707 3609/3015/3707
f 3601/3021/3708 3595/3004/3708 3599/3005/3708 3611/3013/3708
f 3595/3004/3703 3596/3003/3703 3600/3006/3703 3599/3005/3703
f 3589/3022/3701 3590/3023/3701 3598/2998/3701 3597/2997/3701
f 3591/3024/3709 3602/3025/3709 3612/3026/3709 3597/3027/3709
f 3602/3025/3710 3601/3021/3710 3611/3013/3710 3612/3026/3710
f 3596/3003/3711 3604/3028/3711 3610/3029/3711 3600/3006/3711
f 3604/3028/3712 3603/3019/3712 3609/3015/3712 3610/3029/3712
f 3600/3006/3713 3610/3029/3713 3607/3030/3713 3594/3007/3713
f 3610/3029/3714 3609/3015/3714 3608/3018/3714 3607/3030/3714
f 3597/3027/3715 3612/3026/3715 3605/3031/3715 3589/3032/3715
f 3612/3026/3716 3611/3013/3716 3606/3014/3716 3605/3031/3716
f 3593/3008/3717 3594/3007/3717 3607/3033/3717 3606/3034/3717
f 3606/3034/3718 3607/3033/3718 3608/3010/3718 3605/3009/3718
f 3591/3000/3719 3592/2999/3719 3603/3035/3719 3602/3036/3719
f 3602/3036/3720 3603/3035/3720 3604/3002/3720 3601/3001/3720
o Cube.023
v 2.028074 0.894447 -0.704988
v 2.028074 0.972896 -0.742267
v 2.028074 0.839976 -0.770308
v 2.028074 0.890744 -0.840783
v 2.492983 0.894447 -0.704988
v 2.492983 0.972896 -0.742267
v 2.492983 0.839976 -0.770308
v 2.492983 0.890744 -0.840783
v 2.028074 0.867212 -0.737648
v 2.028074 0.967511 -0.821288
v 2.492983 0.867212 -0.737648
v 2.492983 0.967511 -0.821288
vn -1.0000 -0.0000 -0.0000
vn -0.0000 -0.8114 -0.5845
vn 1.0000 -0.0000 -0.0000
vn -0.0000 0.4292 0.9032
vn -0.0000 -0.7680 0.6404
vn -0.0000 0.9977 -0.0680
vn -0.0000 0.2461 -0.9692
vt 0.375000 0.125000
vt 0.625000 0.125000
vt 0.625000 0.250000
vt 0.375000 0.250000
vt 0.625000 0.500000
vt 0.375000 0.500000
vt 0.375000 0.625000
vt 0.625000 0.625000
vt 0.625000 0.750000
vt 0.375000 0.750000
vt 0.625000 1.000000
vt 0.375000 1.000000
vt 0.125000 0.625000
vt 0.125000 0.750000
vt 0.875000 0.625000
vt 0.875000 0.750000
vt 0.875000 0.500000
vt 0.125000 0.500000
vt 0.375000 0.000000
vt 0.625000 0.000000
s 0
f 3621/3037/3721 3622/3038/3721 3616/3039/3721 3615/3040/3721
f 3615/3040/3722 3616/3039/3722 3620/3041/3722 3619/3042/3722
f 3623/3043/3723 3624/3044/3723 3618/3045/3723 3617/3046/3723
f 3617/3046/3724 3618/3045/3724 3614/3047/3724 3613/3048/3724
f 3621/3049/3725 3623/3043/3725 3617/3046/3725 3613/3050/3725
f 3624/3044/3726 3622/3051/3726 3614/3052/3726 3618/3045/3726
f 3620/3041/3727 3616/3053/3727 3622/3051/3727 3624/3044/3727
f 3615/3054/3725 3619/3042/3725 3623/3043/3725 3621/3049/3725
f 3619/3042/3723 3620/3041/3723 3624/3044/3723 3623/3043/3723
f 3613/3055/3721 3614/3056/3721 3622/3038/3721 3621/3037/3721
o Cube.024
v 2.182258 1.617628 -0.859888
v 2.182258 0.821124 -0.859888
v 2.182258 1.617628 -0.697560
v 2.182258 0.821124 -0.697560
v 2.070869 1.617628 -0.859888
v 2.070869 0.821124 -0.859888
v 2.070869 1.617628 -0.697560
v 2.070869 0.821124 -0.697560
v 2.182258 1.672724 -0.778724
v 2.182258 0.766028 -0.778724
v 2.070869 1.672724 -0.778724
v 2.070869 0.766028 -0.778724
vn 1.0000 -0.0000 -0.0000
vn -0.0000 -0.0000 1.0000
vn -1.0000 -0.0000 -0.0000
vn -0.0000 -0.0000 -1.0000
vn -0.0000 0.8274 -0.5616
vn -0.0000 -0.8274 -0.5616
vn -0.0000 -0.8274 0.5616
vn -0.0000 0.8274 0.5616
vt 0.375000 0.125000
vt 0.625000 0.125000
vt 0.625000 0.250000
vt 0.375000 0.250000
vt 0.625000 0.500000
vt 0.375000 0.500000
vt 0.375000 0.625000
vt 0.625000 0.625000
vt 0.625000 0.750000
vt 0.375000 0.750000
vt 0.625000 1.000000
vt 0.375000 1.000000
vt 0.125000 0.625000
vt 0.125000 0.750000
vt 0.875000 0.625000
vt 0.875000 0.750000
vt 0.875000 0.500000
vt 0.125000 0.500000
vt 0.375000 0.000000
vt 0.625000 0.000000
s 0
f 3633/3057/3728 3627/3060/3728 3628/3059/3728 3634/3058/3728
f 3627/3060/3729 3631/3062/3729 3632/3061/3729 3628/3059/3729
f 3635/3063/3730 3629/3066/3730 3630/3065/3730 3636/3064/3730
f 3629/3066/3731 3625/3068/3731 3626/3067/3731 3630/3065/3731
f 3633/3069/3732 3625/3070/3732 3629/3066/3732 3635/3063/3732
f 3636/3064/3733 3630/3065/3733 3626/3072/3733 3634/3071/3733
f 3632/3061/3734 3636/3064/3734 3634/3071/3734 3628/3073/3734
f 3627/3074/3735 3633/3069/3735 3635/3063/3735 3631/3062/3735
f 3631/3062/3730 3635/3063/3730 3636/3064/3730 3632/3061/3730
f 3625/3075/3728 3633/3057/3728 3634/3058/3728 3626/3076/3728
o Cylinder
v 0.582804 1.560002 -0.884342
v 0.650190 1.562242 -0.875117
v 0.613719 1.557875 -0.857048
v 0.484536 1.561426 -0.889389
v 0.548669 1.564795 -0.887463
v 0.524105 1.563658 -0.859227
v 0.383045 1.556298 -0.884582
v 0.456100 1.556535 -0.884195
v 0.427887 1.552935 -0.860139
v 0.292075 1.548620 -0.884955
v 0.358590 1.549178 -0.874616
v 0.325206 1.549318 -0.861548
v 0.362724 1.477588 -0.852937
v 0.296181 1.473440 -0.851733
v 0.326710 1.492714 -0.840967
v 0.453255 1.480775 -0.848085
v 0.388459 1.478143 -0.846999
v 0.426547 1.492035 -0.835796
v 0.557326 1.490240 -0.854633
v 0.489521 1.487034 -0.848363
v 0.522880 1.496913 -0.840883
v 0.644889 1.496156 -0.855032
v 0.588027 1.488157 -0.853885
v 0.614821 1.501505 -0.836801
v 0.366023 1.440394 -0.771461
v 0.298585 1.444435 -0.778023
v 0.330459 1.466783 -0.778668
v 0.465153 1.456821 -0.776030
v 0.396314 1.449144 -0.778210
v 0.425306 1.467430 -0.776766
v 0.557123 1.455263 -0.778486
v 0.489071 1.455919 -0.774171
v 0.516317 1.471579 -0.779968
v 0.656704 1.454448 -0.783607
v 0.583862 1.456997 -0.777250
v 0.620675 1.478607 -0.781772
v 0.361887 1.476852 -0.703646
v 0.293809 1.479497 -0.703747
v 0.326307 1.491672 -0.716456
v 0.459271 1.481680 -0.704638
v 0.397571 1.473407 -0.710392
v 0.425171 1.495452 -0.719856
v 0.548802 1.482502 -0.700815
v 0.490280 1.476697 -0.709196
v 0.525884 1.493888 -0.716059
v 0.656068 1.487077 -0.703861
v 0.584619 1.492060 -0.707437
v 0.622675 1.507785 -0.717807
v 0.361898 1.551512 -0.674044
v 0.295888 1.542344 -0.673397
v 0.328400 1.546667 -0.690527
v 0.462392 1.557102 -0.675970
v 0.383894 1.548705 -0.669513
v 0.421899 1.548279 -0.694949
v 0.551783 1.559693 -0.682613
v 0.491305 1.557745 -0.667828
v 0.518918 1.558147 -0.694355
v 0.649244 1.568752 -0.675645
v 0.581766 1.561472 -0.674096
v 0.610469 1.563930 -0.692704
v 0.353334 1.625526 -0.699652
v 0.296810 1.617025 -0.707596
v 0.322645 1.603410 -0.720039
v 0.446554 1.626224 -0.705062
v 0.388186 1.620223 -0.701558
v 0.418917 1.617092 -0.723341
v 0.548430 1.633415 -0.706401
v 0.480877 1.627780 -0.709637
v 0.519256 1.615758 -0.723323
v 0.645392 1.633597 -0.710212
v 0.575575 1.631197 -0.708457
v 0.605868 1.620882 -0.714673
v 0.355681 1.652842 -0.780509
v 0.289223 1.652376 -0.775183
v 0.325216 1.636172 -0.777696
v 0.451280 1.660910 -0.785983
v 0.384282 1.662403 -0.778990
v 0.425961 1.640533 -0.782261
v 0.548789 1.668734 -0.775331
v 0.482822 1.660882 -0.782647
v 0.512451 1.639711 -0.771847
v 0.644928 1.668312 -0.778504
v 0.579993 1.657385 -0.782560
v 0.612043 1.644679 -0.779215
v 0.353326 1.628962 -0.849758
v 0.290557 1.630886 -0.848652
v 0.320173 1.608291 -0.840487
v 0.454231 1.623255 -0.845321
v 0.387308 1.625737 -0.850514
v 0.421111 1.609300 -0.840581
v 0.549745 1.635138 -0.851997
v 0.481182 1.628768 -0.861284
v 0.517102 1.616817 -0.839125
v 0.643971 1.640251 -0.852914
v 0.578387 1.634955 -0.855465
v 0.613660 1.621373 -0.834640
v 0.710670 1.566391 -0.864704
v 0.685174 1.568129 -0.880513
v 0.259468 1.548903 -0.880837
v 0.220803 1.544553 -0.873162
v 0.692830 1.494300 -0.847938
v 0.718717 1.496199 -0.840326
v 0.233263 1.481983 -0.843153
v 0.257080 1.467426 -0.855395
v 0.690048 1.463441 -0.778973
v 0.713640 1.473705 -0.783283
v 0.239111 1.455213 -0.775188
v 0.260138 1.442541 -0.778585
v 0.687751 1.492227 -0.704727
v 0.710677 1.504350 -0.710402
v 0.230508 1.474436 -0.711506
v 0.260894 1.466304 -0.707720
v 0.686906 1.566878 -0.674086
v 0.706071 1.569499 -0.682380
v 0.231556 1.545113 -0.682363
v 0.252080 1.545588 -0.667812
v 0.682500 1.638683 -0.705223
v 0.707480 1.633597 -0.711941
v 0.227375 1.616900 -0.710608
v 0.251006 1.620410 -0.704201
v 0.681888 1.671040 -0.780112
v 0.705621 1.660696 -0.776303
v 0.225471 1.638456 -0.778578
v 0.250965 1.652102 -0.779041
v 0.691036 1.635873 -0.852892
v 0.711975 1.630867 -0.844263
v 0.230481 1.610461 -0.844532
v 0.254317 1.623315 -0.853744
vn -0.1773 0.9130 -0.3675
vn -0.1438 0.9016 0.4079
vn -0.1555 0.9004 -0.4064
vn 0.0115 0.4262 -0.9046
vn -0.0097 -0.3685 -0.9296
vn 0.0589 -0.9138 -0.4018
vn 0.0265 -0.3740 0.9271
vn 0.0878 -0.9149 0.3939
vn 0.9988 0.0472 -0.0165
vn 0.0678 -0.3226 0.9441
vn -0.0128 0.3957 0.9183
vn -0.0035 0.4569 0.8895
vn 0.0182 0.3689 0.9293
vn -0.1435 0.8754 0.4617
vn 0.0607 -0.9446 0.3225
vn -0.1168 -0.9299 0.3488
vn 0.1784 -0.8774 0.4454
vn -0.0312 -0.9050 -0.4243
vn -0.2669 -0.8821 -0.3882
vn 0.0137 -0.9153 -0.4025
vn -0.0106 -0.9190 0.3942
vn -0.1213 -0.4239 -0.8975
vn 0.1017 -0.3679 -0.9243
vn 0.0658 -0.4431 -0.8941
vn 0.1142 -0.8993 -0.4221
vn -0.0757 0.4390 -0.8953
vn -0.0300 0.3316 -0.9430
vn 0.0838 0.4053 -0.9104
vn 0.0971 -0.4265 -0.8993
vn -0.1690 0.9118 -0.3742
vn -0.1960 0.8997 -0.3901
vn 0.0859 0.9457 -0.3135
vn -0.0073 0.3520 -0.9360
vn -0.1137 0.9341 0.3385
vn -0.0081 0.9178 0.3971
vn -0.0921 0.9295 0.3572
vn -0.0221 0.3504 0.9363
vn -0.0271 -0.4053 0.9138
vn 0.3917 -0.3990 0.8291
vn 0.1915 -0.3594 0.9133
vn -0.6067 -0.2933 0.7388
vn 0.5264 -0.2343 0.8173
vn -0.5639 -0.3481 0.7489
vn 0.6218 -0.2963 0.7250
vn -0.4482 -0.3581 0.8191
vn 0.4782 -0.3490 0.8059
vn -0.5150 -0.3430 0.7856
vn 0.3794 -0.2652 0.8864
vn -0.4388 -0.8464 0.3016
vn 0.5884 -0.7508 0.3000
vn -0.5429 -0.7894 0.2864
vn 0.5867 -0.7458 0.3155
vn -0.4398 -0.7933 0.4210
vn 0.5027 -0.7495 0.4307
vn -0.5040 -0.8076 0.3063
vn 0.5249 -0.8020 0.2850
vn -0.3393 -0.8763 -0.3419
vn 0.4405 -0.8284 -0.3460
vn -0.4199 -0.8279 -0.3719
vn 0.5860 -0.7100 -0.3905
vn -0.4199 -0.8140 -0.4014
vn 0.5254 -0.8005 -0.2885
vn -0.4748 -0.7810 -0.4057
vn 0.5711 -0.7603 -0.3095
vn -0.4002 -0.4006 -0.8242
vn 0.3233 -0.3799 -0.8667
vn -0.5219 -0.4448 -0.7279
vn 0.4770 -0.3182 -0.8193
vn -0.5465 -0.3269 -0.7710
vn 0.5157 -0.2687 -0.8135
vn -0.4642 -0.4001 -0.7902
vn 0.5621 -0.2683 -0.7824
vn -0.4502 0.3319 -0.8290
vn 0.4344 0.3765 -0.8182
vn -0.5108 0.3246 -0.7960
vn 0.4571 0.2534 -0.8525
vn -0.5260 0.3324 -0.7829
vn 0.4093 0.3521 -0.8417
vn -0.4641 0.3951 -0.7928
vn 0.4080 0.3538 -0.8416
vn -0.4724 0.7983 -0.3736
vn 0.5520 0.7641 -0.3338
vn -0.4872 0.8397 -0.2400
vn 0.4454 0.8439 -0.2992
vn -0.5805 0.7528 -0.3103
vn 0.3599 0.8684 -0.3411
vn -0.4973 0.7819 -0.3760
vn 0.5410 0.7734 -0.3304
vn -0.5038 0.7968 0.3336
vn 0.4683 0.8116 0.3492
vn -0.3731 0.8628 0.3411
vn 0.3267 0.8590 0.3941
vn -0.4578 0.8112 0.3639
vn 0.3445 0.8891 0.3014
vn -0.5601 0.7590 0.3319
vn 0.4899 0.8068 0.3302
vn -0.6198 0.2620 0.7397
vn 0.4651 0.2625 0.8454
vn -0.4757 0.3303 0.8153
vn 0.5708 0.3060 0.7619
vn -0.4065 0.3617 0.8390
vn 0.5532 0.3228 0.7680
vn -0.5228 0.3030 0.7968
vn 0.3818 0.3045 0.8727
vn -0.9986 -0.0391 -0.0353
vn -0.3964 0.2999 0.8677
vn 0.3362 0.3587 0.8708
vn -0.2451 0.8982 0.3650
vn 0.5643 0.7879 0.2464
vn -0.4661 0.8144 -0.3456
vn 0.3635 0.8934 -0.2642
vn -0.4015 0.3410 -0.8500
vn 0.3631 0.4051 -0.8390
vn -0.3157 -0.3928 -0.8638
vn 0.4271 -0.3519 -0.8329
vn -0.3005 -0.8791 -0.3700
vn 0.3466 -0.8774 -0.3319
vn -0.3901 -0.8515 0.3503
vn 0.4956 -0.7947 0.3503
vn -0.4787 -0.2769 0.8332
vn 0.3340 -0.3572 0.8723
vn -0.0362 0.3515 0.9355
vt 0.750000 0.526367
vt 0.750000 0.565306
vt 0.625000 0.565306
vt 0.625000 0.526367
vt 0.875000 0.834694
vt 0.875000 0.865306
vt 0.750000 0.865306
vt 0.750000 0.834694
vt 0.625000 0.865306
vt 0.625000 0.834694
vt 0.500000 0.865306
vt 0.500000 0.834694
vt 0.375000 0.865306
vt 0.375000 0.834694
vt 0.250000 0.865306
vt 0.250000 0.834694
vt 0.125000 0.934694
vt 0.125000 0.973633
vt 0.000000 0.973633
vt 0.000000 0.934694
vt 0.125000 0.865306
vt 0.125000 0.834694
vt 0.400332 0.400332
vt 0.250000 0.462602
vt 0.099668 0.400332
vt 0.037398 0.250000
vt 0.099668 0.099668
vt 0.250000 0.037398
vt 0.400332 0.099668
vt 0.462602 0.250000
vt 0.125000 0.526367
vt 0.125000 0.565306
vt 0.000000 0.565306
vt 0.000000 0.526367
vt 1.000000 0.634694
vt 1.000000 0.665306
vt 0.875000 0.665306
vt 0.875000 0.634694
vt 1.000000 0.734694
vt 1.000000 0.765306
vt 0.875000 0.765306
vt 0.875000 0.734694
vt 1.000000 0.834694
vt 1.000000 0.865306
vt 0.875000 0.526367
vt 0.875000 0.565306
vt 0.750000 0.565306
vt 0.250000 0.934694
vt 0.250000 0.973633
vt 0.250000 0.634694
vt 0.250000 0.665306
vt 0.125000 0.665306
vt 0.125000 0.634694
vt 0.250000 0.734694
vt 0.250000 0.765306
vt 0.125000 0.765306
vt 0.125000 0.734694
vt 0.375000 0.934694
vt 0.375000 0.973633
vt 0.375000 0.634694
vt 0.375000 0.665306
vt 0.375000 0.734694
vt 0.375000 0.765306
vt 0.250000 0.526367
vt 0.250000 0.565306
vt 0.125000 0.565306
vt 0.500000 0.934694
vt 0.500000 0.973633
vt 0.500000 0.634694
vt 0.500000 0.665306
vt 0.500000 0.734694
vt 0.500000 0.765306
vt 0.375000 0.526367
vt 0.375000 0.565306
vt 0.250000 0.565306
vt 0.625000 0.934694
vt 0.625000 0.973633
vt 0.625000 0.634694
vt 0.625000 0.665306
vt 0.625000 0.734694
vt 0.625000 0.765306
vt 0.500000 0.526367
vt 0.500000 0.565306
vt 0.375000 0.565306
vt 0.750000 0.934694
vt 0.750000 0.973633
vt 0.750000 0.634694
vt 0.750000 0.665306
vt 0.750000 0.734694
vt 0.750000 0.765306
vt 0.625000 0.565306
vt 0.500000 0.565306
vt 0.875000 0.934694
vt 0.875000 0.973633
vt 1.000000 0.934694
vt 1.000000 0.973633
vt 0.875000 0.973633
vt 0.875000 0.934694
vt 0.000000 0.665306
vt 0.000000 0.634694
vt 0.000000 0.765306
vt 0.000000 0.734694
vt 0.000000 0.865306
vt 0.000000 0.834694
vt 0.000000 0.600000
vt 0.125000 0.600000
vt 0.000000 0.700000
vt 0.125000 0.700000
vt 0.000000 0.800000
vt 0.125000 0.800000
vt 0.000000 0.900000
vt 0.125000 0.900000
vt 0.250000 0.600000
vt 0.250000 0.700000
vt 0.250000 0.800000
vt 0.250000 0.900000
vt 0.375000 0.600000
vt 0.375000 0.700000
vt 0.375000 0.800000
vt 0.375000 0.900000
vt 0.500000 0.600000
vt 0.500000 0.700000
vt 0.500000 0.800000
vt 0.500000 0.900000
vt 0.625000 0.600000
vt 0.625000 0.700000
vt 0.625000 0.800000
vt 0.625000 0.900000
vt 0.750000 0.600000
vt 0.750000 0.700000
vt 0.750000 0.800000
vt 0.750000 0.900000
vt 0.875000 0.600000
vt 0.875000 0.700000
vt 0.875000 0.800000
vt 0.875000 0.900000
vt 1.000000 0.600000
vt 0.875000 0.565306
vt 1.000000 0.565306
vt 1.000000 0.700000
vt 1.000000 0.800000
vt 1.000000 0.900000
vt 0.750000 0.462602
vt 0.900332 0.400332
vt 0.962602 0.250000
vt 0.900332 0.099668
vt 0.750000 0.037398
vt 0.599668 0.099668
vt 0.537398 0.250000
vt 0.599668 0.400332
vt 0.750000 0.490000
vt 0.919706 0.419706
vt 0.419706 0.419706
vt 0.250000 0.490000
vt 0.990000 0.250000
vt 0.490000 0.250000
vt 0.919706 0.080294
vt 0.419706 0.080294
vt 0.750000 0.010000
vt 0.250000 0.010000
vt 0.580294 0.080294
vt 0.080294 0.080294
vt 0.510000 0.250000
vt 0.010000 0.250000
vt 0.580294 0.419706
vt 0.080294 0.419706
vt 1.000000 0.526367
vt 0.875000 0.526367
s 0
f 3741/3077/3736 3670/3078/3736 3682/3079/3736 3745/3080/3736
f 3653/3081/3737 3649/3082/3737 3661/3083/3737 3665/3084/3737
f 3665/3084/3738 3661/3083/3738 3673/3085/3738 3677/3086/3738
f 3677/3086/3739 3673/3085/3739 3685/3087/3739 3689/3088/3739
f 3689/3088/3740 3685/3087/3740 3697/3089/3740 3701/3090/3740
f 3701/3090/3741 3697/3089/3741 3709/3091/3741 3713/3092/3741
f 3722/3093/3742 3764/3094/3742 3735/3095/3742 3646/3096/3742
f 3713/3092/3743 3709/3091/3743 3721/3097/3743 3725/3098/3743
f 3739/3099/3744 3736/3100/3744 3763/3101/3744 3759/3102/3744 3755/3103/3744 3751/3104/3744 3747/3105/3744 3743/3106/3744
f 3761/3107/3745 3730/3108/3745 3638/3109/3745 3734/3110/3745
f 3637/3111/3746 3641/3112/3746 3655/3113/3746 3659/3114/3746
f 3640/3115/3747 3644/3116/3747 3652/3117/3747 3656/3118/3747
f 3643/3119/3748 3647/3120/3748 3649/3082/3748 3653/3081/3748
f 3737/3121/3749 3658/3122/3749 3670/3123/3749 3741/3077/3749
f 3710/3124/3750 3760/3125/3750 3764/3094/3750 3722/3093/3750
f 3719/3126/3751 3715/3127/3751 3727/3128/3751 3731/3129/3751
f 3716/3130/3752 3712/3131/3752 3724/3132/3752 3728/3133/3752
f 3698/3134/3753 3756/3135/3753 3760/3125/3753 3710/3124/3753
f 3707/3136/3754 3703/3137/3754 3715/3127/3754 3719/3126/3754
f 3704/3138/3755 3700/3139/3755 3712/3131/3755 3716/3130/3755
f 3757/3140/3756 3718/3141/3756 3730/3142/3756 3761/3107/3756
f 3686/3143/3757 3752/3144/3757 3756/3135/3757 3698/3134/3757
f 3695/3145/3758 3691/3146/3758 3703/3137/3758 3707/3136/3758
f 3692/3147/3759 3688/3148/3759 3700/3139/3759 3704/3138/3759
f 3753/3149/3760 3706/3150/3760 3718/3151/3760 3757/3140/3760
f 3674/3152/3761 3748/3153/3761 3752/3144/3761 3686/3143/3761
f 3683/3154/3762 3679/3155/3762 3691/3146/3762 3695/3145/3762
f 3680/3156/3763 3676/3157/3763 3688/3148/3763 3692/3147/3763
f 3749/3158/3764 3694/3159/3764 3706/3160/3764 3753/3149/3764
f 3662/3161/3765 3744/3162/3765 3748/3153/3765 3674/3152/3765
f 3671/3163/3766 3667/3164/3766 3679/3155/3766 3683/3154/3766
f 3668/3165/3767 3664/3166/3767 3676/3157/3767 3680/3156/3767
f 3745/3080/3768 3682/3167/3768 3694/3168/3768 3749/3158/3768
f 3650/3169/3769 3740/3170/3769 3744/3162/3769 3662/3161/3769
f 3659/3114/3770 3655/3113/3770 3667/3164/3770 3671/3163/3770
f 3656/3118/3771 3652/3117/3771 3664/3166/3771 3668/3165/3771
f 3646/3171/3772 3735/3172/3772 3740/3173/3772 3650/3174/3772
f 3731/3129/3773 3727/3128/3773 3641/3175/3773 3637/3176/3773
f 3728/3133/3774 3724/3132/3774 3644/3177/3774 3640/3178/3774
f 3725/3098/3775 3721/3097/3775 3647/3179/3775 3643/3180/3775
f 3731/3129/3776 3637/3176/3776 3639/3181/3776 3732/3182/3776
f 3732/3182/3777 3639/3181/3777 3638/3109/3777 3730/3108/3777
f 3728/3133/3778 3640/3178/3778 3642/3183/3778 3729/3184/3778
f 3729/3184/3779 3642/3183/3779 3641/3175/3779 3727/3128/3779
f 3725/3098/3780 3643/3180/3780 3645/3185/3780 3726/3186/3780
f 3726/3186/3781 3645/3185/3781 3644/3177/3781 3724/3132/3781
f 3722/3093/3782 3646/3096/3782 3648/3187/3782 3723/3188/3782
f 3723/3188/3783 3648/3187/3783 3647/3179/3783 3721/3097/3783
f 3719/3126/3784 3731/3129/3784 3732/3182/3784 3720/3189/3784
f 3720/3189/3785 3732/3182/3785 3730/3142/3785 3718/3141/3785
f 3716/3130/3786 3728/3133/3786 3729/3184/3786 3717/3190/3786
f 3717/3190/3787 3729/3184/3787 3727/3128/3787 3715/3127/3787
f 3713/3092/3788 3725/3098/3788 3726/3186/3788 3714/3191/3788
f 3714/3191/3789 3726/3186/3789 3724/3132/3789 3712/3131/3789
f 3710/3124/3790 3722/3093/3790 3723/3188/3790 3711/3192/3790
f 3711/3192/3791 3723/3188/3791 3721/3097/3791 3709/3091/3791
f 3707/3136/3792 3719/3126/3792 3720/3189/3792 3708/3193/3792
f 3708/3193/3793 3720/3189/3793 3718/3151/3793 3706/3150/3793
f 3704/3138/3794 3716/3130/3794 3717/3190/3794 3705/3194/3794
f 3705/3194/3795 3717/3190/3795 3715/3127/3795 3703/3137/3795
f 3701/3090/3796 3713/3092/3796 3714/3191/3796 3702/3195/3796
f 3702/3195/3797 3714/3191/3797 3712/3131/3797 3700/3139/3797
f 3698/3134/3798 3710/3124/3798 3711/3192/3798 3699/3196/3798
f 3699/3196/3799 3711/3192/3799 3709/3091/3799 3697/3089/3799
f 3695/3145/3800 3707/3136/3800 3708/3193/3800 3696/3197/3800
f 3696/3197/3801 3708/3193/3801 3706/3160/3801 3694/3159/3801
f 3692/3147/3802 3704/3138/3802 3705/3194/3802 3693/3198/3802
f 3693/3198/3803 3705/3194/3803 3703/3137/3803 3691/3146/3803
f 3689/3088/3804 3701/3090/3804 3702/3195/3804 3690/3199/3804
f 3690/3199/3805 3702/3195/3805 3700/3139/3805 3688/3148/3805
f 3686/3143/3806 3698/3134/3806 3699/3196/3806 3687/3200/3806
f 3687/3200/3807 3699/3196/3807 3697/3089/3807 3685/3087/3807
f 3683/3154/3808 3695/3145/3808 3696/3197/3808 3684/3201/3808
f 3684/3201/3809 3696/3197/3809 3694/3168/3809 3682/3167/3809
f 3680/3156/3810 3692/3147/3810 3693/3198/3810 3681/3202/3810
f 3681/3202/3811 3693/3198/3811 3691/3146/3811 3679/3155/3811
f 3677/3086/3812 3689/3088/3812 3690/3199/3812 3678/3203/3812
f 3678/3203/3813 3690/3199/3813 3688/3148/3813 3676/3157/3813
f 3674/3152/3814 3686/3143/3814 3687/3200/3814 3675/3204/3814
f 3675/3204/3815 3687/3200/3815 3685/3087/3815 3673/3085/3815
f 3671/3163/3816 3683/3154/3816 3684/3201/3816 3672/3205/3816
f 3672/3205/3817 3684/3201/3817 3682/3079/3817 3670/3078/3817
f 3668/3165/3818 3680/3156/3818 3681/3202/3818 3669/3206/3818
f 3669/3206/3819 3681/3202/3819 3679/3155/3819 3667/3164/3819
f 3665/3084/3820 3677/3086/3820 3678/3203/3820 3666/3207/3820
f 3666/3207/3821 3678/3203/3821 3676/3157/3821 3664/3166/3821
f 3662/3161/3822 3674/3152/3822 3675/3204/3822 3663/3208/3822
f 3663/3208/3823 3675/3204/3823 3673/3085/3823 3661/3083/3823
f 3659/3114/3824 3671/3163/3824 3672/3205/3824 3660/3209/3824
f 3660/3209/3825 3672/3205/3825 3670/3123/3825 3658/3122/3825
f 3656/3118/3826 3668/3165/3826 3669/3206/3826 3657/3210/3826
f 3657/3210/3827 3669/3206/3827 3667/3164/3827 3655/3113/3827
f 3653/3081/3828 3665/3084/3828 3666/3207/3828 3654/3211/3828
f 3654/3211/3829 3666/3207/3829 3664/3166/3829 3652/3117/3829
f 3650/3169/3830 3662/3161/3830 3663/3208/3830 3651/3212/3830
f 3651/3212/3831 3663/3208/3831 3661/3083/3831 3649/3082/3831
f 3637/3111/3832 3659/3114/3832 3660/3209/3832 3639/3213/3832
f 3639/3213/3833 3660/3209/3833 3658/3214/3833 3638/3215/3833
f 3640/3115/3834 3656/3118/3834 3657/3210/3834 3642/3216/3834
f 3642/3216/3835 3657/3210/3835 3655/3113/3835 3641/3112/3835
f 3643/3119/3836 3653/3081/3836 3654/3211/3836 3645/3217/3836
f 3645/3217/3837 3654/3211/3837 3652/3117/3837 3644/3116/3837
f 3646/3171/3838 3650/3174/3838 3651/3212/3838 3648/3218/3838
f 3648/3218/3839 3651/3212/3839 3649/3082/3839 3647/3120/3839
f 3733/3219/3840 3738/3220/3840 3742/3221/3840 3746/3222/3840 3750/3223/3840 3754/3224/3840 3758/3225/3840 3762/3226/3840
f 3734/3227/3841 3737/3228/3841 3738/3220/3841 3733/3219/3841
f 3740/3229/3842 3735/3230/3842 3736/3100/3842 3739/3099/3842
f 3737/3228/3843 3741/3231/3843 3742/3221/3843 3738/3220/3843
f 3744/3232/3844 3740/3229/3844 3739/3099/3844 3743/3106/3844
f 3741/3231/3845 3745/3233/3845 3746/3222/3845 3742/3221/3845
f 3748/3234/3846 3744/3232/3846 3743/3106/3846 3747/3105/3846
f 3745/3233/3847 3749/3235/3847 3750/3223/3847 3746/3222/3847
f 3752/3236/3848 3748/3234/3848 3747/3105/3848 3751/3104/3848
f 3749/3235/3849 3753/3237/3849 3754/3224/3849 3750/3223/3849
f 3756/3238/3850 3752/3236/3850 3751/3104/3850 3755/3103/3850
f 3753/3237/3851 3757/3239/3851 3758/3225/3851 3754/3224/3851
f 3760/3240/3852 3756/3238/3852 3755/3103/3852 3759/3102/3852
f 3757/3239/3853 3761/3241/3853 3762/3226/3853 3758/3225/3853
f 3764/3242/3854 3760/3240/3854 3759/3102/3854 3763/3101/3854
f 3761/3241/3855 3734/3227/3855 3733/3219/3855 3762/3226/3855
f 3735/3230/3856 3764/3242/3856 3763/3101/3856 3736/3100/3856
f 3734/3243/3857 3638/3215/3857 3658/3214/3857 3737/3244/3857
o Cylinder.001
v 0.649742 -0.467566 -0.811151
v 0.649742 1.532434 -0.811151
v 0.677825 -0.467566 -0.794938
v 0.677825 1.532434 -0.794938
v 0.677825 -0.467566 -0.762510
v 0.677825 1.532434 -0.762510
v 0.649742 -0.467566 -0.746297
v 0.649742 1.532434 -0.746297
v 0.621659 -0.467566 -0.762510
v 0.621659 1.532434 -0.762510
v 0.621659 -0.467566 -0.794938
v 0.621659 1.532434 -0.794938
vn 0.5000 -0.0000 -0.8660
vn 1.0000 -0.0000 -0.0000
vn 0.5000 -0.0000 0.8660
vn -0.5000 -0.0000 0.8660
vn -0.0000 1.0000 -0.0000
vn -1.0000 -0.0000 -0.0000
vn -0.5000 -0.0000 -0.8660
vn -0.0000 -1.0000 -0.0000
vt 1.000000 0.500000
vt 1.000000 1.000000
vt 0.833333 1.000000
vt 0.833333 0.500000
vt 0.666667 1.000000
vt 0.666667 0.500000
vt 0.500000 1.000000
vt 0.500000 0.500000
vt 0.333333 1.000000
vt 0.333333 0.500000
vt 0.457846 0.370000
vt 0.250000 0.490000
vt 0.042154 0.370000
vt 0.042154 0.130000
vt 0.250000 0.010000
vt 0.457846 0.130000
vt 0.166667 1.000000
vt 0.166667 0.500000
vt -0.000000 1.000000
vt -0.000000 0.500000
vt 0.750000 0.490000
vt 0.957846 0.370000
vt 0.957846 0.130000
vt 0.750000 0.010000
vt 0.542154 0.130000
vt 0.542154 0.370000
s 0
f 3765/3245/3858 3766/3246/3858 3768/3247/3858 3767/3248/3858
f 3767/3248/3859 3768/3247/3859 3770/3249/3859 3769/3250/3859
f 3769/3250/3860 3770/3249/3860 3772/3251/3860 3771/3252/3860
f 3771/3252/3861 3772/3251/3861 3774/3253/3861 3773/3254/3861
f 3768/3255/3862 3766/3256/3862 3776/3257/3862 3774/3258/3862 3772/3259/3862 3770/3260/3862
f 3773/3254/3863 3774/3253/3863 3776/3261/3863 3775/3262/3863
f 3775/3262/3864 3776/3261/3864 3766/3263/3864 3765/3264/3864
f 3765/3265/3865 3767/3266/3865 3769/3267/3865 3771/3268/3865 3773/3269/3865 3775/3270/3865
